task_id,task_name,assignee,status,priority,due_date,created_date,completed_date,department,weekly_snapshot
T-0001,Review review across teams,Nina Patel,Not Started,Medium,2026-05-19,2026-02-17,,HR,Not Started
T-0002,Plan renewal for legal review,Cara Singh,Blocked,Medium,2026-03-04,2026-02-18,,Product,Blocked
T-0003,Negotiate pipeline in EU region,Wendy Lee,In Progress,Critical,2026-03-30,2026-01-28,,Finance,In Progress
T-0004,Refactor audit for Q3,Cara Singh,In Progress,Medium,2026-06-29,2026-04-26,,Product,In Progress
T-0005,Update service annual,Lila Zheng,Done,Medium,2026-05-17,2026-04-08,2026-04-15,Product,Done
T-0006,Migrate workflow follow-up,Carlos Vega,Blocked,Low,2026-02-04,2026-01-09,,Marketing,Blocked
T-0007,Draft pipeline after incident #47,Alex Wang,In Progress,Medium,2026-02-18,2026-01-10,,Engineering,In Progress
T-0008,Validate review wrap-up,Lila Zheng,Not Started,High,2026-05-16,2026-03-11,,Product,Not Started
T-0009,Test framework after incident #47,Jordan West,Blocked,Medium,2026-04-07,2026-01-03,,HR,Blocked
T-0010,Refactor rubric wrap-up,Jordan West,Done,Medium,2026-06-16,2026-04-21,2026-04-30,HR,Done
T-0011,Plan campaign in EU region,Marcus Tate,Blocked,Medium,2026-03-29,2026-02-13,,Sales,Blocked
T-0012,Investigate rollout kickoff,Carlos Vega,In Progress,Medium,2026-04-02,2026-03-19,,Marketing,In Progress
T-0013,Roll out renewal in EU region,Carlos Vega,Not Started,High,2026-07-13,2026-04-27,,Marketing,Not Started
T-0014,Plan checklist Q1,James Liu,In Progress,Critical,2026-02-01,2026-01-04,,Operations,In Progress
T-0015,Investigate training follow-up,Jordan West,In Progress,Medium,2026-06-25,2026-03-23,,HR,In Progress
T-0016,Plan integration across teams,Sasha Mendel,In Progress,Medium,2026-06-07,2026-03-25,,Security,In Progress
T-0017,Refactor dashboard Q1,Lila Zheng,Done,High,2026-06-04,2026-04-08,2026-04-17,Product,Done
T-0018,Draft review kickoff,Erik Andersson,In Progress,High,2026-03-10,2026-01-15,,Sales,In Progress
T-0019,Onboard checklist phase 2,Owen Briggs,Done,Medium,2026-04-18,2026-01-19,2026-04-06,HR,Done
T-0020,Update checklist kickoff,Priya Nair,In Progress,Medium,2026-05-16,2026-02-16,,Engineering,Done
T-0021,Document workflow for legal review,Devon Reyes,Not Started,Medium,2026-06-22,2026-03-24,,Operations,Not Started
T-0022,Update checklist wrap-up,James Liu,Done,Medium,2026-05-24,2026-03-08,2026-03-16,Operations,Done
T-0023,Onboard spec for executive sync,Maya Chen,Done,Medium,2026-02-28,2026-01-28,2026-04-01,Product,Done
T-0024,Refactor integration in EU region,Devon Park,In Progress,Medium,2026-04-10,2026-03-03,,Security,In Progress
T-0025,Implement policy consolidation,Nina Patel,In Progress,High,2026-07-25,2026-04-24,,HR,In Progress
T-0026,Document playbook after incident #47,Jordan West,Not Started,High,2026-03-18,2026-02-24,,HR,Not Started
T-0027,Configure review in EU region,Anita Rao,Not Started,Medium,2026-05-15,2026-04-23,,Finance,Not Started
T-0028,Validate dashboard follow-up,Tara Okonkwo,Blocked,Medium,2026-05-01,2026-03-23,,Operations,In Progress
T-0029,Negotiate renewal kickoff,Jordan West,Not Started,Low,2026-03-26,2026-01-10,,HR,Not Started
T-0030,Onboard training annual,Wendy Lee,In Progress,Medium,2026-06-07,2026-02-26,,Finance,Done
T-0031,Investigate service for partners,Devon Reyes,Blocked,Low,2026-03-09,2026-01-17,,Operations,Blocked
T-0032,Optimize policy across teams,Owen Briggs,In Progress,Low,2026-03-05,2026-01-07,,HR,In Progress
T-0033,Review framework wrap-up,Carlos Vega,Blocked,Medium,2026-04-23,2026-02-26,,Marketing,Blocked
T-0034,Test rollout after incident #47,Sasha Mendel,Blocked,Medium,2026-03-18,2026-03-01,,Security,Blocked
T-0035,Coordinate training v2,Priya Nair,In Progress,Low,2026-06-06,2026-04-29,,Engineering,In Progress
T-0036,Draft report v2,Tara Okonkwo,In Progress,Low,2026-03-23,2026-02-16,,Operations,In Progress
T-0037,Launch rollout v2,James Liu,Blocked,Medium,2026-04-15,2026-01-29,,Operations,In Progress
T-0038,Negotiate playbook consolidation,Priya Nair,Done,Medium,2026-05-22,2026-02-22,2026-03-17,Engineering,Done
T-0039,Plan rubric annual,Jordan Bell,Not Started,Medium,2026-05-07,2026-04-16,,Engineering,Not Started
T-0040,Approve policy in EU region,Sasha Mendel,Not Started,Medium,2026-05-10,2026-02-25,,Security,Not Started
T-0041,Roll out review for new hires,Wendy Lee,Done,Medium,2026-03-13,2026-01-12,2026-04-04,Finance,Done
T-0042,Refactor training for executive sync,Yumi Tanaka,Done,High,2026-07-02,2026-04-02,2026-04-16,Sales,Done
T-0043,Migrate rollout consolidation,Maya Iwata,Done,Low,2026-06-02,2026-04-07,2026-04-20,Marketing,Done
T-0044,Coordinate report for new hires,Sasha Mendel,Done,Low,2026-05-22,2026-03-01,2026-03-29,Security,Done
T-0045,Document campaign across teams,Devon Reyes,Done,Low,2026-03-20,2026-03-03,2026-04-12,Operations,Done
T-0046,Migrate rollout annual,Erik Andersson,In Progress,Low,2026-05-05,2026-03-06,,Sales,In Progress
T-0047,Implement training in EU region,Sasha Mendel,Done,Medium,2026-06-06,2026-03-19,2026-04-29,Security,Done
T-0048,Onboard renewal phase 2,Owen Briggs,In Progress,High,2026-05-27,2026-03-07,,HR,In Progress
T-0049,Launch dashboard wrap-up,Maya Iwata,Not Started,Low,2026-06-24,2026-04-25,,Marketing,Not Started
T-0050,Decommission checklist consolidation,Maya Iwata,In Progress,Low,2026-04-03,2026-01-06,,Marketing,Done
T-0051,Launch service for legal review,Maya Chen,Not Started,Critical,2026-03-13,2026-01-29,,Product,Not Started
T-0052,Review report after incident #47,Sasha Mendel,In Progress,High,2026-05-22,2026-04-26,,Security,In Progress
T-0053,Investigate rubric after incident #47,Nina Patel,In Progress,Low,2026-07-15,2026-05-01,,HR,Not Started
T-0054,Coordinate migration for partners,Owen Briggs,In Progress,Medium,2026-05-08,2026-03-08,,HR,Not Started
T-0055,Test rollout kickoff,Jordan West,In Progress,Medium,2026-05-21,2026-03-16,,HR,In Progress
T-0056,Onboard review for legal review,Marcus Tate,Blocked,Medium,2026-04-08,2026-01-15,,Sales,Blocked
T-0057,Implement review for Q3,Priya Nair,Not Started,Critical,2026-04-14,2026-02-02,,Engineering,Not Started
T-0058,Update migration for Q3,Sasha Mendel,In Progress,High,2026-04-24,2026-02-16,,Security,Done
T-0059,Plan rollout after incident #47,Sasha Mendel,In Progress,Medium,2026-03-15,2026-02-04,,Security,Done
T-0060,Validate service after incident #47,Sasha Mendel,In Progress,Medium,2026-06-25,2026-03-22,,Security,In Progress
T-0061,Validate renewal consolidation,Marcus Tate,Done,Medium,2026-07-11,2026-04-30,2026-05-01,Sales,In Progress
T-0062,Launch campaign for new hires,Marcus Tate,Not Started,Medium,2026-07-05,2026-03-29,,Sales,Not Started
T-0063,Review review wrap-up,Devon Reyes,In Progress,Medium,2026-04-15,2026-02-12,,Operations,Done
T-0064,Roll out migration for legal review,Wendy Lee,In Progress,Medium,2026-04-12,2026-03-14,,Finance,In Progress
T-0065,Audit migration across teams,Maya Iwata,In Progress,Critical,2026-06-21,2026-04-27,,Marketing,In Progress
T-0066,Decommission report for partners,Lila Zheng,Done,Medium,2026-04-15,2026-02-18,2026-04-19,Product,Done
T-0067,Validate audit in EU region,Ben Hartley,Not Started,Low,2026-04-22,2026-02-12,,Product,Not Started
T-0068,Draft rollout in EU region,Yumi Tanaka,In Progress,High,2026-07-28,2026-04-28,,Sales,In Progress
T-0069,Onboard training annual,Nina Patel,In Progress,Low,2026-04-17,2026-01-14,,HR,In Progress
T-0070,Onboard audit for partners,Cara Singh,In Progress,Medium,2026-05-02,2026-03-19,,Product,In Progress
T-0071,Launch renewal after incident #47,Anita Rao,Done,Medium,2026-04-14,2026-02-23,2026-05-02,Finance,Done
T-0072,Audit report for executive sync,Devon Park,Done,High,2026-04-23,2026-02-28,2026-03-24,Security,Blocked
T-0073,Roll out runbook v2,Devon Park,Blocked,Medium,2026-03-10,2026-01-21,,Security,Blocked
T-0074,Migrate migration wrap-up,Marcus Tate,Not Started,Medium,2026-07-08,2026-04-10,,Sales,Not Started
T-0075,Investigate pipeline follow-up,Yumi Tanaka,In Progress,Critical,2026-04-25,2026-03-06,,Sales,In Progress
T-0076,Review training for executive sync,Erik Andersson,Done,High,2026-04-05,2026-01-05,2026-04-19,Sales,Done
T-0077,Implement framework wrap-up,Maya Iwata,Not Started,High,2026-02-14,2026-01-11,,Marketing,Not Started
T-0078,Migrate migration after incident #47,Maya Park,Blocked,Medium,2026-02-11,2026-01-27,,Engineering,In Progress
T-0079,Negotiate service consolidation,Lila Zheng,In Progress,High,2026-03-29,2026-02-25,,Product,In Progress
T-0080,Validate workflow for executive sync,Wendy Lee,Not Started,Medium,2026-05-31,2026-04-15,,Finance,Not Started
T-0081,Decommission rollout v2,Jordan Bell,In Progress,Medium,2026-04-02,2026-01-17,,Engineering,In Progress
T-0082,Audit workflow for new hires,Sasha Mendel,Done,Medium,2026-06-12,2026-04-05,2026-04-22,Security,Done
T-0083,Update pipeline Q1,Devon Park,In Progress,Medium,2026-04-27,2026-02-14,,Security,Done
T-0084,Decommission campaign for new hires,Sasha Mendel,Done,Medium,2026-04-11,2026-01-05,2026-02-25,Security,Blocked
T-0085,Launch rubric for partners,Sam Khoury,Not Started,Medium,2026-03-22,2026-02-05,,Engineering,Not Started
T-0086,Refactor runbook for partners,Maya Park,Blocked,Medium,2026-05-02,2026-03-31,,Engineering,Blocked
T-0087,Configure pipeline after incident #47,Riley Kim,Done,Critical,2026-04-21,2026-02-26,2026-03-20,Marketing,Done
T-0088,Update migration phase 2,Jordan West,Not Started,Low,2026-05-25,2026-03-19,,HR,Not Started
T-0089,Optimize report for new hires,Devon Reyes,In Progress,Medium,2026-05-10,2026-02-14,,Operations,In Progress
T-0090,Launch campaign kickoff,Erik Andersson,Not Started,Medium,2026-04-21,2026-04-02,,Sales,Not Started
T-0091,Negotiate policy follow-up,Priya Nair,Blocked,High,2026-03-04,2026-01-06,,Engineering,Blocked
T-0092,Document runbook for Q3,Anita Rao,Done,Low,2026-04-27,2026-02-05,2026-04-23,Finance,Done
T-0093,Draft rubric for legal review,Devon Reyes,In Progress,Medium,2026-04-17,2026-02-16,,Operations,Not Started
T-0094,Update framework for new hires,Erik Andersson,Done,Low,2026-07-16,2026-04-18,2026-04-23,Sales,Done
T-0095,Implement integration consolidation,Wendy Lee,In Progress,Medium,2026-03-13,2026-01-07,,Finance,In Progress
T-0096,Refactor checklist for legal review,Maya Chen,Not Started,Medium,2026-05-14,2026-04-03,,Product,Not Started
T-0097,Investigate spec in EU region,Cara Singh,Not Started,Medium,2026-04-18,2026-02-22,,Product,Not Started
T-0098,Decommission playbook for legal review,Devon Reyes,In Progress,Medium,2026-04-04,2026-01-25,,Operations,In Progress
T-0099,Onboard spec across teams,James Liu,Not Started,High,2026-06-26,2026-04-29,,Operations,Not Started
T-0100,Onboard review kickoff,Wendy Lee,Done,Medium,2026-02-03,2026-01-05,2026-01-05,Finance,Blocked
T-0101,Configure audit in EU region,Jordan West,Done,High,2026-06-07,2026-03-29,2026-04-23,HR,Done
T-0102,Optimize framework for partners,Yumi Tanaka,Not Started,Low,2026-04-28,2026-04-09,,Sales,Not Started
T-0103,Update checklist for new hires,Jordan West,Not Started,Low,2026-02-16,2026-01-27,,HR,Not Started
T-0104,Update framework consolidation,Nina Patel,Not Started,Medium,2026-04-27,2026-01-26,,HR,Not Started
T-0105,Document playbook after incident #47,Yumi Tanaka,In Progress,High,2026-06-20,2026-04-07,,Sales,In Progress
T-0106,Review workflow consolidation,Wendy Lee,Done,High,2026-05-04,2026-03-22,2026-04-28,Finance,Done
T-0107,Draft training for executive sync,Ben Hartley,Done,Medium,2026-04-08,2026-01-22,2026-04-04,Product,Done
T-0108,Review review kickoff,Devon Reyes,Done,Low,2026-06-26,2026-03-23,2026-04-30,Operations,Done
T-0109,Investigate framework v2,Maya Chen,In Progress,Low,2026-07-06,2026-04-28,,Product,In Progress
T-0110,Migrate dashboard for new hires,Lila Zheng,Not Started,High,2026-07-10,2026-04-03,,Product,Not Started
T-0111,Plan runbook after incident #47,Devon Park,In Progress,Medium,2026-05-03,2026-03-07,,Security,Done
T-0112,Audit policy annual,Maya Park,In Progress,Medium,2026-02-17,2026-01-05,,Engineering,In Progress
T-0113,Launch audit v2,Ben Hartley,In Progress,Medium,2026-05-23,2026-03-04,,Product,In Progress
T-0114,Approve service for legal review,Alex Wang,Done,Medium,2026-05-24,2026-03-14,2026-03-24,Engineering,In Progress
T-0115,Document migration Q1,Carlos Vega,In Progress,Medium,2026-05-30,2026-04-02,,Marketing,In Progress
T-0116,Document runbook for partners,Devon Reyes,Done,Medium,2026-04-29,2026-03-25,2026-04-24,Operations,Done
T-0117,Migrate review in EU region,Sasha Mendel,Blocked,Medium,2026-07-07,2026-04-10,,Security,Blocked
T-0118,Launch framework Q1,Nina Patel,Not Started,Medium,2026-04-21,2026-03-17,,HR,Not Started
T-0119,Decommission policy in EU region,Erik Andersson,Not Started,Medium,2026-07-23,2026-04-18,,Sales,Not Started
T-0120,Draft integration follow-up,Sasha Mendel,Done,Medium,2026-04-05,2026-01-03,2026-04-01,Security,Done
T-0121,Migrate campaign across teams,Owen Briggs,Done,High,2026-04-23,2026-01-22,2026-03-24,HR,Done
T-0122,Launch rubric after incident #47,Yumi Tanaka,In Progress,Medium,2026-03-04,2026-01-21,,Sales,In Progress
T-0123,Onboard rollout wrap-up,Sam Khoury,Done,Medium,2026-05-06,2026-02-15,2026-03-09,Engineering,Done
T-0124,Implement pipeline across teams,Priya Nair,Not Started,High,2026-04-28,2026-03-05,,Engineering,Not Started
T-0125,Document pipeline consolidation,Carlos Vega,In Progress,Medium,2026-03-15,2026-02-22,,Marketing,In Progress
T-0126,Update campaign for new hires,Priya Nair,Done,Medium,2026-06-04,2026-03-15,2026-03-20,Engineering,Done
T-0127,Audit checklist Q1,Sasha Mendel,In Progress,High,2026-02-27,2026-01-03,,Security,In Progress
T-0128,Review workflow consolidation,Devon Park,Not Started,Medium,2026-04-12,2026-02-19,,Security,Not Started
T-0129,Approve report consolidation,Riley Kim,Done,Medium,2026-07-15,2026-04-11,2026-04-18,Marketing,Done
T-0130,Configure audit for Q3,Devon Park,In Progress,Low,2026-05-06,2026-04-14,,Security,In Progress
T-0131,Update audit for legal review,Jordan West,Not Started,Medium,2026-05-08,2026-02-04,,HR,Not Started
T-0132,Configure review for new hires,Wendy Lee,In Progress,Low,2026-04-06,2026-03-09,,Finance,Done
T-0133,Update review v2,Owen Briggs,Done,High,2026-06-15,2026-04-14,2026-04-16,HR,Blocked
T-0134,Negotiate runbook across teams,Jordan West,In Progress,Medium,2026-08-01,2026-04-20,,HR,In Progress
T-0135,Investigate review for legal review,Devon Park,Done,Low,2026-03-01,2026-01-10,2026-04-04,Security,Done
T-0136,Approve rubric for executive sync,Devon Park,Done,High,2026-04-09,2026-03-03,2026-03-21,Security,Done
T-0137,Implement report kickoff,Riley Kim,Not Started,Low,2026-04-02,2026-02-27,,Marketing,Not Started
T-0138,Refactor integration for new hires,Anita Rao,Not Started,High,2026-07-12,2026-03-31,,Finance,Not Started
T-0139,Plan checklist across teams,James Liu,Done,High,2026-06-12,2026-03-25,2026-04-02,Operations,Blocked
T-0140,Review rubric for legal review,Riley Kim,Not Started,Medium,2026-05-15,2026-04-24,,Marketing,Not Started
T-0141,Review integration v2,Erik Andersson,In Progress,Medium,2026-03-05,2026-01-22,,Sales,In Progress
T-0142,Decommission rollout after incident #47,Maya Iwata,In Progress,High,2026-02-21,2026-02-06,,Marketing,In Progress
T-0143,Roll out rubric Q1,Sasha Mendel,Done,Low,2026-06-05,2026-02-27,2026-03-11,Security,Done
T-0144,Launch dashboard wrap-up,Riley Kim,Not Started,Low,2026-02-21,2026-01-20,,Marketing,Not Started
T-0145,Investigate report in EU region,Yumi Tanaka,Done,Medium,2026-04-16,2026-01-12,2026-01-15,Sales,In Progress
T-0146,Approve policy kickoff,Tara Okonkwo,Not Started,Medium,2026-03-25,2026-01-05,,Operations,Not Started
T-0147,Refactor rollout kickoff,Anita Rao,In Progress,Medium,2026-01-23,2026-01-07,,Finance,In Progress
T-0148,Decommission report for legal review,Nina Patel,Blocked,High,2026-05-05,2026-04-12,,HR,Blocked
T-0149,Audit migration for Q3,Devon Park,In Progress,Medium,2026-07-25,2026-04-19,,Security,In Progress
T-0150,Onboard review consolidation,Wendy Lee,Done,High,2026-04-27,2026-02-11,2026-03-14,Finance,Done
T-0151,Review pipeline wrap-up,Devon Park,In Progress,Low,2026-03-01,2026-01-26,,Security,In Progress
T-0152,Migrate framework follow-up,Owen Briggs,In Progress,Medium,2026-07-23,2026-04-16,,HR,Done
T-0153,Negotiate framework for new hires,Maya Iwata,In Progress,Critical,2026-04-30,2026-02-10,,Marketing,In Progress
T-0154,Update runbook kickoff,Cara Singh,In Progress,Low,2026-03-10,2026-02-22,,Product,In Progress
T-0155,Refactor migration v2,Carlos Vega,Done,Medium,2026-05-31,2026-03-30,2026-04-02,Marketing,Done
T-0156,Update audit for partners,Cara Singh,Done,High,2026-07-03,2026-04-26,2026-04-30,Product,Done
T-0157,Configure dashboard follow-up,Lila Zheng,Not Started,High,2026-05-27,2026-03-20,,Product,Not Started
T-0158,Test checklist Q1,Sam Khoury,In Progress,Medium,2026-03-30,2026-01-27,,Engineering,Done
T-0159,Investigate workflow phase 2,Cara Singh,Not Started,Critical,2026-04-21,2026-02-26,,Product,Not Started
T-0160,Negotiate framework annual,Nina Patel,Not Started,Medium,2026-06-27,2026-04-10,,HR,Not Started
T-0161,Plan report for partners,Maya Iwata,Not Started,Medium,2026-04-28,2026-02-02,,Marketing,Not Started
T-0162,Draft review for legal review,Marcus Tate,Done,Medium,2026-04-06,2026-01-24,2026-04-02,Sales,Done
T-0163,Investigate spec for Q3,Devon Park,Not Started,High,2026-04-16,2026-02-01,,Security,Not Started
T-0164,Approve checklist across teams,Devon Park,In Progress,Medium,2026-02-10,2026-01-24,,Security,Done
T-0165,Migrate policy for new hires,Riley Kim,Not Started,High,2026-04-07,2026-01-07,,Marketing,Not Started
T-0166,Draft workflow follow-up,Priya Nair,Not Started,Medium,2026-04-28,2026-01-19,,Engineering,Not Started
T-0167,Onboard integration annual,Cara Singh,Done,Medium,2026-05-22,2026-04-01,2026-04-06,Product,Done
T-0168,Decommission review annual,Anita Rao,Blocked,Medium,2026-05-23,2026-04-21,,Finance,Blocked
T-0169,Draft campaign for legal review,James Liu,Done,High,2026-04-05,2026-02-08,2026-04-20,Operations,In Progress
T-0170,Launch integration phase 2,Erik Andersson,Not Started,High,2026-04-11,2026-02-11,,Sales,Not Started
T-0171,Migrate playbook phase 2,Maya Iwata,In Progress,High,2026-07-28,2026-04-18,,Marketing,In Progress
T-0172,Review rollout across teams,Lila Zheng,Done,Medium,2026-04-18,2026-02-05,2026-04-30,Product,Done
T-0173,Plan rollout in EU region,Devon Reyes,Done,Low,2026-05-07,2026-03-28,2026-04-17,Operations,Done
T-0174,Approve report in EU region,Maya Chen,In Progress,Medium,2026-05-13,2026-04-11,,Product,In Progress
T-0175,Coordinate training for legal review,Tara Okonkwo,Done,Medium,2026-06-15,2026-03-12,2026-03-13,Operations,Done
T-0176,Draft playbook consolidation,Owen Briggs,Not Started,Low,2026-05-01,2026-03-23,,HR,Not Started
T-0177,Optimize audit for new hires,Maya Park,In Progress,High,2026-03-31,2026-01-22,,Engineering,In Progress
T-0178,Test policy in EU region,Anita Rao,In Progress,Medium,2026-03-30,2026-03-09,,Finance,In Progress
T-0179,Audit workflow in EU region,Jordan West,Blocked,Medium,2026-04-29,2026-04-04,,HR,Blocked
T-0180,Validate review for new hires,Wendy Lee,In Progress,Low,2026-03-24,2026-02-17,,Finance,In Progress
T-0181,Validate pipeline for legal review,Alex Wang,In Progress,Medium,2026-05-07,2026-04-15,,Engineering,In Progress
T-0182,Test renewal consolidation,Sam Khoury,Done,Medium,2026-03-29,2026-01-06,2026-03-12,Engineering,Done
T-0183,Onboard integration across teams,Erik Andersson,In Progress,Medium,2026-06-16,2026-03-05,,Sales,Not Started
T-0184,Implement policy wrap-up,Owen Briggs,Done,High,2026-06-02,2026-02-28,2026-03-24,HR,Done
T-0185,Coordinate renewal for Q3,Wendy Lee,In Progress,Medium,2026-04-13,2026-02-16,,Finance,In Progress
T-0186,Validate report kickoff,Cara Singh,In Progress,Medium,2026-07-21,2026-05-01,,Product,In Progress
T-0187,Onboard integration wrap-up,Marcus Tate,Done,Medium,2026-03-19,2026-01-11,2026-04-08,Sales,Done
T-0188,Refactor pipeline for legal review,Maya Iwata,Done,Medium,2026-01-20,2026-01-06,2026-02-01,Marketing,Done
T-0189,Negotiate checklist follow-up,Cara Singh,Not Started,Medium,2026-01-22,2026-01-05,,Product,Not Started
T-0190,Onboard renewal for partners,Lila Zheng,Done,Low,2026-04-17,2026-02-14,2026-04-23,Product,Done
T-0191,Launch spec annual,Maya Iwata,In Progress,High,2026-04-05,2026-01-06,,Marketing,In Progress
T-0192,Negotiate migration annual,Erik Andersson,Not Started,High,2026-04-04,2026-02-08,,Sales,Not Started
T-0193,Validate dashboard for legal review,Devon Park,In Progress,High,2026-04-26,2026-02-10,,Security,Not Started
T-0194,Plan dashboard kickoff,James Liu,Done,Medium,2026-04-06,2026-02-18,2026-03-25,Operations,Done
T-0195,Implement rollout for new hires,Jordan Bell,Done,High,2026-07-02,2026-04-14,2026-04-14,Engineering,In Progress
T-0196,Investigate workflow for new hires,Wendy Lee,Done,Medium,2026-04-22,2026-01-18,2026-02-11,Finance,Done
T-0197,Negotiate rollout annual,Devon Park,Not Started,High,2026-05-08,2026-01-26,,Security,Not Started
T-0198,Optimize rubric Q1,Jordan West,Not Started,Critical,2026-03-14,2026-01-09,,HR,Not Started
T-0199,Document playbook follow-up,Anita Rao,Done,High,2026-05-14,2026-03-04,2026-03-16,Finance,Done
T-0200,Update rubric wrap-up,Ben Hartley,Not Started,Medium,2026-05-16,2026-03-07,,Product,Not Started
T-0201,Document rollout Q1,Jordan West,Done,Low,2026-03-22,2026-01-06,2026-01-06,HR,Blocked
T-0202,Onboard playbook wrap-up,Owen Briggs,In Progress,Medium,2026-06-24,2026-03-16,,HR,Done
T-0203,Configure rubric across teams,Marcus Tate,In Progress,High,2026-03-04,2026-01-23,,Sales,In Progress
T-0204,Decommission training for legal review,Tara Okonkwo,Not Started,Low,2026-06-19,2026-04-08,,Operations,Not Started
T-0205,Decommission campaign after incident #47,Marcus Tate,Done,Medium,2026-02-17,2026-01-29,2026-03-03,Sales,In Progress
T-0206,Onboard report Q1,Priya Nair,Blocked,Low,2026-07-11,2026-04-28,,Engineering,Blocked
T-0207,Audit review for executive sync,Anita Rao,Not Started,Medium,2026-04-06,2026-03-14,,Finance,Not Started
T-0208,Migrate pipeline after incident #47,Devon Reyes,Done,Medium,2026-04-10,2026-02-20,2026-02-21,Operations,Done
T-0209,Negotiate integration in EU region,Maya Iwata,Blocked,Medium,2026-03-22,2026-01-22,,Marketing,Blocked
T-0210,Migrate campaign in EU region,Yumi Tanaka,Done,Medium,2026-06-15,2026-04-25,2026-05-01,Sales,Done
T-0211,Implement integration kickoff,Erik Andersson,In Progress,High,2026-04-10,2026-02-02,,Sales,In Progress
T-0212,Document training for partners,Owen Briggs,In Progress,Low,2026-03-19,2026-01-04,,HR,Done
T-0213,Validate pipeline Q1,Marcus Tate,Done,Medium,2026-07-24,2026-04-15,2026-04-27,Sales,Done
T-0214,Approve rollout follow-up,Tara Okonkwo,Not Started,Medium,2026-06-25,2026-04-01,,Operations,Not Started
T-0215,Coordinate migration wrap-up,Anita Rao,Done,Medium,2026-05-15,2026-04-18,2026-04-23,Finance,Done
T-0216,Onboard spec across teams,Ben Hartley,Done,Low,2026-08-01,2026-05-02,2026-05-02,Product,Done
T-0217,Investigate campaign across teams,Priya Nair,Not Started,Medium,2026-05-18,2026-03-13,,Engineering,Not Started
T-0218,Refactor policy follow-up,Jordan West,Done,High,2026-03-01,2026-01-31,2026-03-06,HR,Done
T-0219,Plan renewal across teams,Tara Okonkwo,Done,Low,2026-06-05,2026-03-31,2026-04-13,Operations,Blocked
T-0220,Optimize spec for new hires,Marcus Tate,Done,Low,2026-05-13,2026-02-08,2026-03-14,Sales,In Progress
T-0221,Refactor service for executive sync,Lila Zheng,In Progress,High,2026-06-12,2026-04-06,,Product,Not Started
T-0222,Configure rubric v2,Sasha Mendel,In Progress,Low,2026-07-16,2026-04-27,,Security,In Progress
T-0223,Configure report after incident #47,Yumi Tanaka,Done,High,2026-06-06,2026-04-19,2026-04-25,Sales,Done
T-0224,Migrate training for partners,Jordan Bell,In Progress,Medium,2026-03-18,2026-02-24,,Engineering,In Progress
T-0225,Update integration follow-up,Cara Singh,In Progress,High,2026-02-11,2026-01-25,,Product,In Progress
T-0226,Document playbook consolidation,Riley Kim,Not Started,Medium,2026-05-21,2026-04-17,,Marketing,Not Started
T-0227,Test review in EU region,Jordan Bell,Done,Medium,2026-04-12,2026-01-24,2026-04-19,Engineering,Blocked
T-0228,Review pipeline phase 2,Ben Hartley,In Progress,Medium,2026-03-29,2026-01-23,,Product,Not Started
T-0229,Refactor integration Q1,Anita Rao,Done,Medium,2026-03-17,2026-02-16,2026-05-02,Finance,Done
T-0230,Refactor report after incident #47,James Liu,Blocked,Low,2026-07-29,2026-04-25,,Operations,Blocked
T-0231,Document workflow across teams,Devon Park,In Progress,Medium,2026-05-30,2026-02-25,,Security,In Progress
T-0232,Draft rubric for new hires,Tara Okonkwo,In Progress,Low,2026-07-05,2026-04-05,,Operations,In Progress
T-0233,Investigate playbook follow-up,James Liu,Not Started,Medium,2026-06-11,2026-03-29,,Operations,Not Started
T-0234,Optimize spec for Q3,Devon Reyes,In Progress,Low,2026-03-23,2026-01-23,,Operations,In Progress
T-0235,Negotiate training for partners,Anita Rao,In Progress,Critical,2026-06-01,2026-02-22,,Finance,In Progress
T-0236,Launch runbook for executive sync,Sasha Mendel,In Progress,Medium,2026-05-14,2026-04-23,,Security,In Progress
T-0237,Migrate renewal consolidation,Wendy Lee,Blocked,Medium,2026-06-02,2026-04-25,,Finance,Blocked
T-0238,Onboard rubric for Q3,Lila Zheng,Not Started,Low,2026-06-07,2026-04-20,,Product,Not Started
T-0239,Onboard runbook in EU region,Erik Andersson,Done,Medium,2026-07-01,2026-04-09,2026-04-18,Sales,Done
T-0240,Review framework wrap-up,Marcus Tate,Done,Medium,2026-02-07,2026-01-24,2026-01-31,Sales,Done
T-0241,Update policy follow-up,Anita Rao,Done,Medium,2026-06-18,2026-04-22,2026-04-24,Finance,Done
T-0242,Validate review annual,Cara Singh,Done,Medium,2026-06-28,2026-04-15,2026-04-29,Product,Done
T-0243,Coordinate runbook for partners,Lila Zheng,In Progress,Medium,2026-02-19,2026-01-18,,Product,Done
T-0244,Refactor playbook v2,Cara Singh,Not Started,High,2026-05-19,2026-04-27,,Product,Not Started
T-0245,Approve review v2,Alex Wang,Not Started,Medium,2026-04-26,2026-02-13,,Engineering,Not Started
T-0246,Roll out rollout for partners,Nina Patel,In Progress,High,2026-03-27,2026-02-07,,HR,In Progress
T-0247,Roll out pipeline for Q3,Wendy Lee,Not Started,High,2026-07-21,2026-04-26,,Finance,Not Started
T-0248,Decommission rubric for new hires,Maya Park,Blocked,Medium,2026-05-31,2026-04-27,,Engineering,Blocked
T-0249,Plan training annual,Anita Rao,Not Started,Medium,2026-04-07,2026-02-06,,Finance,Not Started
T-0250,Validate campaign v2,Marcus Tate,Done,Medium,2026-02-26,2026-01-31,2026-02-02,Sales,Done
T-0251,Launch spec annual,Jordan Bell,Done,Medium,2026-03-29,2026-02-03,2026-04-04,Engineering,In Progress
T-0252,Decommission rollout wrap-up,Anita Rao,In Progress,Medium,2026-06-15,2026-03-28,,Finance,Not Started
T-0253,Refactor training annual,Owen Briggs,Not Started,Medium,2026-06-15,2026-03-18,,HR,Not Started
T-0254,Roll out review for Q3,Tara Okonkwo,In Progress,Medium,2026-04-24,2026-03-19,,Operations,In Progress
T-0255,Plan spec kickoff,Riley Kim,Not Started,Medium,2026-02-18,2026-01-16,,Marketing,Not Started
T-0256,Validate checklist phase 2,Wendy Lee,Blocked,High,2026-05-18,2026-02-17,,Finance,Blocked
T-0257,Migrate migration follow-up,Sasha Mendel,Not Started,Critical,2026-04-03,2026-02-19,,Security,Not Started
T-0258,Launch service for Q3,Wendy Lee,Done,Medium,2026-03-15,2026-02-02,2026-02-24,Finance,Done
T-0259,Draft integration v2,Nina Patel,Not Started,Critical,2026-06-22,2026-03-31,,HR,Not Started
T-0260,Decommission workflow phase 2,Wendy Lee,In Progress,Low,2026-06-02,2026-03-07,,Finance,In Progress
T-0261,Launch spec for partners,Marcus Tate,Done,High,2026-04-10,2026-01-08,2026-01-11,Sales,Done
T-0262,Onboard renewal kickoff,Alex Wang,In Progress,High,2026-04-03,2026-02-19,,Engineering,In Progress
T-0263,Update training annual,Erik Andersson,Not Started,Medium,2026-06-27,2026-04-02,,Sales,Not Started
T-0264,Configure migration phase 2,Sasha Mendel,Not Started,Medium,2026-04-23,2026-03-17,,Security,Not Started
T-0265,Document campaign follow-up,Nina Patel,In Progress,Medium,2026-06-01,2026-04-10,,HR,In Progress
T-0266,Test training for Q3,Priya Nair,Not Started,Medium,2026-03-16,2026-01-30,,Engineering,Not Started
T-0267,Decommission runbook Q1,Carlos Vega,In Progress,Low,2026-05-04,2026-03-25,,Marketing,In Progress
T-0268,Refactor campaign kickoff,Sasha Mendel,Not Started,High,2026-02-10,2026-01-26,,Security,Not Started
T-0269,Negotiate checklist in EU region,Owen Briggs,In Progress,Low,2026-04-08,2026-02-12,,HR,In Progress
T-0270,Review integration for executive sync,Devon Park,Done,Medium,2026-05-29,2026-04-29,2026-05-01,Security,Done
T-0271,Implement spec for executive sync,Devon Park,Done,High,2026-02-02,2026-01-06,2026-03-15,Security,Blocked
T-0272,Launch service for new hires,Owen Briggs,Not Started,Low,2026-06-02,2026-02-22,,HR,Not Started
T-0273,Decommission workflow kickoff,Erik Andersson,Done,Medium,2026-06-17,2026-04-23,2026-05-02,Sales,Done
T-0274,Configure runbook after incident #47,Carlos Vega,In Progress,High,2026-03-23,2026-01-07,,Marketing,In Progress
T-0275,Roll out rollout for partners,Devon Park,Done,Medium,2026-05-09,2026-04-06,2026-04-23,Security,Done
T-0276,Approve rollout for new hires,Yumi Tanaka,Done,Medium,2026-06-04,2026-03-12,2026-04-06,Sales,Done
T-0277,Configure workflow in EU region,Devon Reyes,In Progress,Medium,2026-03-30,2026-01-31,,Operations,In Progress
T-0278,Coordinate rollout wrap-up,Nina Patel,Done,Medium,2026-03-14,2026-01-21,2026-03-08,HR,Done
T-0279,Investigate campaign annual,Yumi Tanaka,In Progress,Medium,2026-04-14,2026-02-24,,Sales,In Progress
T-0280,Plan playbook for Q3,Tara Okonkwo,Done,Medium,2026-02-20,2026-01-15,2026-04-29,Operations,Blocked
T-0281,Migrate rubric follow-up,Marcus Tate,In Progress,Medium,2026-02-10,2026-01-24,,Sales,In Progress
T-0282,Decommission renewal for legal review,Devon Park,In Progress,Low,2026-07-03,2026-03-26,,Security,In Progress
T-0283,Draft audit consolidation,Devon Park,Done,Low,2026-07-02,2026-04-07,2026-04-29,Security,Done
T-0284,Configure review kickoff,Carlos Vega,Done,Medium,2026-04-11,2026-02-23,2026-03-26,Marketing,Done
T-0285,Document campaign for partners,Tara Okonkwo,Done,Low,2026-03-12,2026-01-30,2026-04-11,Operations,Done
T-0286,Refactor policy for Q3,Devon Park,In Progress,High,2026-05-10,2026-04-17,,Security,In Progress
T-0287,Coordinate spec in EU region,Carlos Vega,In Progress,Medium,2026-04-05,2026-02-27,,Marketing,In Progress
T-0288,Migrate rollout for new hires,Sasha Mendel,In Progress,Medium,2026-07-30,2026-04-26,,Security,Not Started
T-0289,Plan campaign for legal review,Wendy Lee,Done,Low,2026-03-13,2026-01-27,2026-03-17,Finance,Done
T-0290,Roll out report for legal review,James Liu,In Progress,Medium,2026-04-03,2026-02-19,,Operations,In Progress
T-0291,Migrate spec for partners,Sasha Mendel,In Progress,Medium,2026-07-16,2026-04-29,,Security,In Progress
T-0292,Migrate workflow consolidation,Maya Chen,Blocked,High,2026-06-14,2026-03-10,,Product,Blocked
T-0293,Onboard service after incident #47,Priya Nair,Done,Medium,2026-04-11,2026-03-23,2026-04-30,Engineering,Done
T-0294,Optimize framework Q1,Maya Park,Done,Critical,2026-04-07,2026-01-09,2026-03-22,Engineering,Done
T-0295,Update rollout Q1,Devon Park,Not Started,Medium,2026-04-29,2026-04-01,,Security,Not Started
T-0296,Audit checklist after incident #47,Lila Zheng,Not Started,Medium,2026-04-16,2026-02-02,,Product,Not Started
T-0297,Migrate renewal kickoff,Sam Khoury,Blocked,Low,2026-05-12,2026-02-12,,Engineering,Blocked
T-0298,Investigate playbook consolidation,Erik Andersson,Done,Medium,2026-06-10,2026-04-11,2026-05-01,Sales,Done
T-0299,Refactor checklist phase 2,Nina Patel,Blocked,High,2026-06-15,2026-04-20,,HR,Blocked
T-0300,Decommission runbook for partners,Jordan Bell,In Progress,Medium,2026-02-11,2026-01-15,,Engineering,In Progress
T-0301,Audit migration annual,Nina Patel,In Progress,Medium,2026-04-26,2026-02-23,,HR,In Progress
T-0302,Document workflow consolidation,Cara Singh,Done,High,2026-04-19,2026-02-21,2026-03-12,Product,Done
T-0303,Negotiate policy Q1,Devon Park,Not Started,Medium,2026-04-02,2026-02-07,,Security,Not Started
T-0304,Roll out dashboard across teams,Sasha Mendel,Done,Medium,2026-05-14,2026-03-23,2026-03-25,Security,Done
T-0305,Document dashboard wrap-up,Maya Iwata,Blocked,High,2026-06-12,2026-03-05,,Marketing,In Progress
T-0306,Plan workflow Q1,Sasha Mendel,Not Started,Medium,2026-06-26,2026-04-06,,Security,Not Started
T-0307,Implement campaign across teams,Riley Kim,In Progress,Medium,2026-02-21,2026-01-22,,Marketing,In Progress
T-0308,Negotiate framework Q1,Jordan Bell,Not Started,Low,2026-04-09,2026-01-05,,Engineering,Not Started
T-0309,Configure integration annual,Devon Reyes,Done,Critical,2026-05-04,2026-01-25,2026-02-24,Operations,Done
T-0310,Migrate migration follow-up,Devon Reyes,In Progress,Medium,2026-03-27,2026-01-13,,Operations,In Progress
T-0311,Launch playbook in EU region,Owen Briggs,In Progress,Low,2026-04-24,2026-02-09,,HR,In Progress
T-0312,Coordinate training across teams,Maya Chen,Not Started,Medium,2026-04-17,2026-03-18,,Product,Not Started
T-0313,Draft framework for new hires,Jordan West,Done,Medium,2026-07-21,2026-04-28,2026-04-30,HR,Done
T-0314,Coordinate rollout annual,Nina Patel,Not Started,Medium,2026-02-17,2026-01-31,,HR,Not Started
T-0315,Optimize audit in EU region,Marcus Tate,In Progress,High,2026-04-11,2026-03-03,,Sales,In Progress
T-0316,Document rubric after incident #47,Yumi Tanaka,Done,Low,2026-06-04,2026-02-28,2026-04-30,Sales,Done
T-0317,Test pipeline kickoff,Ben Hartley,Blocked,Medium,2026-04-16,2026-03-27,,Product,Blocked
T-0318,Validate migration kickoff,Tara Okonkwo,Done,Low,2026-05-04,2026-04-08,2026-04-09,Operations,Done
T-0319,Approve dashboard across teams,Erik Andersson,Done,Medium,2026-05-11,2026-03-10,2026-03-30,Sales,Done
T-0320,Refactor integration for Q3,Yumi Tanaka,Not Started,High,2026-06-25,2026-04-22,,Sales,Not Started
T-0321,Draft service phase 2,Maya Chen,Blocked,Low,2026-03-20,2026-02-06,,Product,In Progress
T-0322,Draft runbook kickoff,Nina Patel,In Progress,Medium,2026-05-19,2026-02-25,,HR,Not Started
T-0323,Onboard service for Q3,Maya Park,Blocked,Medium,2026-06-24,2026-04-15,,Engineering,Blocked
T-0324,Optimize training in EU region,Devon Park,Done,Medium,2026-05-18,2026-02-27,2026-04-25,Security,Done
T-0325,Audit runbook across teams,James Liu,Done,High,2026-04-13,2026-02-26,2026-04-30,Operations,Done
T-0326,Approve policy phase 2,Erik Andersson,In Progress,Medium,2026-06-02,2026-02-26,,Sales,In Progress
T-0327,Configure campaign v2,Devon Park,In Progress,High,2026-05-26,2026-04-08,,Security,Not Started
T-0328,Optimize renewal wrap-up,Sasha Mendel,In Progress,Medium,2026-04-04,2026-02-16,,Security,Done
T-0329,Refactor framework for partners,Alex Wang,Done,Medium,2026-05-15,2026-04-03,2026-05-01,Engineering,Done
T-0330,Migrate integration for Q3,Devon Park,In Progress,Medium,2026-07-13,2026-04-17,,Security,In Progress
T-0331,Document integration kickoff,Riley Kim,In Progress,Medium,2026-05-09,2026-03-31,,Marketing,In Progress
T-0332,Negotiate rollout after incident #47,Owen Briggs,Not Started,Critical,2026-04-17,2026-01-19,,HR,Not Started
T-0333,Plan campaign for partners,Owen Briggs,In Progress,Low,2026-07-05,2026-04-30,,HR,In Progress
T-0334,Document review for partners,James Liu,Done,Medium,2026-05-17,2026-04-20,2026-04-27,Operations,Done
T-0335,Review integration phase 2,Carlos Vega,Not Started,Medium,2026-07-10,2026-04-14,,Marketing,Not Started
T-0336,Onboard workflow kickoff,Maya Iwata,Not Started,Medium,2026-03-09,2026-02-10,,Marketing,Not Started
T-0337,Decommission service consolidation,Wendy Lee,Done,Medium,2026-04-27,2026-01-16,2026-02-15,Finance,Done
T-0338,Approve audit for new hires,Jordan West,Not Started,High,2026-06-29,2026-03-30,,HR,Not Started
T-0339,Migrate spec wrap-up,Wendy Lee,Not Started,Medium,2026-04-14,2026-03-25,,Finance,Not Started
T-0340,Decommission runbook consolidation,Carlos Vega,Done,Medium,2026-02-28,2026-01-21,2026-03-03,Marketing,Done
T-0341,Onboard audit for executive sync,Sasha Mendel,In Progress,Medium,2026-06-07,2026-04-21,,Security,In Progress
T-0342,Coordinate training phase 2,Owen Briggs,Not Started,Medium,2026-03-03,2026-01-04,,HR,Not Started
T-0343,Validate rubric annual,Maya Park,Done,Medium,2026-04-04,2026-01-13,2026-02-05,Engineering,Done
T-0344,Coordinate training phase 2,Ben Hartley,In Progress,Medium,2026-05-02,2026-02-04,,Product,In Progress
T-0345,Audit spec consolidation,Riley Kim,Blocked,Low,2026-04-30,2026-02-08,,Marketing,Blocked
T-0346,Approve rollout follow-up,Sam Khoury,Done,Medium,2026-06-13,2026-03-06,2026-03-24,Engineering,Done
T-0347,Negotiate runbook for partners,Nina Patel,In Progress,High,2026-06-27,2026-03-17,,HR,In Progress
T-0348,Optimize checklist wrap-up,Lila Zheng,Done,Medium,2026-02-05,2026-01-15,2026-01-25,Product,Done
T-0349,Investigate policy wrap-up,Nina Patel,Done,Medium,2026-06-09,2026-04-08,2026-04-08,HR,In Progress
T-0350,Negotiate rubric phase 2,Riley Kim,Not Started,High,2026-03-28,2026-03-04,,Marketing,Not Started
T-0351,Validate pipeline after incident #47,Devon Park,Not Started,Low,2026-02-10,2026-01-05,,Security,Not Started
T-0352,Refactor rollout for partners,Devon Park,Not Started,High,2026-03-23,2026-02-16,,Security,Not Started
T-0353,Launch playbook phase 2,Marcus Tate,Not Started,Medium,2026-05-31,2026-03-12,,Sales,Not Started
T-0354,Launch spec after incident #47,Owen Briggs,Not Started,Medium,2026-03-11,2026-02-03,,HR,Not Started
T-0355,Configure campaign in EU region,Wendy Lee,Not Started,Medium,2026-04-06,2026-02-11,,Finance,Not Started
T-0356,Optimize review follow-up,Anita Rao,Done,Medium,2026-07-26,2026-04-18,2026-04-30,Finance,Done
T-0357,Decommission campaign for new hires,Jordan West,Done,High,2026-05-03,2026-03-05,2026-04-03,HR,Done
T-0358,Investigate campaign follow-up,Marcus Tate,Done,Medium,2026-06-16,2026-04-06,2026-04-20,Sales,Done
T-0359,Configure rubric for legal review,Wendy Lee,Done,High,2026-07-28,2026-04-24,2026-04-29,Finance,In Progress
T-0360,Test dashboard v2,Owen Briggs,In Progress,Medium,2026-04-03,2026-01-04,,HR,In Progress
T-0361,Negotiate service phase 2,Devon Reyes,Done,Medium,2026-04-20,2026-03-04,2026-03-26,Operations,Done
T-0362,Roll out spec annual,Alex Wang,In Progress,High,2026-03-02,2026-01-05,,Engineering,In Progress
T-0363,Plan workflow across teams,Devon Park,Done,Critical,2026-05-20,2026-04-29,2026-04-30,Security,Done
T-0364,Negotiate migration for executive sync,Marcus Tate,Done,High,2026-05-26,2026-04-14,2026-04-28,Sales,In Progress
T-0365,Negotiate policy for legal review,Tara Okonkwo,In Progress,High,2026-06-03,2026-03-12,,Operations,In Progress
T-0366,Migrate review for legal review,Devon Park,Not Started,Medium,2026-04-30,2026-03-12,,Security,Not Started
T-0367,Coordinate report follow-up,Lila Zheng,Not Started,Low,2026-05-25,2026-03-11,,Product,Not Started
T-0368,Implement spec in EU region,Priya Nair,Not Started,High,2026-04-09,2026-01-21,,Engineering,Not Started
T-0369,Draft checklist after incident #47,Priya Nair,In Progress,Medium,2026-06-13,2026-03-23,,Engineering,In Progress
T-0370,Refactor policy Q1,Maya Iwata,In Progress,Medium,2026-04-22,2026-02-11,,Marketing,In Progress
T-0371,Negotiate spec kickoff,Devon Park,Done,Medium,2026-03-30,2026-02-25,2026-04-02,Security,Blocked
T-0372,Validate service Q1,Wendy Lee,Not Started,Medium,2026-05-10,2026-04-07,,Finance,Not Started
T-0373,Launch migration across teams,Jordan West,In Progress,Medium,2026-05-17,2026-04-10,,HR,In Progress
T-0374,Draft rollout annual,Sam Khoury,Done,Low,2026-04-21,2026-03-12,2026-03-23,Engineering,Done
T-0375,Onboard dashboard across teams,Cara Singh,Not Started,Medium,2026-04-29,2026-04-06,,Product,Not Started
T-0376,Update policy follow-up,Anita Rao,Done,High,2026-05-08,2026-04-19,2026-04-27,Finance,In Progress
T-0377,Migrate spec for executive sync,Sasha Mendel,Done,Medium,2026-04-21,2026-02-07,2026-04-21,Security,Done
T-0378,Optimize audit for Q3,Cara Singh,In Progress,Medium,2026-03-20,2026-01-04,,Product,Done
T-0379,Validate integration for legal review,Anita Rao,Done,Medium,2026-03-29,2026-01-11,2026-05-02,Finance,Done
T-0380,Optimize renewal in EU region,Tara Okonkwo,In Progress,Medium,2026-02-15,2026-01-14,,Operations,In Progress
T-0381,Optimize report kickoff,Maya Chen,Done,High,2026-03-14,2026-01-23,2026-02-07,Product,Done
T-0382,Document spec v2,Maya Iwata,Done,Medium,2026-05-22,2026-04-07,2026-04-30,Marketing,Done
T-0383,Update campaign phase 2,Jordan West,Not Started,Medium,2026-04-25,2026-02-02,,HR,Not Started
T-0384,Coordinate integration for Q3,James Liu,Done,Medium,2026-04-22,2026-01-10,2026-03-07,Operations,In Progress
T-0385,Configure integration wrap-up,Marcus Tate,Done,Medium,2026-04-16,2026-02-14,2026-04-29,Sales,Done
T-0386,Optimize policy for legal review,Jordan West,In Progress,Medium,2026-07-25,2026-04-27,,HR,In Progress
T-0387,Implement service v2,Devon Park,In Progress,Medium,2026-04-08,2026-02-07,,Security,Not Started
T-0388,Test runbook for Q3,Marcus Tate,Blocked,Medium,2026-04-23,2026-01-31,,Sales,In Progress
T-0389,Negotiate audit for Q3,Jordan West,In Progress,High,2026-06-17,2026-03-10,,HR,In Progress
T-0390,Investigate rollout for legal review,Tara Okonkwo,Done,Critical,2026-03-25,2026-01-21,2026-02-03,Operations,Blocked
T-0391,Validate workflow follow-up,Yumi Tanaka,Done,Medium,2026-05-05,2026-01-28,2026-02-22,Sales,Done
T-0392,Implement runbook for partners,Yumi Tanaka,Done,Medium,2026-05-27,2026-04-15,2026-04-29,Sales,Done
T-0393,Launch rubric wrap-up,Anita Rao,In Progress,High,2026-03-26,2026-02-15,,Finance,In Progress
T-0394,Refactor report consolidation,Yumi Tanaka,Done,Medium,2026-05-25,2026-02-23,2026-04-18,Sales,Done
T-0395,Draft runbook for Q3,Priya Nair,Done,Medium,2026-03-05,2026-01-23,2026-02-25,Engineering,Done
T-0396,Configure renewal across teams,Riley Kim,In Progress,Medium,2026-02-04,2026-01-20,,Marketing,In Progress
T-0397,Coordinate audit Q1,Wendy Lee,In Progress,Medium,2026-04-21,2026-03-16,,Finance,In Progress
T-0398,Negotiate playbook for new hires,Marcus Tate,Done,Low,2026-03-03,2026-02-03,2026-03-20,Sales,Done
T-0399,Decommission campaign consolidation,Anita Rao,In Progress,Low,2026-02-23,2026-01-23,,Finance,In Progress
T-0400,Audit review kickoff,Carlos Vega,In Progress,Medium,2026-04-02,2026-02-07,,Marketing,In Progress
T-0401,Coordinate rollout for new hires,Devon Park,In Progress,Medium,2026-07-03,2026-04-04,,Security,Done
T-0402,Document rollout across teams,Wendy Lee,In Progress,High,2026-06-19,2026-03-24,,Finance,In Progress
T-0403,Approve rubric for legal review,Wendy Lee,In Progress,Low,2026-04-10,2026-03-18,,Finance,In Progress
T-0404,Validate dashboard consolidation,Ben Hartley,Done,Medium,2026-02-12,2026-01-08,2026-02-28,Product,Done
T-0405,Audit integration consolidation,Cara Singh,Not Started,Medium,2026-06-14,2026-03-08,,Product,Not Started
T-0406,Test dashboard for new hires,Lila Zheng,Done,Medium,2026-04-03,2026-01-08,2026-03-07,Product,Blocked
T-0407,Refactor runbook after incident #47,Tara Okonkwo,Blocked,Low,2026-05-16,2026-03-28,,Operations,Blocked
T-0408,Investigate spec annual,Lila Zheng,In Progress,Medium,2026-04-08,2026-02-20,,Product,In Progress
T-0409,Document report phase 2,Erik Andersson,In Progress,Low,2026-07-26,2026-04-27,,Sales,In Progress
T-0410,Refactor rubric for legal review,Alex Wang,In Progress,Medium,2026-07-10,2026-04-11,,Engineering,In Progress
T-0411,Optimize runbook v2,Sasha Mendel,In Progress,Medium,2026-04-17,2026-03-03,,Security,In Progress
T-0412,Audit training v2,Wendy Lee,Not Started,Medium,2026-04-01,2026-02-02,,Finance,Not Started
T-0413,Document pipeline after incident #47,Jordan West,In Progress,Medium,2026-05-20,2026-02-18,,HR,In Progress
T-0414,Update training phase 2,Maya Park,Not Started,Low,2026-02-17,2026-01-29,,Engineering,Not Started
T-0415,Draft audit Q1,Wendy Lee,Done,Medium,2026-05-11,2026-04-27,2026-05-01,Finance,Done
T-0416,Validate dashboard kickoff,Marcus Tate,Done,Medium,2026-04-28,2026-03-08,2026-04-26,Sales,Done
T-0417,Update rubric Q1,Tara Okonkwo,Done,Medium,2026-05-22,2026-05-02,2026-05-02,Operations,Done
T-0418,Onboard framework for partners,Jordan Bell,Not Started,Medium,2026-05-15,2026-02-04,,Engineering,Not Started
T-0419,Refactor pipeline for executive sync,Owen Briggs,Not Started,High,2026-06-25,2026-04-02,,HR,Not Started
T-0420,Migrate runbook kickoff,Devon Park,In Progress,High,2026-04-28,2026-02-17,,Security,In Progress
T-0421,Validate audit in EU region,Maya Park,Done,Medium,2026-04-26,2026-01-15,2026-01-16,Engineering,Done
T-0422,Refactor workflow annual,Anita Rao,Not Started,High,2026-02-11,2026-01-18,,Finance,Not Started
T-0423,Approve service for legal review,Jordan Bell,Done,Low,2026-04-13,2026-03-17,2026-04-05,Engineering,Done
T-0424,Approve checklist for partners,James Liu,Not Started,Low,2026-04-08,2026-03-07,,Operations,Not Started
T-0425,Test audit Q1,Lila Zheng,Done,Medium,2026-05-16,2026-02-06,2026-04-29,Product,In Progress
T-0426,Investigate workflow across teams,Cara Singh,Done,Medium,2026-02-27,2026-01-26,2026-02-20,Product,In Progress
T-0427,Implement report across teams,Riley Kim,Done,Low,2026-05-04,2026-03-08,2026-04-06,Marketing,Blocked
T-0428,Configure service in EU region,Jordan West,Done,Critical,2026-05-12,2026-04-14,2026-04-30,HR,Done
T-0429,Approve framework annual,Sam Khoury,Not Started,Medium,2026-04-10,2026-03-06,,Engineering,Not Started
T-0430,Implement framework after incident #47,Ben Hartley,Done,Medium,2026-04-02,2026-03-03,2026-03-31,Product,Done
T-0431,Roll out pipeline Q1,Anita Rao,Done,Low,2026-03-26,2026-02-07,2026-04-06,Finance,Done
T-0432,Configure review follow-up,Jordan West,Done,Medium,2026-04-20,2026-02-05,2026-04-30,HR,Done
T-0433,Test training for executive sync,Jordan West,Done,Medium,2026-05-20,2026-02-17,2026-03-30,HR,Done
T-0434,Investigate dashboard consolidation,Riley Kim,In Progress,Medium,2026-03-31,2026-01-06,,Marketing,In Progress
T-0435,Decommission playbook for legal review,Wendy Lee,In Progress,Low,2026-03-27,2026-03-13,,Finance,In Progress
T-0436,Implement rollout for Q3,Priya Nair,Not Started,High,2026-05-29,2026-04-17,,Engineering,Not Started
T-0437,Launch report across teams,Maya Park,Blocked,High,2026-01-27,2026-01-04,,Engineering,Blocked
T-0438,Coordinate dashboard after incident #47,Yumi Tanaka,Not Started,Medium,2026-03-03,2026-02-17,,Sales,Not Started
T-0439,Plan campaign Q1,James Liu,Blocked,Medium,2026-04-28,2026-03-19,,Operations,Blocked
T-0440,Review framework annual,Jordan West,Blocked,Medium,2026-02-11,2026-01-25,,HR,Blocked
T-0441,Migrate framework after incident #47,Carlos Vega,Done,High,2026-02-20,2026-01-29,2026-02-02,Marketing,Done
T-0442,Plan service for partners,Wendy Lee,Blocked,High,2026-04-01,2026-01-15,,Finance,In Progress
T-0443,Optimize rollout kickoff,Wendy Lee,Blocked,Medium,2026-03-10,2026-01-26,,Finance,In Progress
T-0444,Review report for new hires,Wendy Lee,In Progress,High,2026-06-05,2026-04-06,,Finance,In Progress
T-0445,Plan training v2,Alex Wang,Blocked,Medium,2026-03-19,2026-02-04,,Engineering,Blocked
T-0446,Plan checklist for Q3,Anita Rao,Done,High,2026-03-08,2026-01-11,2026-04-09,Finance,In Progress
T-0447,Document playbook consolidation,Devon Park,Not Started,Low,2026-04-09,2026-03-20,,Security,Not Started
T-0448,Migrate report for legal review,Alex Wang,Not Started,Medium,2026-02-07,2026-01-03,,Engineering,Not Started
T-0449,Coordinate training in EU region,Maya Chen,In Progress,Medium,2026-03-01,2026-01-31,,Product,In Progress
T-0450,Decommission rubric after incident #47,Ben Hartley,In Progress,Medium,2026-04-08,2026-02-16,,Product,In Progress
T-0451,Onboard workflow annual,Jordan West,Done,High,2026-04-05,2026-01-08,2026-03-14,HR,Done
T-0452,Test rubric in EU region,Yumi Tanaka,Done,High,2026-06-18,2026-03-21,2026-03-22,Sales,Done
T-0453,Onboard dashboard kickoff,Devon Park,In Progress,Medium,2026-03-09,2026-01-06,,Security,In Progress
T-0454,Review audit consolidation,Marcus Tate,Blocked,Low,2026-05-24,2026-02-25,,Sales,Blocked
T-0455,Investigate checklist phase 2,Riley Kim,In Progress,Medium,2026-06-05,2026-02-27,,Marketing,In Progress
T-0456,Validate rubric kickoff,James Liu,Done,Medium,2026-06-09,2026-03-10,2026-04-19,Operations,Done
T-0457,Onboard dashboard across teams,Erik Andersson,Done,Low,2026-07-01,2026-04-27,2026-04-30,Sales,Done
T-0458,Refactor runbook in EU region,Tara Okonkwo,Not Started,High,2026-05-22,2026-02-18,,Operations,Not Started
T-0459,Onboard spec for executive sync,Carlos Vega,Not Started,Low,2026-03-25,2026-01-05,,Marketing,Not Started
T-0460,Optimize policy wrap-up,Marcus Tate,In Progress,Low,2026-04-20,2026-04-05,,Sales,Done
T-0461,Onboard service for Q3,Lila Zheng,In Progress,High,2026-06-20,2026-03-20,,Product,In Progress
T-0462,Onboard checklist kickoff,Nina Patel,Not Started,Low,2026-01-26,2026-01-09,,HR,Not Started
T-0463,Decommission rollout across teams,James Liu,Blocked,Critical,2026-04-11,2026-02-07,,Operations,Blocked
T-0464,Validate workflow in EU region,Anita Rao,In Progress,Critical,2026-04-28,2026-04-06,,Finance,In Progress
T-0465,Configure playbook annual,Sasha Mendel,Done,Medium,2026-05-07,2026-04-13,2026-04-17,Security,Done
T-0466,Coordinate rubric Q1,Devon Reyes,Not Started,High,2026-06-13,2026-04-08,,Operations,Not Started
T-0467,Validate pipeline kickoff,Maya Iwata,Not Started,Low,2026-02-14,2026-01-24,,Marketing,Not Started
T-0468,Configure policy for new hires,Tara Okonkwo,Done,Medium,2026-04-13,2026-02-18,2026-04-25,Operations,Done
T-0469,Test review for new hires,Devon Park,Not Started,Medium,2026-04-29,2026-04-15,,Security,Not Started
T-0470,Validate renewal after incident #47,Jordan Bell,Not Started,Medium,2026-07-04,2026-04-10,,Engineering,Not Started
T-0471,Draft rubric for legal review,Anita Rao,Done,Medium,2026-05-15,2026-04-24,2026-04-25,Finance,Done
T-0472,Audit rubric v2,Maya Chen,Not Started,Critical,2026-04-19,2026-03-10,,Product,Not Started
T-0473,Document playbook after incident #47,Sasha Mendel,In Progress,Medium,2026-04-25,2026-02-22,,Security,In Progress
T-0474,Audit report wrap-up,Tara Okonkwo,Done,Medium,2026-04-10,2026-01-30,2026-02-01,Operations,In Progress
T-0475,Draft rubric for executive sync,Jordan Bell,Not Started,Medium,2026-04-21,2026-04-04,,Engineering,Not Started
T-0476,Configure spec after incident #47,Riley Kim,In Progress,Medium,2026-03-17,2026-01-14,,Marketing,In Progress
T-0477,Launch policy phase 2,Cara Singh,Done,Medium,2026-04-02,2026-02-06,2026-03-23,Product,Blocked
T-0478,Plan rollout wrap-up,Nina Patel,Not Started,High,2026-02-23,2026-01-29,,HR,Not Started
T-0479,Audit policy annual,Devon Reyes,Done,Low,2026-05-13,2026-02-27,2026-03-10,Operations,Done
T-0480,Document campaign for Q3,Tara Okonkwo,In Progress,Medium,2026-06-29,2026-04-19,,Operations,Done
T-0481,Draft training kickoff,Maya Iwata,Done,High,2026-03-01,2026-01-20,2026-02-07,Marketing,Done
T-0482,Launch campaign for legal review,Ben Hartley,Not Started,High,2026-03-28,2026-02-08,,Product,Not Started
T-0483,Plan review for legal review,Carlos Vega,Done,High,2026-07-15,2026-04-26,2026-04-28,Marketing,Done
T-0484,Roll out dashboard consolidation,Owen Briggs,In Progress,Low,2026-03-12,2026-01-15,,HR,Done
T-0485,Plan checklist in EU region,Sam Khoury,Done,Medium,2026-02-17,2026-01-05,2026-04-22,Engineering,Done
T-0486,Configure service v2,Erik Andersson,In Progress,High,2026-06-07,2026-02-27,,Sales,In Progress
T-0487,Optimize migration for executive sync,Carlos Vega,In Progress,High,2026-04-13,2026-01-10,,Marketing,In Progress
T-0488,Roll out review consolidation,Devon Park,Done,Medium,2026-04-02,2026-02-23,2026-04-11,Security,Done
T-0489,Coordinate migration follow-up,Yumi Tanaka,Done,Medium,2026-03-10,2026-02-23,2026-04-22,Sales,Done
T-0490,Validate pipeline across teams,Jordan West,Not Started,Medium,2026-06-20,2026-05-01,,HR,Not Started
T-0491,Refactor migration phase 2,Wendy Lee,Done,Medium,2026-06-21,2026-03-25,2026-04-02,Finance,Done
T-0492,Onboard dashboard Q1,Sasha Mendel,Not Started,Low,2026-06-10,2026-04-15,,Security,Not Started
T-0493,Validate renewal after incident #47,Owen Briggs,In Progress,Medium,2026-06-12,2026-04-17,,HR,Done
T-0494,Optimize playbook after incident #47,Anita Rao,In Progress,Medium,2026-06-21,2026-05-02,,Finance,In Progress
T-0495,Configure framework for legal review,Maya Chen,Done,Low,2026-04-13,2026-02-18,2026-03-13,Product,Done
T-0496,Roll out report follow-up,Devon Park,Blocked,Medium,2026-07-15,2026-04-26,,Security,Blocked
T-0497,Roll out checklist after incident #47,Marcus Tate,Done,High,2026-03-02,2026-01-12,2026-01-29,Sales,In Progress
T-0498,Test migration kickoff,Erik Andersson,Done,Medium,2026-03-20,2026-02-15,2026-04-25,Sales,Done
T-0499,Roll out report wrap-up,Riley Kim,Done,Medium,2026-03-17,2026-01-26,2026-03-20,Marketing,Done
T-0500,Plan renewal kickoff,Wendy Lee,In Progress,Medium,2026-04-03,2026-02-08,,Finance,In Progress
T-0501,Decommission service v2,Devon Park,In Progress,Medium,2026-03-31,2026-02-24,,Security,Done
T-0502,Test checklist for new hires,Maya Iwata,Done,Critical,2026-06-18,2026-04-02,2026-04-21,Marketing,Done
T-0503,Decommission checklist kickoff,Devon Reyes,Not Started,Low,2026-07-16,2026-04-10,,Operations,Not Started
T-0504,Investigate rubric wrap-up,Wendy Lee,Blocked,Low,2026-04-05,2026-02-19,,Finance,Blocked
T-0505,Refactor runbook for legal review,Priya Nair,Done,Medium,2026-05-26,2026-04-12,2026-04-21,Engineering,Blocked
T-0506,Onboard review in EU region,Carlos Vega,Done,High,2026-04-14,2026-02-12,2026-03-27,Marketing,Done
T-0507,Negotiate dashboard phase 2,Nina Patel,Not Started,High,2026-07-03,2026-04-29,,HR,Not Started
T-0508,Decommission dashboard for new hires,Devon Park,Not Started,High,2026-06-11,2026-03-27,,Security,Not Started
T-0509,Decommission rollout for new hires,Priya Nair,Done,Medium,2026-06-20,2026-03-22,2026-04-10,Engineering,Done
T-0510,Investigate spec for executive sync,Sasha Mendel,In Progress,Low,2026-05-26,2026-03-17,,Security,In Progress
T-0511,Investigate runbook wrap-up,Jordan West,Done,Medium,2026-06-04,2026-03-25,2026-03-26,HR,Done
T-0512,Update rubric wrap-up,Jordan Bell,Done,High,2026-04-08,2026-01-16,2026-02-16,Engineering,Done
T-0513,Refactor review v2,Yumi Tanaka,Done,Medium,2026-04-26,2026-03-22,2026-03-31,Sales,Done
T-0514,Document rollout for legal review,Maya Park,In Progress,Medium,2026-04-03,2026-01-24,,Engineering,Not Started
T-0515,Coordinate rubric follow-up,Maya Park,Not Started,Medium,2026-02-05,2026-01-14,,Engineering,Not Started
T-0516,Coordinate campaign for legal review,Marcus Tate,In Progress,High,2026-05-17,2026-02-06,,Sales,In Progress
T-0517,Configure framework kickoff,Riley Kim,Not Started,Medium,2026-04-23,2026-02-09,,Marketing,Not Started
T-0518,Refactor workflow for legal review,Priya Nair,Done,Medium,2026-07-24,2026-04-19,2026-04-25,Engineering,Done
T-0519,Approve audit in EU region,Cara Singh,Not Started,High,2026-07-15,2026-04-22,,Product,Not Started
T-0520,Launch training after incident #47,Ben Hartley,Not Started,High,2026-03-13,2026-01-09,,Product,Not Started
T-0521,Review review wrap-up,Carlos Vega,Blocked,Low,2026-06-13,2026-03-31,,Marketing,Blocked
T-0522,Document rollout for new hires,Owen Briggs,In Progress,Low,2026-07-07,2026-04-07,,HR,In Progress
T-0523,Coordinate rubric for executive sync,Maya Park,Not Started,Low,2026-06-03,2026-03-26,,Engineering,Not Started
T-0524,Negotiate training follow-up,Anita Rao,In Progress,Low,2026-04-19,2026-03-20,,Finance,In Progress
T-0525,Implement rollout consolidation,Maya Iwata,Not Started,Low,2026-05-27,2026-03-17,,Marketing,Not Started
T-0526,Investigate rollout in EU region,Maya Chen,In Progress,Medium,2026-03-19,2026-01-24,,Product,In Progress
T-0527,Negotiate review across teams,Wendy Lee,Done,Medium,2026-05-21,2026-02-09,2026-03-26,Finance,Done
T-0528,Migrate integration for legal review,James Liu,Not Started,Medium,2026-02-16,2026-01-20,,Operations,Not Started
T-0529,Approve review after incident #47,Marcus Tate,Blocked,Medium,2026-05-13,2026-04-10,,Sales,In Progress
T-0530,Test rollout v2,Maya Iwata,Done,Medium,2026-07-03,2026-04-18,2026-04-20,Marketing,Done
T-0531,Draft review after incident #47,Jordan Bell,Done,Medium,2026-05-06,2026-04-01,2026-04-03,Engineering,Done
T-0532,Coordinate report for executive sync,Yumi Tanaka,Not Started,High,2026-02-16,2026-01-27,,Sales,Not Started
T-0533,Audit rollout v2,Carlos Vega,Done,Medium,2026-06-06,2026-04-23,2026-04-30,Marketing,Done
T-0534,Launch report for legal review,Tara Okonkwo,Done,High,2026-06-21,2026-03-25,2026-03-26,Operations,Done
T-0535,Investigate audit in EU region,Priya Nair,Blocked,High,2026-06-23,2026-03-24,,Engineering,In Progress
T-0536,Onboard spec annual,Tara Okonkwo,Done,Medium,2026-03-22,2026-02-22,2026-03-23,Operations,Done
T-0537,Investigate framework for Q3,Riley Kim,Done,Medium,2026-05-22,2026-04-04,2026-05-02,Marketing,Done
T-0538,Investigate renewal wrap-up,Marcus Tate,In Progress,Medium,2026-05-01,2026-02-05,,Sales,In Progress
T-0539,Plan renewal kickoff,Marcus Tate,Not Started,High,2026-06-01,2026-03-25,,Sales,Not Started
T-0540,Document campaign annual,Devon Park,Done,Low,2026-06-13,2026-03-05,2026-03-19,Security,Blocked
T-0541,Draft renewal after incident #47,Owen Briggs,Done,High,2026-07-30,2026-04-26,2026-05-01,HR,Done
T-0542,Coordinate spec for partners,Riley Kim,In Progress,Medium,2026-03-27,2026-03-06,,Marketing,In Progress
T-0543,Coordinate training for legal review,Owen Briggs,Done,Medium,2026-05-02,2026-02-21,2026-03-02,HR,In Progress
T-0544,Roll out framework across teams,Maya Chen,Done,Medium,2026-04-02,2026-02-04,2026-03-13,Product,Done
T-0545,Optimize training in EU region,Wendy Lee,Not Started,Medium,2026-04-09,2026-02-13,,Finance,Not Started
T-0546,Configure checklist for executive sync,Alex Wang,Not Started,Medium,2026-02-24,2026-01-13,,Engineering,Not Started
T-0547,Document workflow follow-up,Maya Park,Done,High,2026-04-01,2026-03-05,2026-03-18,Engineering,Done
T-0548,Review spec v2,Lila Zheng,In Progress,Medium,2026-03-13,2026-02-24,,Product,Done
T-0549,Update rollout kickoff,Ben Hartley,In Progress,Low,2026-03-08,2026-02-13,,Product,In Progress
T-0550,Validate pipeline phase 2,Jordan Bell,Done,Medium,2026-04-26,2026-01-16,2026-04-10,Engineering,Done
T-0551,Implement migration in EU region,Owen Briggs,Done,Medium,2026-03-21,2026-02-20,2026-04-30,HR,In Progress
T-0552,Document migration kickoff,Devon Reyes,Done,Medium,2026-06-18,2026-03-29,2026-04-10,Operations,Done
T-0553,Coordinate policy for Q3,Devon Park,Not Started,High,2026-06-13,2026-04-29,,Security,Not Started
T-0554,Plan checklist for legal review,Jordan West,In Progress,Medium,2026-04-18,2026-04-04,,HR,In Progress
T-0555,Coordinate review for Q3,Maya Iwata,In Progress,High,2026-05-19,2026-04-24,,Marketing,In Progress
T-0556,Test rollout phase 2,Maya Park,Done,Low,2026-03-06,2026-02-05,2026-03-25,Engineering,In Progress
T-0557,Refactor service phase 2,Nina Patel,Done,Medium,2026-03-15,2026-02-12,2026-04-11,HR,Done
T-0558,Negotiate review follow-up,Devon Park,Done,Medium,2026-02-27,2026-02-12,2026-03-26,Security,Done
T-0559,Investigate policy for Q3,Wendy Lee,Not Started,Medium,2026-04-15,2026-02-21,,Finance,Not Started
T-0560,Coordinate audit consolidation,Sasha Mendel,In Progress,Low,2026-05-10,2026-03-16,,Security,In Progress
T-0561,Roll out rollout Q1,Owen Briggs,Done,Medium,2026-06-10,2026-04-23,2026-04-30,HR,Done
T-0562,Test playbook for Q3,Tara Okonkwo,In Progress,High,2026-06-21,2026-03-17,,Operations,In Progress
T-0563,Decommission service for Q3,Lila Zheng,Blocked,High,2026-06-21,2026-04-21,,Product,In Progress
T-0564,Draft framework for partners,Devon Park,In Progress,Medium,2026-07-03,2026-04-29,,Security,In Progress
T-0565,Migrate rollout for Q3,Wendy Lee,In Progress,Medium,2026-04-09,2026-01-03,,Finance,In Progress
T-0566,Roll out training for executive sync,Wendy Lee,Not Started,High,2026-05-15,2026-03-24,,Finance,Not Started
T-0567,Investigate dashboard for legal review,Yumi Tanaka,In Progress,Medium,2026-04-03,2026-01-20,,Sales,In Progress
T-0568,Test workflow v2,Sasha Mendel,Done,Medium,2026-03-21,2026-02-05,2026-02-08,Security,Done
T-0569,Review report for executive sync,Maya Iwata,In Progress,Medium,2026-01-24,2026-01-05,,Marketing,In Progress
T-0570,Configure playbook Q1,Maya Iwata,In Progress,Medium,2026-04-06,2026-03-01,,Marketing,In Progress
T-0571,Optimize runbook v2,Wendy Lee,In Progress,Medium,2026-03-16,2026-02-09,,Finance,In Progress
T-0572,Refactor integration for legal review,Jordan West,Not Started,High,2026-06-14,2026-03-24,,HR,Not Started
T-0573,Investigate audit for partners,Tara Okonkwo,In Progress,Medium,2026-06-29,2026-04-05,,Operations,Done
T-0574,Coordinate dashboard phase 2,Priya Nair,In Progress,High,2026-04-22,2026-03-01,,Engineering,In Progress
T-0575,Onboard rollout consolidation,James Liu,In Progress,Medium,2026-04-17,2026-03-29,,Operations,In Progress
T-0576,Roll out review for partners,Erik Andersson,Not Started,Medium,2026-02-11,2026-01-14,,Sales,Not Started
T-0577,Decommission service after incident #47,James Liu,Done,Low,2026-04-29,2026-01-20,2026-04-19,Operations,Done
T-0578,Negotiate review annual,Owen Briggs,Not Started,High,2026-05-09,2026-02-17,,HR,Not Started
T-0579,Configure runbook for new hires,Devon Reyes,Not Started,Low,2026-04-20,2026-03-09,,Operations,Not Started
T-0580,Update spec annual,James Liu,Done,High,2026-04-12,2026-02-09,2026-03-18,Operations,Done
T-0581,Refactor workflow consolidation,Owen Briggs,Blocked,Medium,2026-04-25,2026-03-04,,HR,Blocked
T-0582,Decommission playbook for executive sync,Tara Okonkwo,Done,High,2026-05-24,2026-04-22,2026-04-30,Operations,In Progress
T-0583,Validate service for new hires,Devon Park,Blocked,Critical,2026-04-30,2026-02-11,,Security,In Progress
T-0584,Refactor review v2,Sasha Mendel,Done,High,2026-01-24,2026-01-03,2026-02-14,Security,Done
T-0585,Onboard rollout v2,James Liu,Done,Critical,2026-06-19,2026-03-20,2026-04-28,Operations,In Progress
T-0586,Validate review follow-up,Devon Park,In Progress,Medium,2026-06-12,2026-04-15,,Security,In Progress
T-0587,Optimize integration v2,Ben Hartley,Done,High,2026-02-15,2026-01-24,2026-03-10,Product,Done
T-0588,Coordinate review for partners,Erik Andersson,In Progress,Medium,2026-04-17,2026-01-13,,Sales,In Progress
T-0589,Roll out framework follow-up,Carlos Vega,In Progress,Medium,2026-06-23,2026-05-01,,Marketing,In Progress
T-0590,Negotiate training across teams,Carlos Vega,In Progress,Medium,2026-01-30,2026-01-12,,Marketing,In Progress
T-0591,Negotiate playbook for partners,James Liu,Not Started,Medium,2026-06-24,2026-04-12,,Operations,Not Started
T-0592,Validate rollout after incident #47,Tara Okonkwo,In Progress,High,2026-06-28,2026-04-27,,Operations,Not Started
T-0593,Plan audit phase 2,Sasha Mendel,In Progress,High,2026-06-15,2026-04-09,,Security,In Progress
T-0594,Launch training follow-up,Wendy Lee,Done,Medium,2026-08-03,2026-04-22,2026-04-22,Finance,Done
T-0595,Onboard spec for partners,Sasha Mendel,In Progress,Medium,2026-03-04,2026-01-15,,Security,In Progress
T-0596,Roll out rollout Q1,Maya Chen,Done,High,2026-08-05,2026-04-26,2026-04-26,Product,Blocked
T-0597,Document policy in EU region,Maya Iwata,Done,High,2026-03-04,2026-02-04,2026-03-30,Marketing,Done
T-0598,Validate framework for new hires,James Liu,In Progress,Low,2026-03-03,2026-01-25,,Operations,In Progress
T-0599,Review review Q1,Sasha Mendel,Done,Low,2026-06-05,2026-02-26,2026-03-02,Security,Done
T-0600,Approve rubric for legal review,Lila Zheng,In Progress,Medium,2026-05-21,2026-02-12,,Product,In Progress
T-0601,Update playbook v2,Priya Nair,In Progress,Critical,2026-05-09,2026-03-14,,Engineering,In Progress
T-0602,Implement report in EU region,Wendy Lee,In Progress,Medium,2026-03-25,2026-02-27,,Finance,In Progress
T-0603,Launch audit Q1,Maya Chen,Blocked,High,2026-04-09,2026-01-31,,Product,In Progress
T-0604,Configure review consolidation,Anita Rao,In Progress,Medium,2026-05-06,2026-01-25,,Finance,In Progress
T-0605,Approve renewal after incident #47,Anita Rao,Not Started,Low,2026-04-03,2026-02-08,,Finance,Not Started
T-0606,Configure integration v2,Yumi Tanaka,Not Started,Medium,2026-06-14,2026-04-27,,Sales,Not Started
T-0607,Draft integration for executive sync,Maya Chen,Blocked,High,2026-06-29,2026-04-10,,Product,Blocked
T-0608,Investigate rubric for partners,Riley Kim,Not Started,Medium,2026-04-23,2026-01-10,,Marketing,Not Started
T-0609,Investigate framework follow-up,Cara Singh,In Progress,Medium,2026-04-07,2026-03-03,,Product,In Progress
T-0610,Update framework Q1,Ben Hartley,Not Started,High,2026-06-10,2026-03-08,,Product,Not Started
T-0611,Configure spec Q1,Erik Andersson,In Progress,Medium,2026-04-10,2026-02-07,,Sales,In Progress
T-0612,Approve renewal phase 2,Anita Rao,Done,High,2026-04-25,2026-03-12,2026-04-25,Finance,Done
T-0613,Draft runbook Q1,Maya Chen,Done,Medium,2026-05-23,2026-03-26,2026-04-13,Product,In Progress
T-0614,Decommission workflow consolidation,Devon Park,Not Started,Medium,2026-04-25,2026-03-27,,Security,Not Started
T-0615,Document audit for new hires,Marcus Tate,Done,High,2026-03-30,2026-01-06,2026-01-28,Sales,Done
T-0616,Update runbook for partners,Sasha Mendel,In Progress,Medium,2026-07-23,2026-04-15,,Security,Done
T-0617,Refactor integration wrap-up,Maya Iwata,In Progress,Medium,2026-04-03,2026-01-25,,Marketing,Done
T-0618,Negotiate training for partners,Erik Andersson,Not Started,Medium,2026-04-24,2026-02-01,,Sales,Not Started
T-0619,Document pipeline for legal review,Devon Park,Done,High,2026-04-30,2026-02-23,2026-03-28,Security,Done
T-0620,Negotiate runbook consolidation,Devon Park,In Progress,Medium,2026-06-04,2026-03-12,,Security,In Progress
T-0621,Investigate rubric across teams,Nina Patel,Blocked,Medium,2026-04-11,2026-02-20,,HR,Blocked
T-0622,Onboard review annual,Cara Singh,Not Started,Medium,2026-03-01,2026-02-14,,Product,Not Started
T-0623,Roll out service in EU region,Maya Iwata,Done,Medium,2026-07-21,2026-04-24,2026-04-26,Marketing,Done
T-0624,Plan campaign phase 2,James Liu,In Progress,Medium,2026-03-21,2026-01-29,,Operations,In Progress
T-0625,Decommission pipeline annual,Devon Park,Not Started,Medium,2026-03-07,2026-01-30,,Security,Not Started
T-0626,Coordinate policy v2,Yumi Tanaka,Done,Medium,2026-05-16,2026-04-04,2026-04-06,Sales,Done
T-0627,Implement rollout for Q3,Devon Reyes,Done,High,2026-02-16,2026-01-30,2026-02-22,Operations,In Progress
T-0628,Migrate policy phase 2,Erik Andersson,Not Started,Critical,2026-03-21,2026-01-09,,Sales,Not Started
T-0629,Decommission migration annual,Lila Zheng,Done,Medium,2026-02-09,2026-01-14,2026-03-29,Product,Done
T-0630,Audit rollout for Q3,Owen Briggs,Done,Medium,2026-04-10,2026-01-11,2026-01-24,HR,In Progress
T-0631,Review framework for executive sync,Sasha Mendel,In Progress,Low,2026-04-08,2026-01-09,,Security,In Progress
T-0632,Roll out training annual,Yumi Tanaka,In Progress,Medium,2026-04-15,2026-02-18,,Sales,In Progress
T-0633,Roll out migration in EU region,Riley Kim,Done,High,2026-03-21,2026-02-05,2026-04-22,Marketing,In Progress
T-0634,Migrate report wrap-up,Carlos Vega,Done,Critical,2026-05-03,2026-03-29,2026-04-17,Marketing,Done
T-0635,Draft integration across teams,Devon Park,Done,Medium,2026-04-25,2026-03-06,2026-04-08,Security,In Progress
T-0636,Negotiate rubric across teams,Maya Iwata,In Progress,Medium,2026-03-21,2026-02-12,,Marketing,In Progress
T-0637,Validate report consolidation,Maya Park,Done,Low,2026-04-05,2026-02-06,2026-02-24,Engineering,Done
T-0638,Migrate rollout for Q3,Ben Hartley,In Progress,Medium,2026-06-11,2026-03-21,,Product,In Progress
T-0639,Refactor renewal for legal review,Nina Patel,Done,Medium,2026-04-02,2026-03-14,2026-04-17,HR,Done
T-0640,Implement policy phase 2,Yumi Tanaka,In Progress,Medium,2026-05-17,2026-04-26,,Sales,In Progress
T-0641,Negotiate spec for legal review,Maya Iwata,In Progress,Low,2026-03-25,2026-01-07,,Marketing,In Progress
T-0642,Decommission audit v2,James Liu,Not Started,Medium,2026-06-18,2026-03-29,,Operations,Not Started
T-0643,Validate spec in EU region,Alex Wang,In Progress,Medium,2026-05-23,2026-04-02,,Engineering,Not Started
T-0644,Approve runbook kickoff,Jordan West,Not Started,Medium,2026-07-08,2026-04-27,,HR,Not Started
T-0645,Document renewal across teams,Devon Reyes,Not Started,Medium,2026-03-29,2026-03-14,,Operations,Not Started
T-0646,Optimize framework for new hires,Devon Park,Done,High,2026-06-19,2026-03-18,2026-03-20,Security,Done
T-0647,Onboard audit annual,Erik Andersson,In Progress,High,2026-02-12,2026-01-05,,Sales,In Progress
T-0648,Document audit annual,Priya Nair,In Progress,Medium,2026-06-07,2026-02-28,,Engineering,In Progress
T-0649,Negotiate service Q1,Alex Wang,In Progress,Medium,2026-06-07,2026-05-01,,Engineering,In Progress
T-0650,Decommission framework follow-up,Riley Kim,In Progress,Low,2026-05-09,2026-03-31,,Marketing,In Progress
T-0651,Update spec Q1,Devon Park,In Progress,Medium,2026-06-25,2026-04-25,,Security,In Progress
T-0652,Test spec annual,Anita Rao,Done,High,2026-05-11,2026-02-10,2026-03-01,Finance,Blocked
T-0653,Refactor audit v2,Nina Patel,In Progress,Medium,2026-03-17,2026-02-17,,HR,In Progress
T-0654,Update campaign kickoff,Riley Kim,Blocked,Medium,2026-03-20,2026-02-23,,Marketing,Blocked
T-0655,Implement policy v2,Jordan Bell,Done,Medium,2026-04-10,2026-02-27,2026-04-18,Engineering,Blocked
T-0656,Refactor runbook for Q3,Jordan Bell,In Progress,Medium,2026-05-02,2026-03-20,,Engineering,In Progress
T-0657,Audit audit across teams,Tara Okonkwo,In Progress,Low,2026-04-25,2026-02-15,,Operations,Not Started
T-0658,Migrate renewal consolidation,Anita Rao,In Progress,Low,2026-04-19,2026-03-29,,Finance,Not Started
T-0659,Plan spec across teams,Wendy Lee,In Progress,Medium,2026-03-12,2026-01-05,,Finance,Done
T-0660,Decommission framework wrap-up,Devon Reyes,Blocked,Medium,2026-04-20,2026-03-17,,Operations,Blocked
T-0661,Plan runbook wrap-up,Anita Rao,Done,Medium,2026-06-18,2026-03-24,2026-04-28,Finance,Done
T-0662,Decommission pipeline for new hires,Riley Kim,Not Started,Medium,2026-03-28,2026-02-24,,Marketing,Not Started
T-0663,Test rollout in EU region,Sam Khoury,In Progress,Low,2026-04-03,2026-02-15,,Engineering,In Progress
T-0664,Decommission training annual,Nina Patel,In Progress,High,2026-03-13,2026-02-07,,HR,In Progress
T-0665,Onboard training kickoff,Priya Nair,Not Started,Critical,2026-03-28,2026-02-04,,Engineering,Not Started
T-0666,Migrate runbook phase 2,Priya Nair,In Progress,Low,2026-07-03,2026-03-28,,Engineering,In Progress
T-0667,Implement rollout for Q3,Sam Khoury,Not Started,Medium,2026-05-31,2026-04-22,,Engineering,Not Started
T-0668,Implement policy follow-up,Alex Wang,In Progress,Medium,2026-04-11,2026-01-12,,Engineering,Not Started
T-0669,Update audit consolidation,Nina Patel,In Progress,Low,2026-04-26,2026-03-16,,HR,In Progress
T-0670,Draft dashboard wrap-up,Ben Hartley,Not Started,Low,2026-03-25,2026-01-07,,Product,Not Started
T-0671,Document framework annual,Carlos Vega,Not Started,Low,2026-04-04,2026-01-21,,Marketing,Not Started
T-0672,Document audit for Q3,Marcus Tate,Done,Low,2026-03-09,2026-01-30,2026-01-31,Sales,Done
T-0673,Refactor review for partners,Lila Zheng,Done,Medium,2026-06-09,2026-04-02,2026-04-19,Product,Done
T-0674,Audit integration across teams,Lila Zheng,Done,High,2026-04-22,2026-02-27,2026-04-15,Product,Blocked
T-0675,Decommission rollout annual,Sasha Mendel,Not Started,High,2026-06-23,2026-03-28,,Security,Not Started
T-0676,Optimize policy for Q3,Sasha Mendel,In Progress,Low,2026-06-27,2026-04-29,,Security,In Progress
T-0677,Configure service annual,Maya Iwata,In Progress,Medium,2026-06-10,2026-03-15,,Marketing,In Progress
T-0678,Audit framework for new hires,Owen Briggs,Blocked,Low,2026-06-18,2026-03-26,,HR,Blocked
T-0679,Migrate rubric v2,Alex Wang,Done,Critical,2026-05-24,2026-02-25,2026-04-01,Engineering,Done
T-0680,Refactor audit follow-up,Ben Hartley,In Progress,Medium,2026-04-01,2026-03-13,,Product,In Progress
T-0681,Audit review Q1,Tara Okonkwo,In Progress,Low,2026-05-24,2026-03-14,,Operations,Done
T-0682,Migrate renewal consolidation,Cara Singh,In Progress,Low,2026-05-30,2026-02-24,,Product,In Progress
T-0683,Onboard audit for executive sync,Anita Rao,Not Started,Medium,2026-05-17,2026-04-19,,Finance,Not Started
T-0684,Launch pipeline kickoff,Nina Patel,Done,Medium,2026-07-06,2026-04-30,2026-05-02,HR,Done
T-0685,Coordinate workflow kickoff,Maya Iwata,Not Started,High,2026-04-03,2026-03-13,,Marketing,Not Started
T-0686,Negotiate playbook wrap-up,Tara Okonkwo,In Progress,Low,2026-05-06,2026-04-13,,Operations,In Progress
T-0687,Optimize dashboard Q1,Carlos Vega,In Progress,High,2026-07-03,2026-03-24,,Marketing,In Progress
T-0688,Coordinate dashboard after incident #47,Sasha Mendel,Not Started,Medium,2026-02-17,2026-01-14,,Security,Not Started
T-0689,Migrate workflow wrap-up,James Liu,In Progress,Medium,2026-04-29,2026-04-13,,Operations,In Progress
T-0690,Coordinate migration annual,Sasha Mendel,Done,Medium,2026-03-12,2026-01-08,2026-03-06,Security,Done
T-0691,Optimize dashboard across teams,Jordan Bell,In Progress,Medium,2026-04-04,2026-01-03,,Engineering,In Progress
T-0692,Investigate review for new hires,Sasha Mendel,Not Started,High,2026-04-10,2026-01-19,,Security,Not Started
T-0693,Launch pipeline v2,James Liu,Done,Medium,2026-05-08,2026-02-03,2026-03-19,Operations,Done
T-0694,Implement pipeline for legal review,Cara Singh,Done,Medium,2026-01-30,2026-01-03,2026-01-05,Product,Blocked
T-0695,Document audit consolidation,Sasha Mendel,Not Started,Low,2026-05-21,2026-04-05,,Security,Not Started
T-0696,Update campaign v2,Jordan West,In Progress,Medium,2026-05-09,2026-02-02,,HR,Done
T-0697,Roll out audit Q1,Lila Zheng,Done,Low,2026-02-27,2026-01-29,2026-03-04,Product,Done
T-0698,Document dashboard Q1,James Liu,Done,Low,2026-06-12,2026-03-03,2026-04-22,Operations,Done
T-0699,Investigate migration v2,Nina Patel,In Progress,Medium,2026-06-12,2026-04-21,,HR,In Progress
T-0700,Coordinate dashboard for new hires,Nina Patel,In Progress,Critical,2026-03-28,2026-01-28,,HR,In Progress
T-0701,Investigate pipeline annual,Marcus Tate,In Progress,Medium,2026-05-02,2026-02-08,,Sales,In Progress
T-0702,Review runbook for new hires,Alex Wang,Not Started,Low,2026-07-12,2026-04-19,,Engineering,Not Started
T-0703,Validate runbook follow-up,Erik Andersson,Not Started,Medium,2026-04-29,2026-04-13,,Sales,Not Started
T-0704,Decommission playbook Q1,Ben Hartley,In Progress,Medium,2026-05-07,2026-03-04,,Product,In Progress
T-0705,Migrate dashboard annual,Jordan Bell,Not Started,High,2026-02-01,2026-01-17,,Engineering,Not Started
T-0706,Onboard rubric wrap-up,Devon Park,In Progress,Medium,2026-06-24,2026-03-26,,Security,In Progress
T-0707,Update service in EU region,Nina Patel,Done,High,2026-04-29,2026-02-18,2026-03-04,HR,Done
T-0708,Optimize service v2,Jordan Bell,In Progress,Medium,2026-05-28,2026-03-08,,Engineering,In Progress
T-0709,Audit policy for new hires,Riley Kim,Not Started,Low,2026-04-12,2026-02-20,,Marketing,Not Started
T-0710,Coordinate service for partners,Maya Iwata,In Progress,Critical,2026-08-05,2026-04-29,,Marketing,Not Started
T-0711,Validate framework kickoff,Devon Park,In Progress,Medium,2026-07-01,2026-04-23,,Security,In Progress
T-0712,Optimize renewal for Q3,Erik Andersson,Not Started,Medium,2026-06-16,2026-03-31,,Sales,Not Started
T-0713,Migrate rollout after incident #47,Tara Okonkwo,In Progress,High,2026-06-02,2026-03-20,,Operations,In Progress
T-0714,Validate report for executive sync,Alex Wang,Done,Medium,2026-02-14,2026-01-14,2026-03-23,Engineering,Done
T-0715,Approve audit wrap-up,Anita Rao,Blocked,Medium,2026-03-17,2026-02-09,,Finance,Blocked
T-0716,Optimize framework across teams,Cara Singh,Not Started,Low,2026-07-06,2026-03-29,,Product,Not Started
T-0717,Configure audit v2,Sam Khoury,In Progress,Low,2026-07-28,2026-04-21,,Engineering,In Progress
T-0718,Coordinate rubric follow-up,Marcus Tate,In Progress,Critical,2026-03-01,2026-02-10,,Sales,In Progress
T-0719,Investigate pipeline Q1,Owen Briggs,In Progress,Medium,2026-04-22,2026-01-29,,HR,In Progress
T-0720,Negotiate rollout annual,Nina Patel,In Progress,Medium,2026-07-16,2026-04-26,,HR,In Progress
T-0721,Document campaign for legal review,Jordan West,In Progress,Medium,2026-05-19,2026-04-27,,HR,In Progress
T-0722,Plan framework after incident #47,Lila Zheng,In Progress,Medium,2026-04-30,2026-03-25,,Product,In Progress
T-0723,Configure policy consolidation,Alex Wang,Done,Critical,2026-05-13,2026-03-12,2026-03-30,Engineering,Done
T-0724,Plan review in EU region,Marcus Tate,In Progress,High,2026-04-07,2026-01-26,,Sales,Not Started
T-0725,Test pipeline after incident #47,Wendy Lee,In Progress,Low,2026-04-12,2026-02-03,,Finance,In Progress
T-0726,Validate pipeline for executive sync,Jordan Bell,In Progress,Medium,2026-06-19,2026-04-21,,Engineering,In Progress
T-0727,Implement migration kickoff,Devon Reyes,Done,Medium,2026-06-06,2026-03-23,2026-04-12,Operations,Done
T-0728,Plan integration in EU region,Marcus Tate,Not Started,Critical,2026-06-19,2026-04-06,,Sales,Not Started
T-0729,Negotiate training v2,Yumi Tanaka,In Progress,High,2026-04-21,2026-01-12,,Sales,In Progress
T-0730,Update rollout in EU region,Owen Briggs,In Progress,Medium,2026-05-06,2026-02-26,,HR,In Progress
T-0731,Optimize checklist for legal review,Devon Park,In Progress,Low,2026-05-05,2026-03-24,,Security,In Progress
T-0732,Test review phase 2,Riley Kim,In Progress,Critical,2026-03-30,2026-02-01,,Marketing,In Progress
T-0733,Review campaign across teams,Anita Rao,In Progress,Low,2026-04-13,2026-03-11,,Finance,In Progress
T-0734,Draft training wrap-up,Devon Park,Done,Low,2026-06-12,2026-04-14,2026-04-16,Security,In Progress
T-0735,Audit renewal v2,Priya Nair,Not Started,Medium,2026-04-30,2026-02-12,,Engineering,Not Started
T-0736,Migrate workflow Q1,Anita Rao,Done,High,2026-02-23,2026-01-25,2026-02-24,Finance,Done
T-0737,Approve pipeline for legal review,Wendy Lee,In Progress,Medium,2026-07-08,2026-04-18,,Finance,Not Started
T-0738,Migrate renewal consolidation,Tara Okonkwo,Done,Low,2026-03-19,2026-02-11,2026-03-26,Operations,Done
T-0739,Document training for Q3,Jordan West,In Progress,Medium,2026-07-20,2026-04-15,,HR,In Progress
T-0740,Configure pipeline Q1,Nina Patel,Not Started,Low,2026-07-06,2026-04-02,,HR,Not Started
T-0741,Implement playbook phase 2,Devon Reyes,In Progress,Medium,2026-06-07,2026-04-27,,Operations,In Progress
T-0742,Optimize rollout kickoff,Sasha Mendel,Blocked,Low,2026-07-02,2026-03-27,,Security,Blocked
T-0743,Test review phase 2,Tara Okonkwo,Done,Medium,2026-05-22,2026-05-02,2026-05-02,Operations,Done
T-0744,Document pipeline for Q3,Maya Chen,Blocked,Medium,2026-03-16,2026-02-12,,Product,Blocked
T-0745,Onboard spec phase 2,Devon Reyes,In Progress,Medium,2026-05-23,2026-03-31,,Operations,In Progress
T-0746,Negotiate pipeline kickoff,Jordan Bell,Not Started,Medium,2026-04-03,2026-01-11,,Engineering,Not Started
T-0747,Launch rollout annual,Maya Chen,In Progress,High,2026-07-17,2026-04-30,,Product,Done
T-0748,Update rollout consolidation,Sasha Mendel,In Progress,Low,2026-06-19,2026-04-25,,Security,In Progress
T-0749,Approve pipeline annual,Nina Patel,In Progress,Medium,2026-04-06,2026-03-11,,HR,In Progress
T-0750,Decommission checklist after incident #47,Sam Khoury,In Progress,Medium,2026-05-09,2026-03-30,,Engineering,Done
T-0751,Implement playbook wrap-up,Cara Singh,In Progress,Medium,2026-03-27,2026-03-13,,Product,Not Started
T-0752,Configure rubric Q1,Devon Reyes,Done,High,2026-03-22,2026-01-12,2026-03-21,Operations,Done
T-0753,Test service Q1,Sasha Mendel,Done,Medium,2026-05-31,2026-04-22,2026-04-30,Security,Done
T-0754,Investigate campaign follow-up,Erik Andersson,In Progress,High,2026-05-16,2026-03-06,,Sales,In Progress
T-0755,Onboard spec phase 2,Erik Andersson,In Progress,Medium,2026-05-10,2026-04-16,,Sales,In Progress
T-0756,Plan framework for Q3,Lila Zheng,In Progress,High,2026-02-27,2026-01-09,,Product,In Progress
T-0757,Configure integration follow-up,Alex Wang,Not Started,Medium,2026-04-28,2026-02-11,,Engineering,Not Started
T-0758,Document migration consolidation,Jordan Bell,Not Started,High,2026-03-08,2026-02-07,,Engineering,Not Started
T-0759,Plan rubric follow-up,Jordan Bell,Blocked,Low,2026-07-06,2026-04-04,,Engineering,Blocked
T-0760,Negotiate playbook phase 2,Wendy Lee,In Progress,Medium,2026-03-12,2026-02-06,,Finance,In Progress
T-0761,Coordinate checklist wrap-up,Erik Andersson,Not Started,Medium,2026-04-18,2026-01-20,,Sales,Not Started
T-0762,Validate report follow-up,Riley Kim,Done,Medium,2026-06-29,2026-05-01,2026-05-01,Marketing,Done
T-0763,Migrate migration consolidation,Sasha Mendel,Not Started,Medium,2026-07-21,2026-04-21,,Security,Not Started
T-0764,Migrate rubric after incident #47,Devon Reyes,Not Started,Medium,2026-07-05,2026-03-29,,Operations,Not Started
T-0765,Negotiate spec across teams,Maya Chen,Blocked,Medium,2026-02-13,2026-01-12,,Product,Blocked
T-0766,Onboard integration phase 2,Yumi Tanaka,Not Started,Medium,2026-04-20,2026-01-14,,Sales,Not Started
T-0767,Configure framework consolidation,Devon Park,Not Started,Medium,2026-02-25,2026-01-14,,Security,Not Started
T-0768,Migrate audit consolidation,Yumi Tanaka,In Progress,Medium,2026-03-16,2026-01-19,,Sales,Done
T-0769,Migrate dashboard for executive sync,Tara Okonkwo,Blocked,Medium,2026-04-24,2026-01-15,,Operations,Blocked
T-0770,Audit policy phase 2,Sam Khoury,Not Started,Medium,2026-04-07,2026-02-09,,Engineering,Not Started
T-0771,Onboard policy follow-up,Carlos Vega,Done,Medium,2026-03-21,2026-01-28,2026-02-22,Marketing,Blocked
T-0772,Audit checklist for partners,Wendy Lee,Blocked,High,2026-04-12,2026-01-06,,Finance,Blocked
T-0773,Refactor checklist Q1,Marcus Tate,Not Started,Medium,2026-05-05,2026-03-03,,Sales,Not Started
T-0774,Update rollout phase 2,Jordan West,Not Started,Medium,2026-04-11,2026-01-13,,HR,Not Started
T-0775,Negotiate rollout for partners,Jordan West,Done,High,2026-06-19,2026-04-18,2026-04-20,HR,Done
T-0776,Audit campaign consolidation,Sasha Mendel,Not Started,Medium,2026-05-17,2026-04-22,,Security,Not Started
T-0777,Migrate review for new hires,Devon Park,Done,Medium,2026-06-27,2026-04-29,2026-04-29,Security,Done
T-0778,Optimize audit for new hires,Maya Iwata,Blocked,Critical,2026-03-24,2026-03-10,,Marketing,Blocked
T-0779,Refactor pipeline follow-up,Ben Hartley,Not Started,High,2026-05-02,2026-04-08,,Product,Not Started
T-0780,Implement rollout kickoff,Priya Nair,In Progress,Medium,2026-05-04,2026-03-22,,Engineering,In Progress
T-0781,Update campaign across teams,Sasha Mendel,In Progress,High,2026-04-27,2026-04-13,,Security,In Progress
T-0782,Optimize renewal phase 2,Devon Reyes,Not Started,High,2026-03-09,2026-02-10,,Operations,Not Started
T-0783,Investigate workflow annual,Yumi Tanaka,In Progress,High,2026-05-06,2026-02-01,,Sales,In Progress
T-0784,Migrate framework v2,Lila Zheng,Done,Medium,2026-03-12,2026-02-24,2026-03-05,Product,Done
T-0785,Migrate pipeline consolidation,Riley Kim,In Progress,Medium,2026-03-11,2026-02-18,,Marketing,In Progress
T-0786,Coordinate integration consolidation,Tara Okonkwo,Not Started,Medium,2026-05-11,2026-03-16,,Operations,Not Started
T-0787,Configure pipeline after incident #47,Wendy Lee,Not Started,Medium,2026-03-14,2026-01-21,,Finance,Not Started
T-0788,Audit checklist v2,Alex Wang,Blocked,Medium,2026-05-05,2026-01-26,,Engineering,Blocked
T-0789,Roll out framework for Q3,Sasha Mendel,In Progress,Medium,2026-03-09,2026-02-01,,Security,In Progress
T-0790,Coordinate renewal after incident #47,James Liu,In Progress,Low,2026-07-07,2026-04-28,,Operations,In Progress
T-0791,Decommission report for executive sync,Marcus Tate,In Progress,Medium,2026-05-22,2026-03-30,,Sales,Done
T-0792,Coordinate checklist kickoff,Maya Chen,In Progress,Medium,2026-05-22,2026-02-11,,Product,In Progress
T-0793,Configure pipeline across teams,Marcus Tate,In Progress,Medium,2026-04-21,2026-01-18,,Sales,In Progress
T-0794,Implement pipeline after incident #47,Jordan West,Not Started,Medium,2026-03-23,2026-03-08,,HR,Not Started
T-0795,Coordinate policy for Q3,Nina Patel,In Progress,Medium,2026-05-30,2026-02-22,,HR,In Progress
T-0796,Draft report across teams,Maya Iwata,Done,Medium,2026-06-17,2026-03-20,2026-03-26,Marketing,Blocked
T-0797,Implement rubric consolidation,Devon Park,Done,High,2026-04-22,2026-03-25,2026-04-24,Security,Done
T-0798,Decommission report in EU region,Devon Reyes,Not Started,Medium,2026-04-26,2026-02-27,,Operations,Not Started
T-0799,Draft rollout follow-up,Devon Park,In Progress,High,2026-03-18,2026-02-12,,Security,In Progress
T-0800,Decommission rubric consolidation,Marcus Tate,Blocked,Medium,2026-05-09,2026-02-19,,Sales,Blocked
T-0801,Validate renewal for partners,Devon Park,In Progress,Medium,2026-03-06,2026-01-03,,Security,Done
T-0802,Document review follow-up,Anita Rao,In Progress,High,2026-05-01,2026-04-09,,Finance,In Progress
T-0803,Implement review v2,Jordan West,Blocked,Medium,2026-03-15,2026-02-24,,HR,Blocked
T-0804,Migrate pipeline after incident #47,Sasha Mendel,Done,High,2026-02-25,2026-01-26,2026-03-13,Security,In Progress
T-0805,Document report for new hires,Devon Park,Done,Medium,2026-03-30,2026-02-01,2026-02-21,Security,Done
T-0806,Optimize audit kickoff,Marcus Tate,Not Started,High,2026-06-11,2026-03-07,,Sales,Not Started
T-0807,Validate renewal for Q3,Ben Hartley,In Progress,Low,2026-05-17,2026-04-16,,Product,In Progress
T-0808,Optimize pipeline across teams,Sam Khoury,Not Started,Medium,2026-05-10,2026-04-16,,Engineering,Not Started
T-0809,Approve policy phase 2,Jordan West,Not Started,Medium,2026-05-25,2026-02-19,,HR,Not Started
T-0810,Onboard workflow across teams,Carlos Vega,Not Started,High,2026-03-20,2026-02-23,,Marketing,Not Started
T-0811,Validate review phase 2,Devon Park,Blocked,Low,2026-05-13,2026-04-26,,Security,Blocked
T-0812,Approve migration follow-up,James Liu,Done,Medium,2026-05-23,2026-03-20,2026-04-07,Operations,Done
T-0813,Launch service for Q3,Riley Kim,Done,Low,2026-03-11,2026-01-05,2026-03-02,Marketing,Blocked
T-0814,Migrate pipeline consolidation,Nina Patel,Done,Medium,2026-03-11,2026-01-17,2026-04-30,HR,Done
T-0815,Approve review kickoff,Maya Park,Done,Medium,2026-05-17,2026-04-25,2026-05-02,Engineering,Done
T-0816,Draft rollout kickoff,Wendy Lee,Not Started,High,2026-05-06,2026-02-13,,Finance,Not Started
T-0817,Plan runbook wrap-up,Maya Chen,Not Started,Medium,2026-03-10,2026-01-25,,Product,Not Started
T-0818,Audit rollout kickoff,Jordan West,Not Started,Medium,2026-05-08,2026-04-08,,HR,Not Started
T-0819,Review renewal Q1,James Liu,Blocked,High,2026-03-16,2026-02-10,,Operations,Blocked
T-0820,Document runbook for new hires,Devon Park,Done,Medium,2026-05-11,2026-04-22,2026-04-24,Security,Done
T-0821,Decommission rubric across teams,Wendy Lee,Blocked,Critical,2026-06-25,2026-04-15,,Finance,Blocked
T-0822,Onboard migration for executive sync,Devon Park,Not Started,Low,2026-02-26,2026-01-16,,Security,Not Started
T-0823,Refactor rollout across teams,Devon Park,Blocked,Medium,2026-06-08,2026-03-18,,Security,Blocked
T-0824,Decommission audit for new hires,Tara Okonkwo,Not Started,Medium,2026-03-18,2026-01-21,,Operations,Not Started
T-0825,Document runbook wrap-up,Riley Kim,In Progress,Medium,2026-04-03,2026-02-16,,Marketing,Done
T-0826,Implement audit Q1,Carlos Vega,Not Started,High,2026-07-06,2026-03-28,,Marketing,Not Started
T-0827,Validate review for Q3,James Liu,Not Started,Low,2026-04-01,2026-02-19,,Operations,Not Started
T-0828,Negotiate report for executive sync,Tara Okonkwo,Done,Medium,2026-02-15,2026-01-16,2026-03-06,Operations,Done
T-0829,Update review in EU region,Wendy Lee,In Progress,High,2026-05-11,2026-03-09,,Finance,In Progress
T-0830,Test playbook after incident #47,Erik Andersson,Done,Medium,2026-06-11,2026-04-13,2026-04-16,Sales,Done
T-0831,Test training for legal review,Riley Kim,In Progress,Medium,2026-04-06,2026-03-04,,Marketing,In Progress
T-0832,Validate rubric across teams,Alex Wang,Done,Medium,2026-03-20,2026-01-19,2026-05-02,Engineering,Done
T-0833,Onboard report across teams,Wendy Lee,In Progress,Medium,2026-05-18,2026-04-26,,Finance,In Progress
T-0834,Approve training after incident #47,Erik Andersson,Done,Medium,2026-07-29,2026-04-24,2026-05-02,Sales,Done
T-0835,Plan rollout kickoff,Jordan West,Blocked,High,2026-06-01,2026-03-30,,HR,Blocked
T-0836,Negotiate report consolidation,Nina Patel,Not Started,Medium,2026-06-23,2026-04-23,,HR,Not Started
T-0837,Test service for legal review,Cara Singh,In Progress,Medium,2026-06-09,2026-03-06,,Product,Done
T-0838,Document review v2,Wendy Lee,In Progress,High,2026-06-29,2026-03-26,,Finance,In Progress
T-0839,Coordinate integration phase 2,Anita Rao,Done,Low,2026-04-19,2026-02-14,2026-03-06,Finance,Done
T-0840,Onboard policy for Q3,Erik Andersson,In Progress,Low,2026-05-29,2026-04-23,,Sales,Done
T-0841,Implement rollout kickoff,Yumi Tanaka,Done,Low,2026-02-23,2026-01-28,2026-03-07,Sales,Done
T-0842,Validate playbook for Q3,Sam Khoury,Done,Low,2026-04-17,2026-01-29,2026-04-02,Engineering,Done
T-0843,Test pipeline for executive sync,Maya Iwata,Done,High,2026-04-22,2026-01-27,2026-01-27,Marketing,Done
T-0844,Audit audit annual,Maya Park,Done,Low,2026-04-07,2026-03-16,2026-04-20,Engineering,Done
T-0845,Document review follow-up,Ben Hartley,In Progress,Low,2026-03-07,2026-02-20,,Product,Not Started
T-0846,Draft checklist for executive sync,Anita Rao,Not Started,Low,2026-08-07,2026-04-29,,Finance,Not Started
T-0847,Optimize spec for Q3,Nina Patel,Done,Medium,2026-05-21,2026-02-17,2026-04-24,HR,In Progress
T-0848,Decommission runbook Q1,Lila Zheng,Done,High,2026-05-10,2026-04-20,2026-04-25,Product,Done
T-0849,Draft renewal for new hires,Yumi Tanaka,Not Started,Medium,2026-05-16,2026-02-16,,Sales,Not Started
T-0850,Decommission rollout annual,Ben Hartley,Blocked,Medium,2026-05-20,2026-04-13,,Product,Blocked
T-0851,Launch rubric after incident #47,Anita Rao,Done,Medium,2026-05-18,2026-02-14,2026-03-17,Finance,Done
T-0852,Investigate service for Q3,James Liu,Not Started,Medium,2026-04-21,2026-02-21,,Operations,Not Started
T-0853,Draft pipeline wrap-up,Cara Singh,In Progress,High,2026-07-18,2026-04-16,,Product,In Progress
T-0854,Implement workflow v2,Tara Okonkwo,Done,Low,2026-05-10,2026-04-26,2026-05-02,Operations,Blocked
T-0855,Validate migration for Q3,Maya Iwata,Done,Medium,2026-06-14,2026-04-04,2026-04-22,Marketing,In Progress
T-0856,Update review for executive sync,Yumi Tanaka,Not Started,High,2026-07-29,2026-04-18,,Sales,Not Started
T-0857,Refactor report across teams,Tara Okonkwo,Not Started,Medium,2026-05-15,2026-04-07,,Operations,Not Started
T-0858,Validate rollout after incident #47,Yumi Tanaka,Not Started,Medium,2026-04-10,2026-01-31,,Sales,Not Started
T-0859,Launch workflow kickoff,Marcus Tate,In Progress,Low,2026-03-07,2026-01-18,,Sales,Done
T-0860,Update spec across teams,James Liu,In Progress,Low,2026-04-18,2026-03-19,,Operations,In Progress
T-0861,Roll out rollout for executive sync,Sam Khoury,Done,Medium,2026-03-10,2026-02-23,2026-03-14,Engineering,Blocked
T-0862,Refactor framework across teams,Priya Nair,Done,Low,2026-02-18,2026-01-09,2026-03-05,Engineering,Done
T-0863,Validate review for Q3,Nina Patel,Blocked,Low,2026-05-29,2026-05-02,,HR,Blocked
T-0864,Decommission framework Q1,Wendy Lee,Not Started,Low,2026-03-31,2026-02-08,,Finance,Not Started
T-0865,Negotiate migration after incident #47,Owen Briggs,Not Started,High,2026-04-27,2026-03-21,,HR,Not Started
T-0866,Update renewal phase 2,Devon Park,In Progress,Low,2026-03-11,2026-01-13,,Security,In Progress
T-0867,Migrate dashboard phase 2,Riley Kim,Not Started,Medium,2026-05-05,2026-04-17,,Marketing,Not Started
T-0868,Negotiate campaign consolidation,Jordan West,In Progress,Medium,2026-05-25,2026-04-21,,HR,In Progress
T-0869,Optimize runbook for legal review,Wendy Lee,Not Started,Medium,2026-05-06,2026-01-26,,Finance,Not Started
T-0870,Configure checklist across teams,Owen Briggs,Done,Medium,2026-06-11,2026-03-21,2026-04-27,HR,Done
T-0871,Implement training annual,James Liu,In Progress,Medium,2026-04-13,2026-02-01,,Operations,In Progress
T-0872,Coordinate runbook kickoff,Sasha Mendel,Not Started,Medium,2026-07-03,2026-04-01,,Security,Not Started
T-0873,Negotiate migration for partners,Wendy Lee,In Progress,Medium,2026-06-10,2026-04-12,,Finance,In Progress
T-0874,Audit campaign after incident #47,Lila Zheng,In Progress,Medium,2026-05-16,2026-02-03,,Product,In Progress
T-0875,Optimize renewal follow-up,Carlos Vega,Not Started,Low,2026-05-28,2026-03-24,,Marketing,Not Started
T-0876,Decommission policy follow-up,Devon Park,Not Started,High,2026-03-25,2026-01-10,,Security,Not Started
T-0877,Test workflow for legal review,Marcus Tate,Not Started,Medium,2026-04-20,2026-04-06,,Sales,Not Started
T-0878,Onboard rollout follow-up,Erik Andersson,Done,Medium,2026-03-29,2026-02-20,2026-04-13,Sales,Done
T-0879,Update rollout for partners,Sasha Mendel,Not Started,Medium,2026-04-29,2026-02-03,,Security,Not Started
T-0880,Audit workflow consolidation,Tara Okonkwo,Blocked,Medium,2026-04-25,2026-02-16,,Operations,In Progress
T-0881,Approve checklist follow-up,Alex Wang,In Progress,Low,2026-06-09,2026-03-14,,Engineering,Done
T-0882,Optimize integration wrap-up,Sam Khoury,Not Started,Medium,2026-05-31,2026-04-11,,Engineering,Not Started
T-0883,Implement integration annual,Wendy Lee,Done,High,2026-03-24,2026-01-28,2026-02-02,Finance,Done
T-0884,Document report Q1,Devon Reyes,In Progress,Low,2026-04-24,2026-01-14,,Operations,In Progress
T-0885,Document integration for new hires,Marcus Tate,Done,Low,2026-07-18,2026-04-22,2026-04-28,Sales,Done
T-0886,Onboard playbook for partners,Carlos Vega,In Progress,High,2026-03-08,2026-01-17,,Marketing,In Progress
T-0887,Document review for new hires,Erik Andersson,In Progress,Medium,2026-06-25,2026-04-18,,Sales,In Progress
T-0888,Refactor rollout follow-up,Sasha Mendel,Done,Medium,2026-06-21,2026-04-12,2026-04-15,Security,Done
T-0889,Configure rubric v2,Nina Patel,Blocked,Low,2026-06-07,2026-03-26,,HR,Blocked
T-0890,Update rubric consolidation,Anita Rao,Not Started,Medium,2026-04-03,2026-02-25,,Finance,Not Started
T-0891,Implement playbook wrap-up,Anita Rao,Done,High,2026-02-18,2026-02-02,2026-04-04,Finance,Done
T-0892,Onboard training wrap-up,Riley Kim,Done,Low,2026-05-28,2026-02-20,2026-04-29,Marketing,Done
T-0893,Document campaign across teams,Jordan West,Done,Low,2026-02-09,2026-01-12,2026-04-16,HR,Done
T-0894,Refactor audit for new hires,Wendy Lee,Not Started,Medium,2026-04-24,2026-02-27,,Finance,Not Started
T-0895,Test audit for legal review,Jordan Bell,Not Started,Low,2026-02-22,2026-01-08,,Engineering,Not Started
T-0896,Migrate policy across teams,Wendy Lee,Done,Low,2026-02-13,2026-01-08,2026-02-21,Finance,Done
T-0897,Validate rollout consolidation,Sam Khoury,In Progress,Low,2026-05-21,2026-04-17,,Engineering,In Progress
T-0898,Review rollout follow-up,James Liu,In Progress,Medium,2026-06-12,2026-03-31,,Operations,In Progress
T-0899,Optimize integration phase 2,Sasha Mendel,In Progress,Low,2026-05-13,2026-03-28,,Security,In Progress
T-0900,Audit rollout Q1,Nina Patel,In Progress,High,2026-01-18,2026-01-03,,HR,In Progress
T-0901,Onboard rollout for executive sync,Anita Rao,In Progress,Medium,2026-06-21,2026-04-08,,Finance,In Progress
T-0902,Update migration for legal review,Riley Kim,Done,Medium,2026-05-06,2026-01-30,2026-03-17,Marketing,In Progress
T-0903,Onboard rollout wrap-up,Tara Okonkwo,In Progress,Low,2026-04-02,2026-03-01,,Operations,In Progress
T-0904,Refactor rollout phase 2,Carlos Vega,Done,High,2026-06-25,2026-04-21,2026-04-22,Marketing,In Progress
T-0905,Optimize workflow for executive sync,Nina Patel,Done,High,2026-04-25,2026-03-12,2026-03-21,HR,Blocked
T-0906,Coordinate runbook follow-up,Carlos Vega,Not Started,High,2026-03-14,2026-01-21,,Marketing,Not Started
T-0907,Plan rollout annual,Priya Nair,Not Started,Medium,2026-04-30,2026-03-21,,Engineering,Not Started
T-0908,Migrate renewal kickoff,Owen Briggs,Blocked,High,2026-06-25,2026-03-25,,HR,In Progress
T-0909,Configure training after incident #47,Jordan Bell,Done,Low,2026-02-16,2026-01-24,2026-01-27,Engineering,Done
T-0910,Implement framework Q1,Maya Chen,In Progress,Medium,2026-04-08,2026-03-22,,Product,In Progress
T-0911,Coordinate integration annual,Devon Park,Done,Medium,2026-02-05,2026-01-08,2026-01-11,Security,Done
T-0912,Coordinate renewal after incident #47,Maya Chen,In Progress,Low,2026-07-05,2026-04-14,,Product,Not Started
T-0913,Negotiate review in EU region,Jordan West,Done,Medium,2026-05-01,2026-02-01,2026-02-17,HR,Done
T-0914,Approve report consolidation,James Liu,Blocked,Medium,2026-04-26,2026-04-01,,Operations,Blocked
T-0915,Investigate workflow for executive sync,Maya Iwata,Not Started,High,2026-05-22,2026-02-26,,Marketing,Not Started
T-0916,Audit audit for Q3,Cara Singh,Not Started,Medium,2026-06-26,2026-04-14,,Product,Not Started
T-0917,Draft audit consolidation,Yumi Tanaka,In Progress,High,2026-04-18,2026-02-06,,Sales,In Progress
T-0918,Approve rollout follow-up,Alex Wang,In Progress,Medium,2026-03-28,2026-01-31,,Engineering,In Progress
T-0919,Plan playbook for partners,Riley Kim,In Progress,Medium,2026-05-19,2026-02-10,,Marketing,Done
T-0920,Onboard pipeline in EU region,Jordan West,Blocked,Low,2026-05-12,2026-04-24,,HR,Blocked
T-0921,Coordinate migration consolidation,Anita Rao,Not Started,High,2026-06-30,2026-04-19,,Finance,Not Started
T-0922,Decommission pipeline across teams,Maya Iwata,In Progress,High,2026-05-30,2026-03-09,,Marketing,In Progress
T-0923,Investigate review for partners,Alex Wang,Blocked,Low,2026-07-08,2026-04-10,,Engineering,Blocked
T-0924,Test checklist for Q3,Carlos Vega,Done,Medium,2026-04-01,2026-02-13,2026-03-12,Marketing,Done
T-0925,Optimize campaign for executive sync,Carlos Vega,Not Started,High,2026-06-17,2026-03-17,,Marketing,Not Started
T-0926,Implement rollout for executive sync,Wendy Lee,Not Started,Low,2026-05-27,2026-04-15,,Finance,Not Started
T-0927,Migrate training in EU region,Owen Briggs,Done,Medium,2026-04-11,2026-01-16,2026-01-20,HR,Done
T-0928,Decommission report for new hires,Riley Kim,Blocked,Medium,2026-07-14,2026-04-14,,Marketing,Blocked
T-0929,Test renewal in EU region,Maya Iwata,In Progress,Critical,2026-05-11,2026-03-04,,Marketing,Not Started
T-0930,Audit rubric for Q3,Ben Hartley,Done,High,2026-05-20,2026-04-20,2026-05-02,Product,Done
T-0931,Plan integration after incident #47,Devon Park,In Progress,Medium,2026-04-27,2026-03-11,,Security,In Progress
T-0932,Implement rollout in EU region,Devon Park,In Progress,Low,2026-07-06,2026-04-20,,Security,In Progress
T-0933,Coordinate report for partners,Yumi Tanaka,Done,Medium,2026-04-22,2026-02-13,2026-04-14,Sales,Done
T-0934,Onboard integration kickoff,Riley Kim,In Progress,High,2026-03-10,2026-01-13,,Marketing,In Progress
T-0935,Update integration consolidation,Jordan West,Done,Low,2026-04-07,2026-01-22,2026-02-03,HR,Done
T-0936,Approve spec consolidation,Riley Kim,Not Started,Critical,2026-05-04,2026-02-02,,Marketing,Not Started
T-0937,Document training v2,Lila Zheng,Not Started,Low,2026-03-01,2026-01-14,,Product,Not Started
T-0938,Document service in EU region,Alex Wang,In Progress,Low,2026-03-01,2026-01-05,,Engineering,Done
T-0939,Approve dashboard for executive sync,Nina Patel,In Progress,Low,2026-03-05,2026-01-18,,HR,In Progress
T-0940,Review pipeline v2,Maya Iwata,Done,Medium,2026-05-09,2026-02-23,2026-04-13,Marketing,Done
T-0941,Review review for partners,Anita Rao,In Progress,Medium,2026-05-28,2026-03-12,,Finance,In Progress
T-0942,Implement audit across teams,Owen Briggs,Done,Low,2026-05-10,2026-03-27,2026-04-01,HR,Done
T-0943,Validate rubric for partners,Marcus Tate,Done,High,2026-04-09,2026-03-26,2026-04-13,Sales,Done
T-0944,Onboard training for Q3,Devon Park,Done,Medium,2026-04-08,2026-02-01,2026-02-03,Security,In Progress
T-0945,Audit training phase 2,Alex Wang,Blocked,High,2026-05-17,2026-03-28,,Engineering,Blocked
T-0946,Approve audit follow-up,Devon Reyes,Done,Medium,2026-04-22,2026-03-21,2026-03-25,Operations,Blocked
T-0947,Decommission workflow follow-up,Wendy Lee,In Progress,Medium,2026-06-12,2026-03-20,,Finance,In Progress
T-0948,Configure dashboard for partners,Tara Okonkwo,In Progress,Medium,2026-06-08,2026-04-09,,Operations,Not Started
T-0949,Migrate framework consolidation,Sam Khoury,Not Started,High,2026-02-17,2026-01-17,,Engineering,Not Started
T-0950,Approve runbook for partners,Wendy Lee,Not Started,High,2026-05-06,2026-01-23,,Finance,Not Started
T-0951,Coordinate checklist for partners,Tara Okonkwo,Done,Medium,2026-01-31,2026-01-12,2026-03-21,Operations,Done
T-0952,Configure spec annual,Maya Iwata,Blocked,Medium,2026-06-04,2026-04-08,,Marketing,Blocked
T-0953,Implement campaign consolidation,Marcus Tate,In Progress,Medium,2026-05-12,2026-02-02,,Sales,Done
T-0954,Configure pipeline for legal review,Devon Park,In Progress,High,2026-06-01,2026-03-04,,Security,In Progress
T-0955,Migrate playbook after incident #47,Yumi Tanaka,Not Started,High,2026-04-25,2026-03-17,,Sales,Not Started
T-0956,Launch playbook phase 2,Ben Hartley,In Progress,Medium,2026-05-14,2026-03-23,,Product,In Progress
T-0957,Decommission rollout for executive sync,Maya Iwata,Done,Medium,2026-02-06,2026-01-09,2026-02-06,Marketing,Done
T-0958,Audit checklist for partners,Nina Patel,Not Started,Low,2026-07-04,2026-04-25,,HR,Not Started
T-0959,Launch integration for legal review,Sasha Mendel,Done,High,2026-07-26,2026-04-23,2026-04-28,Security,Done
T-0960,Audit report for new hires,Anita Rao,In Progress,Critical,2026-05-14,2026-03-11,,Finance,Done
T-0961,Draft rubric kickoff,Ben Hartley,Not Started,Low,2026-04-26,2026-02-19,,Product,Not Started
T-0962,Decommission training Q1,Cara Singh,In Progress,Medium,2026-04-04,2026-03-02,,Product,In Progress
T-0963,Refactor report for legal review,Wendy Lee,Done,Medium,2026-04-21,2026-02-14,2026-04-27,Finance,In Progress
T-0964,Migrate checklist Q1,Devon Park,Not Started,Medium,2026-05-15,2026-03-19,,Security,Not Started
T-0965,Configure migration phase 2,Nina Patel,Not Started,High,2026-04-01,2026-02-26,,HR,Not Started
T-0966,Optimize integration for partners,Jordan Bell,In Progress,Medium,2026-07-06,2026-04-05,,Engineering,Done
T-0967,Implement policy kickoff,Nina Patel,Done,Critical,2026-06-18,2026-03-27,2026-04-01,HR,Blocked
T-0968,Configure rollout wrap-up,Jordan West,Done,Low,2026-05-26,2026-02-15,2026-03-25,HR,Done
T-0969,Investigate report for legal review,Wendy Lee,Not Started,Medium,2026-03-16,2026-01-31,,Finance,Not Started
T-0970,Draft service for new hires,Nina Patel,Done,High,2026-06-11,2026-03-05,2026-04-17,HR,Blocked
T-0971,Decommission report in EU region,Jordan West,Done,High,2026-06-27,2026-04-17,2026-04-22,HR,In Progress
T-0972,Test workflow after incident #47,Tara Okonkwo,Done,Low,2026-03-25,2026-01-22,2026-04-27,Operations,Done
T-0973,Migrate checklist across teams,Maya Park,Done,Medium,2026-04-06,2026-03-03,2026-03-17,Engineering,Done
T-0974,Validate rollout for partners,Nina Patel,Done,High,2026-07-21,2026-04-24,2026-04-27,HR,Done
T-0975,Configure report after incident #47,Anita Rao,Not Started,Low,2026-07-04,2026-04-05,,Finance,Not Started
T-0976,Negotiate checklist Q1,Sasha Mendel,Done,Medium,2026-06-27,2026-05-02,2026-05-02,Security,Done
T-0977,Decommission review wrap-up,Devon Park,In Progress,High,2026-06-22,2026-04-29,,Security,In Progress
T-0978,Review spec for new hires,Wendy Lee,Not Started,High,2026-04-10,2026-02-17,,Finance,Not Started
T-0979,Audit campaign annual,Ben Hartley,Not Started,High,2026-05-14,2026-02-08,,Product,Not Started
T-0980,Approve rollout in EU region,Priya Nair,Done,Low,2026-02-25,2026-01-17,2026-03-26,Engineering,In Progress
T-0981,Review rollout Q1,Devon Reyes,Not Started,Medium,2026-07-07,2026-04-23,,Operations,Not Started
T-0982,Negotiate spec for executive sync,Owen Briggs,Done,High,2026-06-16,2026-04-08,2026-04-25,HR,Done
T-0983,Coordinate review phase 2,Tara Okonkwo,Not Started,Medium,2026-03-05,2026-02-05,,Operations,Not Started
T-0984,Coordinate rollout for executive sync,Maya Iwata,Not Started,High,2026-03-04,2026-01-05,,Marketing,Not Started
T-0985,Coordinate runbook for partners,Maya Park,In Progress,Medium,2026-04-22,2026-02-16,,Engineering,In Progress
T-0986,Coordinate report phase 2,Anita Rao,In Progress,High,2026-02-17,2026-01-10,,Finance,In Progress
T-0987,Refactor pipeline annual,Lila Zheng,In Progress,High,2026-06-20,2026-03-16,,Product,In Progress
T-0988,Roll out migration phase 2,James Liu,Done,Medium,2026-05-19,2026-03-24,2026-04-27,Operations,Done
T-0989,Document service after incident #47,Riley Kim,Done,High,2026-03-23,2026-01-26,2026-04-21,Marketing,Done
T-0990,Audit spec annual,Anita Rao,Done,Critical,2026-07-28,2026-04-24,2026-04-24,Finance,Done
T-0991,Draft service Q1,Nina Patel,Done,High,2026-05-14,2026-02-08,2026-04-04,HR,Done
T-0992,Optimize framework annual,Anita Rao,Not Started,Medium,2026-03-20,2026-03-05,,Finance,Not Started
T-0993,Optimize policy follow-up,Owen Briggs,Done,High,2026-03-25,2026-01-09,2026-02-13,HR,Done
T-0994,Decommission training phase 2,Maya Iwata,Done,Low,2026-08-06,2026-04-28,2026-04-29,Marketing,Blocked
T-0995,Review renewal phase 2,Wendy Lee,Done,Medium,2026-04-05,2026-01-28,2026-04-22,Finance,Done
T-0996,Negotiate pipeline across teams,Tara Okonkwo,Done,Medium,2026-07-01,2026-04-01,2026-04-05,Operations,Done
T-0997,Refactor framework follow-up,Jordan Bell,Not Started,Low,2026-02-12,2026-01-03,,Engineering,Not Started
T-0998,Implement rollout in EU region,Jordan Bell,In Progress,Medium,2026-01-21,2026-01-03,,Engineering,In Progress
T-0999,Plan service follow-up,Sam Khoury,In Progress,Medium,2026-06-29,2026-04-14,,Engineering,In Progress
T-1000,Implement renewal for executive sync,Alex Wang,Done,Medium,2026-08-01,2026-04-21,2026-04-28,Engineering,Done
T-1001,Audit rubric phase 2,Maya Chen,Not Started,High,2026-05-01,2026-02-11,,Product,Not Started
T-1002,Test playbook Q1,Anita Rao,In Progress,Medium,2026-03-07,2026-01-22,,Finance,In Progress
T-1003,Review rubric v2,Wendy Lee,In Progress,High,2026-04-27,2026-02-06,,Finance,In Progress
T-1004,Approve report consolidation,Wendy Lee,In Progress,Medium,2026-05-22,2026-03-02,,Finance,In Progress
T-1005,Test migration in EU region,Maya Iwata,In Progress,High,2026-05-25,2026-02-22,,Marketing,In Progress
T-1006,Plan runbook for legal review,Jordan Bell,Not Started,High,2026-03-11,2026-01-21,,Engineering,Not Started
T-1007,Onboard checklist follow-up,Maya Park,Done,High,2026-04-13,2026-01-25,2026-01-26,Engineering,Done
T-1008,Decommission audit for legal review,James Liu,Not Started,High,2026-04-16,2026-02-10,,Operations,Not Started
T-1009,Audit workflow kickoff,Carlos Vega,Done,Medium,2026-05-04,2026-03-08,2026-03-16,Marketing,Done
T-1010,Draft pipeline after incident #47,Yumi Tanaka,Not Started,Critical,2026-06-12,2026-04-02,,Sales,Not Started
T-1011,Decommission playbook v2,Nina Patel,Done,Medium,2026-02-23,2026-01-08,2026-03-10,HR,Blocked
T-1012,Negotiate playbook for Q3,Devon Reyes,Done,Low,2026-07-10,2026-03-30,2026-04-29,Operations,Done
T-1013,Test campaign annual,Maya Park,In Progress,Medium,2026-03-06,2026-02-20,,Engineering,In Progress
T-1014,Plan playbook in EU region,Jordan West,Done,Medium,2026-04-30,2026-03-14,2026-03-29,HR,Blocked
T-1015,Coordinate policy after incident #47,Tara Okonkwo,Done,Low,2026-03-26,2026-02-17,2026-03-11,Operations,Blocked
T-1016,Document audit consolidation,Lila Zheng,Not Started,Low,2026-03-31,2026-01-25,,Product,Not Started
T-1017,Optimize training across teams,Sasha Mendel,In Progress,Medium,2026-04-01,2026-01-17,,Security,In Progress
T-1018,Negotiate playbook for new hires,Lila Zheng,Done,Low,2026-03-12,2026-02-12,2026-05-02,Product,Done
T-1019,Draft rollout follow-up,Riley Kim,In Progress,Medium,2026-03-22,2026-01-10,,Marketing,Not Started
T-1020,Configure dashboard for partners,Devon Reyes,Blocked,Medium,2026-03-13,2026-02-24,,Operations,In Progress
T-1021,Draft checklist consolidation,Yumi Tanaka,Done,Low,2026-06-12,2026-03-01,2026-04-22,Sales,Done
T-1022,Audit dashboard for legal review,Riley Kim,Done,Medium,2026-03-06,2026-01-07,2026-04-02,Marketing,Done
T-1023,Test rollout v2,Maya Iwata,Not Started,Medium,2026-06-26,2026-04-17,,Marketing,Not Started
T-1024,Investigate training for partners,Carlos Vega,Done,Medium,2026-04-09,2026-01-04,2026-01-28,Marketing,Done
T-1025,Approve training phase 2,Wendy Lee,In Progress,Medium,2026-06-16,2026-04-18,,Finance,In Progress
T-1026,Audit pipeline follow-up,James Liu,In Progress,High,2026-03-14,2026-02-05,,Operations,In Progress
T-1027,Test policy across teams,Marcus Tate,In Progress,High,2026-07-11,2026-04-11,,Sales,In Progress
T-1028,Update renewal consolidation,Maya Iwata,Not Started,Low,2026-06-06,2026-04-25,,Marketing,Not Started
T-1029,Update review across teams,Sasha Mendel,In Progress,Medium,2026-04-07,2026-01-21,,Security,In Progress
T-1030,Optimize migration phase 2,Riley Kim,Not Started,Medium,2026-02-23,2026-01-31,,Marketing,Not Started
T-1031,Roll out integration consolidation,Anita Rao,Done,Low,2026-03-12,2026-02-01,2026-03-04,Finance,Done
T-1032,Review rollout for new hires,Yumi Tanaka,Done,Medium,2026-05-18,2026-04-11,2026-05-01,Sales,Done
T-1033,Optimize playbook across teams,Sam Khoury,In Progress,Medium,2026-06-21,2026-04-20,,Engineering,In Progress
T-1034,Negotiate playbook kickoff,Nina Patel,Done,Medium,2026-04-08,2026-01-21,2026-02-10,HR,Done
T-1035,Validate report for Q3,Carlos Vega,Blocked,Medium,2026-06-28,2026-05-01,,Marketing,Blocked
T-1036,Roll out report v2,Maya Iwata,In Progress,Medium,2026-04-20,2026-01-21,,Marketing,In Progress
T-1037,Onboard rubric for Q3,Wendy Lee,Not Started,High,2026-06-18,2026-04-05,,Finance,Not Started
T-1038,Draft playbook in EU region,Anita Rao,Not Started,Medium,2026-04-18,2026-03-11,,Finance,Not Started
T-1039,Test training across teams,Carlos Vega,Not Started,High,2026-06-12,2026-03-17,,Marketing,Not Started
T-1040,Launch playbook for new hires,Carlos Vega,In Progress,Medium,2026-06-11,2026-03-07,,Marketing,Done
T-1041,Approve framework wrap-up,Nina Patel,In Progress,Medium,2026-05-08,2026-03-01,,HR,In Progress
T-1042,Decommission rollout Q1,Ben Hartley,In Progress,Low,2026-03-27,2026-02-16,,Product,In Progress
T-1043,Investigate checklist for legal review,Wendy Lee,Done,Medium,2026-03-26,2026-03-09,2026-03-17,Finance,Done
T-1044,Onboard framework for new hires,Marcus Tate,Blocked,Low,2026-04-25,2026-03-05,,Sales,Blocked
T-1045,Audit service follow-up,James Liu,In Progress,Medium,2026-04-12,2026-01-12,,Operations,In Progress
T-1046,Refactor service for partners,Devon Park,Not Started,High,2026-05-24,2026-04-03,,Security,Not Started
T-1047,Review rollout consolidation,Anita Rao,Not Started,Medium,2026-02-21,2026-02-03,,Finance,Not Started
T-1048,Review workflow annual,Owen Briggs,In Progress,Medium,2026-04-20,2026-01-11,,HR,In Progress
T-1049,Onboard integration consolidation,Tara Okonkwo,Done,Medium,2026-07-19,2026-04-20,2026-04-24,Operations,Done
T-1050,Refactor report Q1,Cara Singh,Done,High,2026-03-28,2026-01-23,2026-04-09,Product,Done
T-1051,Document migration kickoff,Sam Khoury,Not Started,Medium,2026-05-14,2026-04-19,,Engineering,Not Started
T-1052,Optimize renewal wrap-up,Anita Rao,In Progress,Low,2026-02-04,2026-01-15,,Finance,In Progress
T-1053,Refactor playbook consolidation,Ben Hartley,Not Started,Low,2026-02-26,2026-01-14,,Product,Not Started
T-1054,Coordinate report for executive sync,Nina Patel,In Progress,Medium,2026-05-23,2026-03-30,,HR,In Progress
T-1055,Plan spec for new hires,Tara Okonkwo,Not Started,Medium,2026-02-27,2026-01-21,,Operations,Not Started
T-1056,Refactor runbook consolidation,Devon Reyes,Done,Medium,2026-05-01,2026-01-30,2026-03-10,Operations,Done
T-1057,Test policy for new hires,Carlos Vega,Done,Medium,2026-04-08,2026-02-10,2026-04-12,Marketing,Done
T-1058,Refactor migration in EU region,Devon Reyes,Not Started,Medium,2026-02-21,2026-01-15,,Operations,Not Started
T-1059,Document pipeline follow-up,Owen Briggs,Not Started,Medium,2026-06-17,2026-04-18,,HR,Not Started
T-1060,Approve migration in EU region,Wendy Lee,Not Started,Medium,2026-03-20,2026-01-17,,Finance,Not Started
T-1061,Implement campaign across teams,Devon Reyes,In Progress,High,2026-05-29,2026-04-26,,Operations,In Progress
T-1062,Onboard rubric wrap-up,Ben Hartley,Not Started,High,2026-05-21,2026-03-28,,Product,Not Started
T-1063,Review runbook for partners,Sam Khoury,In Progress,High,2026-03-18,2026-03-03,,Engineering,In Progress
T-1064,Onboard workflow for Q3,Ben Hartley,In Progress,High,2026-02-05,2026-01-20,,Product,In Progress
T-1065,Investigate playbook for executive sync,Marcus Tate,Blocked,Low,2026-04-11,2026-02-25,,Sales,Blocked
T-1066,Validate rollout phase 2,Ben Hartley,In Progress,Medium,2026-05-19,2026-02-13,,Product,Done
T-1067,Coordinate rubric for Q3,Maya Iwata,In Progress,Medium,2026-03-19,2026-02-27,,Marketing,Not Started
T-1068,Implement rubric wrap-up,James Liu,Done,Medium,2026-06-06,2026-04-15,2026-04-25,Operations,Done
T-1069,Implement campaign for executive sync,Sasha Mendel,Blocked,Medium,2026-04-05,2026-01-18,,Security,Blocked
T-1070,Launch dashboard across teams,Priya Nair,Done,Low,2026-07-16,2026-05-02,2026-05-02,Engineering,Done
T-1071,Update rollout for partners,Nina Patel,In Progress,Medium,2026-05-10,2026-02-06,,HR,Not Started
T-1072,Configure rollout for partners,Cara Singh,Not Started,High,2026-05-24,2026-02-25,,Product,Not Started
T-1073,Refactor runbook wrap-up,Sam Khoury,In Progress,Low,2026-04-18,2026-03-30,,Engineering,Not Started
T-1074,Update rollout Q1,Owen Briggs,Done,Critical,2026-03-21,2026-02-15,2026-03-13,HR,Done
T-1075,Audit audit across teams,Alex Wang,Done,Medium,2026-03-23,2026-03-03,2026-03-11,Engineering,Done
T-1076,Validate audit for Q3,Ben Hartley,Done,Low,2026-04-22,2026-02-09,2026-03-25,Product,Done
T-1077,Onboard training kickoff,Jordan Bell,Done,Medium,2026-05-05,2026-02-13,2026-04-27,Engineering,Done
T-1078,Approve report phase 2,Erik Andersson,Not Started,Medium,2026-04-02,2026-03-13,,Sales,Not Started
T-1079,Launch playbook for Q3,Riley Kim,In Progress,High,2026-03-30,2026-03-02,,Marketing,In Progress
T-1080,Migrate workflow wrap-up,Erik Andersson,Blocked,Low,2026-03-25,2026-01-03,,Sales,Blocked
T-1081,Review integration Q1,Devon Reyes,In Progress,Medium,2026-07-08,2026-03-28,,Operations,In Progress
T-1082,Draft rollout for legal review,Devon Park,In Progress,Medium,2026-06-03,2026-02-26,,Security,In Progress
T-1083,Investigate spec follow-up,James Liu,Blocked,Medium,2026-03-31,2026-01-20,,Operations,Blocked
T-1084,Validate rubric consolidation,Riley Kim,Blocked,Medium,2026-04-15,2026-03-25,,Marketing,In Progress
T-1085,Decommission playbook for partners,Yumi Tanaka,In Progress,Critical,2026-04-21,2026-01-09,,Sales,In Progress
T-1086,Refactor renewal for executive sync,Ben Hartley,Not Started,Low,2026-06-17,2026-03-24,,Product,Not Started
T-1087,Configure service wrap-up,Devon Reyes,Not Started,High,2026-03-31,2026-01-04,,Operations,Not Started
T-1088,Validate migration for partners,Devon Reyes,Not Started,High,2026-03-23,2026-02-03,,Operations,Not Started
T-1089,Audit integration for partners,Erik Andersson,In Progress,Medium,2026-05-16,2026-02-28,,Sales,Not Started
T-1090,Coordinate integration kickoff,Sasha Mendel,In Progress,High,2026-05-13,2026-04-01,,Security,In Progress
T-1091,Decommission policy phase 2,Carlos Vega,Not Started,Low,2026-06-30,2026-04-30,,Marketing,Not Started
T-1092,Update audit for new hires,Maya Iwata,Not Started,High,2026-03-24,2026-01-28,,Marketing,Not Started
T-1093,Configure framework wrap-up,Maya Park,In Progress,Medium,2026-03-17,2026-01-11,,Engineering,In Progress
T-1094,Validate framework consolidation,Sasha Mendel,In Progress,Medium,2026-01-27,2026-01-11,,Security,In Progress
T-1095,Review training wrap-up,Maya Park,Done,High,2026-04-13,2026-01-31,2026-03-02,Engineering,Done
T-1096,Implement report in EU region,Priya Nair,Done,High,2026-04-12,2026-01-10,2026-01-13,Engineering,In Progress
T-1097,Investigate runbook for new hires,Tara Okonkwo,Not Started,Medium,2026-07-16,2026-04-08,,Operations,Not Started
T-1098,Roll out playbook wrap-up,Cara Singh,Blocked,High,2026-05-23,2026-03-06,,Product,Blocked
T-1099,Update report after incident #47,Devon Park,In Progress,Low,2026-02-23,2026-01-28,,Security,In Progress
T-1100,Draft rubric follow-up,Alex Wang,Not Started,Low,2026-07-13,2026-05-01,,Engineering,Not Started
T-1101,Document spec kickoff,Jordan West,Not Started,Low,2026-06-09,2026-04-20,,HR,Not Started
T-1102,Refactor service phase 2,Nina Patel,In Progress,Low,2026-05-10,2026-03-11,,HR,In Progress
T-1103,Update checklist for partners,Erik Andersson,Done,High,2026-06-24,2026-03-18,2026-04-08,Sales,Blocked
T-1104,Document report phase 2,Devon Reyes,In Progress,Medium,2026-05-04,2026-02-19,,Operations,In Progress
T-1105,Approve rubric kickoff,Marcus Tate,In Progress,Low,2026-05-09,2026-02-19,,Sales,Not Started
T-1106,Plan review Q1,Sasha Mendel,Not Started,Medium,2026-05-14,2026-03-01,,Security,Not Started
T-1107,Migrate service for new hires,Cara Singh,Not Started,Low,2026-04-07,2026-01-15,,Product,Not Started
T-1108,Audit rubric annual,James Liu,Not Started,High,2026-05-19,2026-04-05,,Operations,Not Started
T-1109,Negotiate rollout for partners,Anita Rao,Done,Medium,2026-06-28,2026-04-09,2026-04-21,Finance,Done
T-1110,Update service for executive sync,Nina Patel,Done,Low,2026-05-29,2026-03-26,2026-04-17,HR,Done
T-1111,Review framework for partners,Riley Kim,In Progress,Medium,2026-04-04,2026-03-14,,Marketing,In Progress
T-1112,Optimize renewal consolidation,Maya Park,Blocked,Medium,2026-05-20,2026-03-14,,Engineering,Blocked
T-1113,Optimize policy v2,Erik Andersson,Not Started,Medium,2026-04-10,2026-02-11,,Sales,Not Started
T-1114,Decommission integration for Q3,Riley Kim,Not Started,High,2026-03-31,2026-03-13,,Marketing,Not Started
T-1115,Configure training annual,Devon Park,Done,Medium,2026-05-02,2026-03-24,2026-04-19,Security,Blocked
T-1116,Coordinate spec after incident #47,Jordan West,Done,Medium,2026-07-16,2026-05-02,2026-05-02,HR,Done
T-1117,Investigate framework consolidation,Sasha Mendel,Blocked,Low,2026-02-14,2026-01-13,,Security,Blocked
T-1118,Refactor playbook Q1,Anita Rao,In Progress,Medium,2026-06-08,2026-03-17,,Finance,In Progress
T-1119,Investigate pipeline wrap-up,Sasha Mendel,Done,Medium,2026-03-31,2026-03-08,2026-04-10,Security,Done
T-1120,Coordinate campaign annual,Riley Kim,Not Started,Low,2026-07-23,2026-04-14,,Marketing,Not Started
T-1121,Migrate pipeline for Q3,Anita Rao,Blocked,High,2026-05-08,2026-02-02,,Finance,Blocked
T-1122,Review service for legal review,Maya Chen,Not Started,Medium,2026-02-18,2026-01-27,,Product,Not Started
T-1123,Implement audit for legal review,Devon Park,In Progress,High,2026-04-26,2026-02-22,,Security,In Progress
T-1124,Implement migration across teams,Cara Singh,Done,Medium,2026-05-27,2026-04-19,2026-04-19,Product,In Progress
T-1125,Audit workflow after incident #47,Devon Park,Done,High,2026-04-15,2026-01-23,2026-04-29,Security,Done
T-1126,Implement checklist phase 2,Tara Okonkwo,In Progress,High,2026-03-23,2026-01-18,,Operations,In Progress
T-1127,Plan campaign for executive sync,Riley Kim,Done,Critical,2026-04-07,2026-01-28,2026-03-06,Marketing,Done
T-1128,Optimize playbook annual,Wendy Lee,In Progress,High,2026-04-02,2026-01-28,,Finance,In Progress
T-1129,Plan checklist phase 2,Maya Chen,Not Started,Medium,2026-04-07,2026-03-20,,Product,Not Started
T-1130,Audit policy kickoff,Ben Hartley,Not Started,Medium,2026-06-29,2026-04-03,,Product,Not Started
T-1131,Configure migration after incident #47,Sam Khoury,Done,High,2026-06-15,2026-04-12,2026-04-21,Engineering,In Progress
T-1132,Launch dashboard for executive sync,Jordan Bell,Blocked,Medium,2026-06-07,2026-03-17,,Engineering,Blocked
T-1133,Approve runbook annual,Sasha Mendel,Done,High,2026-02-19,2026-02-02,2026-02-06,Security,Done
T-1134,Implement integration v2,Anita Rao,In Progress,Low,2026-05-19,2026-02-13,,Finance,In Progress
T-1135,Configure dashboard in EU region,Jordan West,Done,Medium,2026-02-17,2026-01-31,2026-02-16,HR,Done
T-1136,Refactor dashboard follow-up,Lila Zheng,In Progress,Low,2026-07-11,2026-04-20,,Product,In Progress
T-1137,Approve audit after incident #47,Riley Kim,Not Started,Low,2026-03-22,2026-02-24,,Marketing,Not Started
T-1138,Decommission workflow kickoff,Priya Nair,In Progress,High,2026-02-22,2026-02-05,,Engineering,Done
T-1139,Update rollout for executive sync,Lila Zheng,Done,Medium,2026-05-07,2026-02-04,2026-02-19,Product,Done
T-1140,Implement workflow kickoff,James Liu,In Progress,Medium,2026-03-13,2026-01-22,,Operations,In Progress
T-1141,Decommission audit annual,Sasha Mendel,Done,Medium,2026-03-04,2026-02-14,2026-03-21,Security,Done
T-1142,Update rollout in EU region,James Liu,Done,Low,2026-05-25,2026-03-13,2026-04-23,Operations,Done
T-1143,Investigate review consolidation,Lila Zheng,In Progress,Low,2026-02-15,2026-01-20,,Product,In Progress
T-1144,Launch rollout for legal review,Devon Reyes,Done,Medium,2026-03-21,2026-02-03,2026-02-09,Operations,In Progress
T-1145,Review integration for new hires,Sasha Mendel,In Progress,Medium,2026-02-25,2026-01-13,,Security,In Progress
T-1146,Plan playbook wrap-up,Riley Kim,Not Started,Medium,2026-03-27,2026-01-19,,Marketing,Not Started
T-1147,Launch training follow-up,Tara Okonkwo,In Progress,Low,2026-03-01,2026-01-23,,Operations,In Progress
T-1148,Migrate spec after incident #47,Riley Kim,In Progress,Low,2026-05-08,2026-02-18,,Marketing,In Progress
T-1149,Launch audit for Q3,Marcus Tate,Done,Low,2026-07-27,2026-04-19,2026-04-30,Sales,Done
T-1150,Configure dashboard for new hires,Devon Park,In Progress,Medium,2026-02-23,2026-01-15,,Security,In Progress
T-1151,Audit spec annual,Ben Hartley,In Progress,Medium,2026-03-06,2026-01-25,,Product,Done
T-1152,Plan integration wrap-up,Lila Zheng,In Progress,Medium,2026-02-09,2026-01-21,,Product,Done
T-1153,Draft training for Q3,Marcus Tate,Blocked,Medium,2026-04-04,2026-02-10,,Sales,Blocked
T-1154,Approve audit after incident #47,Wendy Lee,Not Started,Low,2026-05-10,2026-03-28,,Finance,Not Started
T-1155,Investigate training consolidation,Sasha Mendel,Blocked,Medium,2026-05-09,2026-03-27,,Security,In Progress
T-1156,Update rollout for executive sync,Maya Iwata,In Progress,Low,2026-04-26,2026-04-03,,Marketing,In Progress
T-1157,Document policy for partners,Devon Reyes,In Progress,Medium,2026-03-08,2026-01-15,,Operations,In Progress
T-1158,Refactor policy in EU region,Owen Briggs,Done,Medium,2026-07-15,2026-04-15,2026-04-18,HR,Done
T-1159,Roll out integration for partners,Priya Nair,Not Started,Medium,2026-03-20,2026-01-11,,Engineering,Not Started
T-1160,Coordinate rollout for executive sync,Carlos Vega,Done,Medium,2026-05-28,2026-04-10,2026-04-16,Marketing,Done
T-1161,Configure rubric wrap-up,Maya Park,Done,Medium,2026-03-30,2026-02-12,2026-04-04,Engineering,Done
T-1162,Configure campaign wrap-up,Riley Kim,In Progress,Medium,2026-05-03,2026-04-16,,Marketing,In Progress
T-1163,Configure policy for executive sync,Maya Iwata,In Progress,Critical,2026-03-07,2026-02-02,,Marketing,Not Started
T-1164,Draft rollout phase 2,Devon Reyes,Blocked,Low,2026-05-13,2026-02-14,,Operations,Blocked
T-1165,Coordinate checklist wrap-up,Riley Kim,In Progress,High,2026-04-22,2026-02-23,,Marketing,In Progress
T-1166,Configure policy after incident #47,Anita Rao,Done,Low,2026-04-03,2026-02-07,2026-03-07,Finance,Done
T-1167,Investigate playbook for partners,Devon Reyes,Blocked,Medium,2026-05-21,2026-02-13,,Operations,Blocked
T-1168,Launch workflow phase 2,Yumi Tanaka,In Progress,Medium,2026-05-10,2026-02-13,,Sales,In Progress
T-1169,Launch rollout phase 2,Nina Patel,Not Started,Medium,2026-05-16,2026-03-08,,HR,Not Started
T-1170,Decommission training for legal review,Jordan Bell,Not Started,Medium,2026-03-30,2026-01-19,,Engineering,Not Started
T-1171,Review rubric for executive sync,Devon Reyes,Not Started,Medium,2026-03-06,2026-01-25,,Operations,Not Started
T-1172,Launch rollout for partners,Devon Reyes,Done,Low,2026-05-07,2026-02-03,2026-04-03,Operations,In Progress
T-1173,Plan review annual,Owen Briggs,Done,High,2026-03-29,2026-03-09,2026-04-04,HR,Done
T-1174,Document migration for Q3,Wendy Lee,Blocked,High,2026-04-05,2026-01-04,,Finance,Blocked
T-1175,Approve dashboard for legal review,Jordan West,Done,High,2026-02-15,2026-01-28,2026-04-28,HR,Done
T-1176,Onboard pipeline follow-up,Devon Park,In Progress,Medium,2026-02-16,2026-01-13,,Security,In Progress
T-1177,Coordinate playbook kickoff,Sasha Mendel,Done,Medium,2026-06-23,2026-05-02,2026-05-02,Security,Done
T-1178,Onboard migration across teams,Sasha Mendel,Not Started,Medium,2026-07-28,2026-04-29,,Security,Not Started
T-1179,Validate workflow in EU region,Wendy Lee,Done,Medium,2026-03-25,2026-02-22,2026-04-02,Finance,Done
T-1180,Configure workflow in EU region,Nina Patel,Done,High,2026-03-22,2026-01-15,2026-04-29,HR,Done
T-1181,Launch migration in EU region,Sam Khoury,Not Started,High,2026-06-19,2026-03-15,,Engineering,Not Started
T-1182,Review policy after incident #47,Jordan West,Done,Medium,2026-03-12,2026-01-31,2026-04-21,HR,Done
T-1183,Configure report for partners,Sasha Mendel,In Progress,High,2026-04-20,2026-03-16,,Security,In Progress
T-1184,Configure migration kickoff,Alex Wang,Done,High,2026-02-28,2026-01-27,2026-02-02,Engineering,Done
T-1185,Audit framework for new hires,Yumi Tanaka,Done,Medium,2026-06-03,2026-03-12,2026-04-08,Sales,Done
T-1186,Refactor rollout phase 2,Tara Okonkwo,In Progress,Medium,2026-04-14,2026-02-18,,Operations,Not Started
T-1187,Document integration in EU region,Devon Park,Done,Low,2026-07-07,2026-04-09,2026-04-29,Security,Done
T-1188,Implement integration wrap-up,Yumi Tanaka,In Progress,Low,2026-05-23,2026-04-15,,Sales,In Progress
T-1189,Test rollout follow-up,Devon Reyes,In Progress,Low,2026-02-22,2026-01-31,,Operations,In Progress
T-1190,Onboard training after incident #47,Yumi Tanaka,In Progress,Medium,2026-06-15,2026-04-29,,Sales,In Progress
T-1191,Audit runbook in EU region,James Liu,Done,Medium,2026-07-16,2026-04-09,2026-04-17,Operations,Done
T-1192,Investigate rollout wrap-up,Priya Nair,In Progress,Medium,2026-06-01,2026-03-28,,Engineering,Not Started
T-1193,Refactor report across teams,Devon Park,Blocked,Medium,2026-03-21,2026-01-07,,Security,Blocked
T-1194,Implement framework in EU region,Nina Patel,Done,Medium,2026-08-09,2026-04-28,2026-04-30,HR,Done
T-1195,Decommission review phase 2,Wendy Lee,In Progress,Low,2026-06-21,2026-04-28,,Finance,Done
T-1196,Implement integration for executive sync,Maya Chen,In Progress,Medium,2026-05-28,2026-02-18,,Product,In Progress
T-1197,Launch framework annual,Jordan West,In Progress,Low,2026-06-29,2026-04-19,,HR,In Progress
T-1198,Coordinate training for partners,Anita Rao,Done,Medium,2026-06-05,2026-04-20,2026-04-25,Finance,Done
T-1199,Optimize review v2,Lila Zheng,Done,Low,2026-05-24,2026-04-29,2026-05-01,Product,Done
T-1200,Test renewal wrap-up,Anita Rao,Blocked,Medium,2026-05-18,2026-02-05,,Finance,Blocked
T-1201,Test audit for legal review,Riley Kim,In Progress,Low,2026-03-09,2026-02-05,,Marketing,Not Started
T-1202,Optimize audit annual,Devon Reyes,Blocked,Critical,2026-05-12,2026-04-05,,Operations,Blocked
T-1203,Update framework kickoff,Jordan West,Not Started,Medium,2026-01-24,2026-01-03,,HR,Not Started
T-1204,Implement spec in EU region,Ben Hartley,Not Started,Critical,2026-05-08,2026-03-17,,Product,Not Started
T-1205,Refactor workflow Q1,Maya Park,Not Started,High,2026-06-22,2026-04-23,,Engineering,Not Started
T-1206,Document service v2,Riley Kim,In Progress,High,2026-06-23,2026-05-01,,Marketing,In Progress
T-1207,Draft framework wrap-up,Jordan Bell,Done,Medium,2026-05-05,2026-02-10,2026-02-28,Engineering,In Progress
T-1208,Optimize runbook wrap-up,Anita Rao,Blocked,Low,2026-03-07,2026-01-28,,Finance,Blocked
T-1209,Refactor service wrap-up,Devon Reyes,Not Started,Medium,2026-07-25,2026-04-30,,Operations,Not Started
T-1210,Coordinate report in EU region,Marcus Tate,Blocked,Medium,2026-03-13,2026-01-04,,Sales,Blocked
T-1211,Investigate playbook phase 2,Carlos Vega,In Progress,Medium,2026-03-26,2026-01-23,,Marketing,In Progress
T-1212,Onboard integration annual,Ben Hartley,In Progress,Critical,2026-04-21,2026-03-30,,Product,In Progress
T-1213,Approve audit for new hires,Owen Briggs,Not Started,Medium,2026-04-16,2026-02-25,,HR,Not Started
T-1214,Validate service consolidation,Jordan Bell,Blocked,Low,2026-04-27,2026-03-27,,Engineering,Blocked
T-1215,Decommission workflow consolidation,Marcus Tate,Not Started,High,2026-03-30,2026-01-27,,Sales,Not Started
T-1216,Plan report v2,Jordan Bell,Not Started,Medium,2026-03-10,2026-01-19,,Engineering,Not Started
T-1217,Decommission framework for legal review,Devon Reyes,Not Started,Low,2026-05-21,2026-03-19,,Operations,Not Started
T-1218,Onboard workflow annual,Riley Kim,Not Started,High,2026-03-18,2026-01-28,,Marketing,Not Started
T-1219,Update migration wrap-up,Nina Patel,Not Started,Medium,2026-05-22,2026-02-09,,HR,Not Started
T-1220,Update campaign follow-up,Sasha Mendel,In Progress,High,2026-06-09,2026-04-14,,Security,In Progress
T-1221,Configure audit v2,Tara Okonkwo,In Progress,Medium,2026-04-04,2026-01-10,,Operations,Done
T-1222,Implement rollout kickoff,Wendy Lee,Not Started,Low,2026-05-03,2026-03-07,,Finance,Not Started
T-1223,Refactor report for Q3,Tara Okonkwo,In Progress,Low,2026-07-05,2026-04-05,,Operations,In Progress
T-1224,Migrate audit annual,Sasha Mendel,Not Started,Medium,2026-05-07,2026-03-01,,Security,Not Started
T-1225,Onboard workflow for legal review,Sam Khoury,In Progress,Medium,2026-04-13,2026-03-08,,Engineering,In Progress
T-1226,Validate dashboard for legal review,Maya Chen,Not Started,Low,2026-07-18,2026-04-28,,Product,Not Started
T-1227,Coordinate migration v2,Sasha Mendel,In Progress,High,2026-07-05,2026-03-28,,Security,In Progress
T-1228,Draft migration kickoff,Erik Andersson,In Progress,Low,2026-06-29,2026-03-20,,Sales,In Progress
T-1229,Roll out audit follow-up,Maya Iwata,Done,Medium,2026-05-21,2026-02-14,2026-04-16,Marketing,Done
T-1230,Configure checklist consolidation,Alex Wang,Done,Medium,2026-04-05,2026-02-01,2026-02-22,Engineering,Done
T-1231,Launch playbook for new hires,Carlos Vega,Not Started,Low,2026-05-13,2026-02-20,,Marketing,Not Started
T-1232,Launch integration for partners,Ben Hartley,Done,Medium,2026-05-06,2026-04-02,2026-04-22,Product,Done
T-1233,Roll out report for executive sync,Marcus Tate,Not Started,Low,2026-05-25,2026-03-10,,Sales,Not Started
T-1234,Coordinate rubric after incident #47,Erik Andersson,Not Started,Low,2026-06-22,2026-04-27,,Sales,Not Started
T-1235,Investigate campaign consolidation,Wendy Lee,Done,Medium,2026-04-06,2026-02-22,2026-03-17,Finance,Done
T-1236,Coordinate runbook Q1,James Liu,Not Started,High,2026-05-01,2026-03-19,,Operations,Not Started
T-1237,Configure playbook in EU region,Lila Zheng,In Progress,Medium,2026-03-29,2026-02-01,,Product,In Progress
T-1238,Launch dashboard consolidation,Sasha Mendel,In Progress,Medium,2026-05-07,2026-02-03,,Security,Done
T-1239,Decommission migration follow-up,Alex Wang,Not Started,Medium,2026-07-09,2026-04-11,,Engineering,Not Started
T-1240,Negotiate runbook Q1,Maya Chen,Done,High,2026-03-13,2026-02-13,2026-04-27,Product,Done
T-1241,Optimize campaign for partners,Lila Zheng,Not Started,Medium,2026-06-13,2026-03-28,,Product,Not Started
T-1242,Coordinate renewal in EU region,Anita Rao,In Progress,Low,2026-05-14,2026-04-18,,Finance,In Progress
T-1243,Test checklist v2,Tara Okonkwo,Not Started,Medium,2026-02-01,2026-01-04,,Operations,Not Started
T-1244,Plan runbook Q1,Wendy Lee,In Progress,Medium,2026-03-15,2026-01-06,,Finance,In Progress
T-1245,Configure integration in EU region,Carlos Vega,Done,Low,2026-03-02,2026-01-17,2026-04-09,Marketing,Done
T-1246,Update workflow phase 2,Riley Kim,Done,Medium,2026-07-07,2026-04-06,2026-04-11,Marketing,Done
T-1247,Test workflow across teams,Wendy Lee,Done,Low,2026-06-24,2026-03-23,2026-04-19,Finance,Done
T-1248,Document framework kickoff,Devon Reyes,In Progress,Medium,2026-07-25,2026-04-26,,Operations,In Progress
T-1249,Coordinate service for new hires,Wendy Lee,Done,Low,2026-06-13,2026-04-17,2026-05-02,Finance,Done
T-1250,Test policy v2,Maya Park,In Progress,Medium,2026-02-24,2026-02-03,,Engineering,In Progress
T-1251,Plan playbook kickoff,Owen Briggs,Done,Low,2026-05-03,2026-02-22,2026-03-04,HR,Done
T-1252,Audit report for new hires,Riley Kim,In Progress,Critical,2026-04-26,2026-01-24,,Marketing,Not Started
T-1253,Decommission runbook for partners,Yumi Tanaka,In Progress,High,2026-02-23,2026-01-21,,Sales,In Progress
T-1254,Document renewal for partners,Devon Reyes,Done,Medium,2026-03-24,2026-02-21,2026-02-24,Operations,Done
T-1255,Decommission renewal after incident #47,Sasha Mendel,Blocked,Low,2026-04-03,2026-01-31,,Security,Blocked
T-1256,Document review for executive sync,Carlos Vega,Done,Low,2026-05-15,2026-04-15,2026-04-16,Marketing,Done
T-1257,Onboard renewal for executive sync,Maya Chen,In Progress,Low,2026-04-19,2026-01-24,,Product,In Progress
T-1258,Review renewal phase 2,Nina Patel,In Progress,Medium,2026-03-08,2026-02-12,,HR,In Progress
T-1259,Audit dashboard phase 2,Wendy Lee,Not Started,Medium,2026-06-09,2026-03-19,,Finance,Not Started
T-1260,Implement spec follow-up,Yumi Tanaka,In Progress,Medium,2026-07-09,2026-03-30,,Sales,Done
T-1261,Migrate checklist for legal review,Devon Park,Done,High,2026-04-22,2026-04-03,2026-04-10,Security,Done
T-1262,Audit spec for legal review,Nina Patel,Blocked,High,2026-05-09,2026-03-11,,HR,Blocked
T-1263,Configure runbook for new hires,Erik Andersson,In Progress,High,2026-05-15,2026-02-10,,Sales,In Progress
T-1264,Migrate framework v2,Erik Andersson,Not Started,Low,2026-03-28,2026-03-03,,Sales,Not Started
T-1265,Optimize framework for new hires,Riley Kim,In Progress,Medium,2026-05-31,2026-02-18,,Marketing,In Progress
T-1266,Refactor renewal v2,Jordan Bell,Not Started,Medium,2026-04-22,2026-04-08,,Engineering,Not Started
T-1267,Audit review Q1,Maya Iwata,In Progress,Medium,2026-04-26,2026-02-19,,Marketing,Done
T-1268,Audit audit across teams,Wendy Lee,Not Started,Medium,2026-04-03,2026-03-06,,Finance,Not Started
T-1269,Test audit across teams,Jordan West,Done,Low,2026-02-15,2026-01-31,2026-02-15,HR,Done
T-1270,Document integration for Q3,Maya Chen,In Progress,High,2026-04-27,2026-03-02,,Product,In Progress
T-1271,Roll out policy for legal review,Anita Rao,Done,Medium,2026-06-17,2026-04-14,2026-04-18,Finance,Blocked
T-1272,Implement service wrap-up,Devon Reyes,Blocked,High,2026-06-20,2026-04-25,,Operations,Blocked
T-1273,Coordinate report for executive sync,Nina Patel,Blocked,Low,2026-03-17,2026-01-06,,HR,Blocked
T-1274,Implement migration Q1,Tara Okonkwo,Not Started,Low,2026-03-28,2026-01-21,,Operations,Not Started
T-1275,Coordinate checklist kickoff,Jordan West,In Progress,Low,2026-07-22,2026-04-26,,HR,In Progress
T-1276,Refactor campaign consolidation,Sam Khoury,Blocked,Low,2026-07-11,2026-04-29,,Engineering,Blocked
T-1277,Decommission rubric after incident #47,Jordan Bell,In Progress,High,2026-05-17,2026-04-03,,Engineering,In Progress
T-1278,Draft audit annual,Maya Chen,Blocked,Medium,2026-05-20,2026-04-28,,Product,Blocked
T-1279,Refactor migration phase 2,Anita Rao,Done,Low,2026-07-04,2026-03-25,2026-04-07,Finance,Blocked
T-1280,Implement training consolidation,Anita Rao,In Progress,High,2026-07-26,2026-04-16,,Finance,In Progress
T-1281,Draft migration wrap-up,Maya Park,In Progress,Medium,2026-04-20,2026-04-02,,Engineering,In Progress
T-1282,Review policy annual,Yumi Tanaka,In Progress,Medium,2026-08-06,2026-04-29,,Sales,In Progress
T-1283,Approve workflow for Q3,Yumi Tanaka,Done,Medium,2026-04-24,2026-02-07,2026-04-09,Sales,Done
T-1284,Refactor training for new hires,Wendy Lee,In Progress,Medium,2026-03-30,2026-02-19,,Finance,In Progress
T-1285,Document renewal in EU region,Carlos Vega,Blocked,Medium,2026-06-25,2026-04-20,,Marketing,Blocked
T-1286,Refactor renewal for new hires,Sasha Mendel,Done,Medium,2026-07-04,2026-04-01,2026-04-24,Security,In Progress
T-1287,Audit workflow for Q3,Devon Park,Done,Medium,2026-04-22,2026-03-25,2026-04-25,Security,Done
T-1288,Refactor framework wrap-up,Ben Hartley,Done,High,2026-06-06,2026-04-25,2026-04-28,Product,Done
T-1289,Roll out workflow after incident #47,Marcus Tate,Done,High,2026-04-26,2026-03-19,2026-04-09,Sales,Done
T-1290,Optimize report in EU region,Wendy Lee,In Progress,Low,2026-04-20,2026-03-20,,Finance,In Progress
T-1291,Investigate spec for Q3,Wendy Lee,Done,High,2026-03-29,2026-02-22,2026-03-02,Finance,Done
T-1292,Configure training follow-up,Erik Andersson,In Progress,Low,2026-06-07,2026-04-11,,Sales,In Progress
T-1293,Review migration for executive sync,Jordan West,Not Started,Medium,2026-03-02,2026-02-10,,HR,Not Started
T-1294,Document rubric annual,Lila Zheng,Not Started,High,2026-04-26,2026-02-19,,Product,Not Started
T-1295,Review rollout phase 2,Owen Briggs,Done,Medium,2026-06-04,2026-04-28,2026-04-30,HR,Done
T-1296,Configure report for Q3,Priya Nair,Not Started,High,2026-05-19,2026-04-29,,Engineering,Not Started
T-1297,Document integration for new hires,Priya Nair,Done,Low,2026-07-14,2026-04-08,2026-04-17,Engineering,Done
T-1298,Implement training follow-up,Devon Park,In Progress,High,2026-07-17,2026-04-09,,Security,In Progress
T-1299,Configure runbook consolidation,Cara Singh,Done,Low,2026-04-01,2026-01-05,2026-02-16,Product,Done
T-1300,Approve spec after incident #47,Jordan West,Blocked,Low,2026-04-02,2026-01-09,,HR,In Progress
T-1301,Plan report after incident #47,Devon Reyes,In Progress,Medium,2026-04-30,2026-02-03,,Operations,In Progress
T-1302,Configure rollout in EU region,Sam Khoury,Done,Medium,2026-02-12,2026-01-28,2026-04-25,Engineering,Done
T-1303,Roll out integration for executive sync,Jordan Bell,In Progress,Medium,2026-05-11,2026-02-17,,Engineering,Done
T-1304,Implement pipeline annual,Jordan West,Done,Low,2026-06-03,2026-04-11,2026-04-24,HR,Done
T-1305,Migrate framework consolidation,Carlos Vega,Not Started,Medium,2026-04-07,2026-02-23,,Marketing,Not Started
T-1306,Migrate checklist for partners,Priya Nair,Done,Medium,2026-04-11,2026-02-10,2026-02-28,Engineering,Done
T-1307,Negotiate campaign for Q3,Maya Iwata,Not Started,Critical,2026-06-16,2026-03-14,,Marketing,Not Started
T-1308,Update integration kickoff,Carlos Vega,Done,Medium,2026-05-20,2026-03-20,2026-04-09,Marketing,Done
T-1309,Negotiate framework phase 2,Anita Rao,In Progress,Medium,2026-06-26,2026-03-23,,Finance,In Progress
T-1310,Decommission training v2,Carlos Vega,Done,High,2026-04-22,2026-02-15,2026-03-23,Marketing,Done
T-1311,Investigate report after incident #47,Devon Park,In Progress,Medium,2026-02-04,2026-01-11,,Security,Not Started
T-1312,Onboard pipeline phase 2,Alex Wang,In Progress,Medium,2026-03-21,2026-02-01,,Engineering,In Progress
T-1313,Refactor checklist v2,Anita Rao,Done,Low,2026-04-18,2026-03-28,2026-04-20,Finance,Done
T-1314,Implement report phase 2,Wendy Lee,Done,Medium,2026-05-09,2026-03-25,2026-04-22,Finance,Done
T-1315,Decommission training for partners,James Liu,Not Started,High,2026-06-28,2026-03-27,,Operations,Not Started
T-1316,Configure workflow wrap-up,Jordan Bell,Done,Medium,2026-05-22,2026-04-18,2026-04-29,Engineering,In Progress
T-1317,Decommission policy consolidation,James Liu,Done,Low,2026-06-14,2026-03-26,2026-04-10,Operations,Done
T-1318,Roll out service after incident #47,Erik Andersson,Not Started,High,2026-07-29,2026-04-27,,Sales,Not Started
T-1319,Onboard rollout after incident #47,Devon Park,In Progress,Medium,2026-03-10,2026-02-08,,Security,Done
T-1320,Roll out rollout for legal review,Devon Reyes,In Progress,Medium,2026-05-21,2026-04-08,,Operations,In Progress
T-1321,Approve rollout Q1,Nina Patel,Not Started,Medium,2026-04-26,2026-04-06,,HR,Not Started
T-1322,Investigate service kickoff,Devon Reyes,Not Started,Medium,2026-02-26,2026-02-07,,Operations,Not Started
T-1323,Decommission review for legal review,Tara Okonkwo,In Progress,Medium,2026-02-18,2026-01-08,,Operations,In Progress
T-1324,Refactor campaign in EU region,Devon Park,Not Started,Medium,2026-03-31,2026-03-13,,Security,Not Started
T-1325,Coordinate playbook for legal review,Maya Park,Done,Medium,2026-05-31,2026-04-05,2026-04-26,Engineering,Done
T-1326,Plan renewal for legal review,Marcus Tate,In Progress,Medium,2026-02-12,2026-01-26,,Sales,In Progress
T-1327,Coordinate spec annual,Devon Park,Done,Low,2026-03-20,2026-02-22,2026-04-24,Security,Done
T-1328,Configure audit for legal review,Anita Rao,In Progress,Medium,2026-06-04,2026-03-09,,Finance,In Progress
T-1329,Roll out renewal across teams,Anita Rao,Done,Low,2026-04-05,2026-01-08,2026-03-19,Finance,Done
T-1330,Coordinate renewal for legal review,Priya Nair,Not Started,Medium,2026-07-20,2026-04-14,,Engineering,Not Started
T-1331,Review rollout for legal review,Sasha Mendel,In Progress,Critical,2026-06-14,2026-03-08,,Security,In Progress
T-1332,Coordinate rollout consolidation,Erik Andersson,Done,Medium,2026-02-23,2026-01-05,2026-04-15,Sales,Done
T-1333,Roll out integration for Q3,Maya Park,Done,Low,2026-05-15,2026-02-10,2026-04-28,Engineering,In Progress
T-1334,Review migration in EU region,Cara Singh,Done,Medium,2026-03-17,2026-02-19,2026-03-07,Product,In Progress
T-1335,Investigate pipeline follow-up,Maya Iwata,In Progress,Medium,2026-06-18,2026-03-20,,Marketing,In Progress
T-1336,Validate framework after incident #47,Yumi Tanaka,Not Started,Medium,2026-05-08,2026-04-19,,Sales,Not Started
T-1337,Optimize rubric phase 2,Maya Chen,In Progress,Medium,2026-03-23,2026-01-26,,Product,In Progress
T-1338,Decommission report for partners,Devon Park,Not Started,Medium,2026-06-09,2026-03-09,,Security,Not Started
T-1339,Roll out spec across teams,Wendy Lee,In Progress,Medium,2026-07-10,2026-04-03,,Finance,In Progress
T-1340,Audit training in EU region,Jordan West,Not Started,Medium,2026-05-16,2026-02-17,,HR,Not Started
T-1341,Coordinate renewal across teams,Anita Rao,Done,Medium,2026-04-25,2026-02-06,2026-03-21,Finance,Done
T-1342,Coordinate training for legal review,Nina Patel,Not Started,Medium,2026-05-27,2026-03-20,,HR,Not Started
T-1343,Update playbook in EU region,Lila Zheng,In Progress,Medium,2026-06-16,2026-04-08,,Product,Done
T-1344,Investigate runbook for executive sync,Wendy Lee,Not Started,Medium,2026-05-18,2026-04-26,,Finance,Not Started
T-1345,Audit campaign follow-up,Maya Iwata,Done,High,2026-02-21,2026-01-17,2026-01-26,Marketing,Done
T-1346,Launch framework phase 2,Devon Reyes,Not Started,Medium,2026-06-07,2026-04-03,,Operations,Not Started
T-1347,Refactor rollout for new hires,Maya Chen,Not Started,High,2026-05-04,2026-03-05,,Product,Not Started
T-1348,Update integration follow-up,Wendy Lee,In Progress,Low,2026-05-11,2026-03-21,,Finance,In Progress
T-1349,Implement renewal kickoff,Devon Park,Done,High,2026-05-06,2026-02-22,2026-03-03,Security,Done
T-1350,Investigate campaign after incident #47,Devon Park,Done,High,2026-03-11,2026-01-03,2026-03-08,Security,Blocked
T-1351,Refactor report Q1,Jordan West,In Progress,Low,2026-06-30,2026-04-28,,HR,Done
T-1352,Approve checklist consolidation,Sasha Mendel,Not Started,Critical,2026-08-10,2026-04-30,,Security,Not Started
T-1353,Roll out spec for partners,Nina Patel,Done,Critical,2026-03-28,2026-01-12,2026-02-23,HR,Done
T-1354,Roll out dashboard across teams,Ben Hartley,Done,Low,2026-06-08,2026-04-05,2026-04-19,Product,Done
T-1355,Audit rubric for Q3,Anita Rao,In Progress,High,2026-03-27,2026-01-24,,Finance,In Progress
T-1356,Update review after incident #47,James Liu,Not Started,Medium,2026-05-07,2026-04-16,,Operations,Not Started
T-1357,Update review for partners,Devon Reyes,Done,Low,2026-06-14,2026-04-04,2026-04-19,Operations,In Progress
T-1358,Coordinate policy across teams,Jordan Bell,Done,Medium,2026-06-16,2026-04-02,2026-04-02,Engineering,Blocked
T-1359,Implement rollout Q1,Yumi Tanaka,Not Started,Medium,2026-06-06,2026-04-18,,Sales,Not Started
T-1360,Draft dashboard for Q3,Tara Okonkwo,In Progress,Medium,2026-04-12,2026-01-17,,Operations,Done
T-1361,Configure framework for new hires,Erik Andersson,Not Started,Medium,2026-05-31,2026-03-31,,Sales,Not Started
T-1362,Investigate workflow for new hires,Wendy Lee,Blocked,Medium,2026-04-13,2026-01-30,,Finance,Blocked
T-1363,Audit campaign for new hires,Devon Park,Done,Medium,2026-04-08,2026-02-02,2026-03-30,Security,Done
T-1364,Optimize checklist consolidation,Carlos Vega,Blocked,High,2026-04-17,2026-03-20,,Marketing,Blocked
T-1365,Document campaign for legal review,Jordan West,In Progress,Low,2026-07-04,2026-04-22,,HR,In Progress
T-1366,Launch campaign Q1,Ben Hartley,In Progress,Low,2026-06-04,2026-03-21,,Product,In Progress
T-1367,Coordinate rubric v2,Lila Zheng,In Progress,Medium,2026-04-24,2026-02-26,,Product,In Progress
T-1368,Update migration after incident #47,Alex Wang,Not Started,Medium,2026-04-23,2026-02-04,,Engineering,Not Started
T-1369,Approve review for Q3,James Liu,In Progress,Medium,2026-02-24,2026-02-07,,Operations,In Progress
T-1370,Review service phase 2,Wendy Lee,Not Started,High,2026-04-02,2026-03-13,,Finance,Not Started
T-1371,Roll out policy consolidation,Yumi Tanaka,In Progress,High,2026-05-22,2026-04-05,,Sales,In Progress
T-1372,Onboard integration after incident #47,Alex Wang,Done,Medium,2026-05-02,2026-03-20,2026-04-27,Engineering,Done
T-1373,Test review annual,Anita Rao,Blocked,High,2026-04-30,2026-02-24,,Finance,Blocked
T-1374,Document pipeline v2,Priya Nair,In Progress,Medium,2026-06-14,2026-04-12,,Engineering,In Progress
T-1375,Approve integration v2,Jordan West,Done,High,2026-04-09,2026-01-11,2026-01-20,HR,Done
T-1376,Document checklist kickoff,Marcus Tate,In Progress,Medium,2026-06-20,2026-03-23,,Sales,Not Started
T-1377,Optimize framework after incident #47,Devon Reyes,Done,Medium,2026-03-17,2026-02-04,2026-02-27,Operations,Done
T-1378,Negotiate migration annual,Carlos Vega,Not Started,Medium,2026-05-23,2026-03-07,,Marketing,Not Started
T-1379,Validate campaign consolidation,Devon Park,In Progress,Low,2026-04-25,2026-01-17,,Security,In Progress
T-1380,Draft migration phase 2,Devon Reyes,Not Started,Medium,2026-06-15,2026-04-03,,Operations,Not Started
T-1381,Onboard runbook wrap-up,Carlos Vega,In Progress,High,2026-05-19,2026-02-08,,Marketing,In Progress
T-1382,Refactor rubric for Q3,Erik Andersson,Blocked,Medium,2026-03-11,2026-01-16,,Sales,Blocked
T-1383,Onboard integration Q1,Tara Okonkwo,In Progress,High,2026-07-01,2026-04-21,,Operations,In Progress
T-1384,Approve dashboard phase 2,Nina Patel,In Progress,Medium,2026-02-26,2026-01-22,,HR,In Progress
T-1385,Coordinate pipeline after incident #47,Erik Andersson,In Progress,Medium,2026-03-12,2026-01-13,,Sales,In Progress
T-1386,Plan report for Q3,Tara Okonkwo,Blocked,Low,2026-04-30,2026-03-24,,Operations,Blocked
T-1387,Optimize integration for executive sync,Jordan West,In Progress,Medium,2026-05-07,2026-03-21,,HR,In Progress
T-1388,Validate campaign for Q3,Riley Kim,Done,Low,2026-05-25,2026-04-05,2026-04-24,Marketing,Done
T-1389,Launch integration for Q3,Anita Rao,Not Started,Medium,2026-05-05,2026-03-15,,Finance,Not Started
T-1390,Investigate pipeline phase 2,Maya Iwata,In Progress,Medium,2026-06-01,2026-04-04,,Marketing,In Progress
T-1391,Refactor integration wrap-up,Marcus Tate,Done,Critical,2026-06-08,2026-04-03,2026-04-05,Sales,Done
T-1392,Investigate service kickoff,Anita Rao,Not Started,Medium,2026-03-15,2026-02-27,,Finance,Not Started
T-1393,Optimize rollout kickoff,Marcus Tate,Done,High,2026-04-13,2026-03-10,2026-03-18,Sales,Done
T-1394,Onboard rollout v2,Devon Reyes,In Progress,High,2026-05-14,2026-02-04,,Operations,In Progress
T-1395,Draft runbook for executive sync,Tara Okonkwo,Blocked,Low,2026-06-17,2026-03-08,,Operations,Blocked
T-1396,Draft service kickoff,Erik Andersson,Blocked,High,2026-06-09,2026-04-10,,Sales,Blocked
T-1397,Validate workflow phase 2,Sasha Mendel,Done,Medium,2026-05-21,2026-02-11,2026-03-08,Security,In Progress
T-1398,Coordinate report v2,Sasha Mendel,In Progress,Medium,2026-05-24,2026-03-08,,Security,In Progress
T-1399,Approve dashboard in EU region,James Liu,Blocked,Medium,2026-05-13,2026-02-14,,Operations,Blocked
T-1400,Plan workflow for Q3,Carlos Vega,In Progress,High,2026-04-01,2026-01-05,,Marketing,In Progress
T-1401,Coordinate runbook Q1,Owen Briggs,In Progress,Medium,2026-06-01,2026-04-20,,HR,In Progress
T-1402,Optimize workflow for legal review,Carlos Vega,Blocked,Low,2026-02-18,2026-01-08,,Marketing,Blocked
T-1403,Coordinate playbook for legal review,Sasha Mendel,Done,Low,2026-05-07,2026-03-30,2026-04-20,Security,Done
T-1404,Onboard checklist kickoff,Priya Nair,Done,Medium,2026-07-02,2026-04-15,2026-04-21,Engineering,Done
T-1405,Document workflow v2,Anita Rao,Not Started,Medium,2026-03-19,2026-02-11,,Finance,Not Started
T-1406,Configure checklist Q1,Riley Kim,Blocked,Low,2026-07-13,2026-04-06,,Marketing,Blocked
T-1407,Update report follow-up,Maya Iwata,Done,Low,2026-05-08,2026-02-22,2026-04-25,Marketing,Done
T-1408,Document runbook phase 2,Erik Andersson,In Progress,Low,2026-04-11,2026-01-05,,Sales,In Progress
T-1409,Audit framework Q1,Carlos Vega,Done,Medium,2026-03-27,2026-02-20,2026-04-02,Marketing,Done
T-1410,Migrate pipeline for Q3,Wendy Lee,Done,Medium,2026-04-10,2026-03-03,2026-03-25,Finance,Done
T-1411,Launch policy for Q3,Devon Park,In Progress,Low,2026-03-12,2026-01-05,,Security,In Progress
T-1412,Onboard spec for new hires,Nina Patel,In Progress,Low,2026-07-06,2026-04-19,,HR,In Progress
T-1413,Investigate policy after incident #47,Sasha Mendel,In Progress,High,2026-06-04,2026-04-20,,Security,Not Started
T-1414,Review service Q1,Priya Nair,Not Started,Medium,2026-04-18,2026-04-03,,Engineering,Not Started
T-1415,Test renewal phase 2,Erik Andersson,Blocked,Medium,2026-06-22,2026-03-21,,Sales,Blocked
T-1416,Migrate rollout phase 2,Sasha Mendel,Not Started,Medium,2026-03-11,2026-02-19,,Security,Not Started
T-1417,Coordinate pipeline wrap-up,Wendy Lee,In Progress,Medium,2026-03-28,2026-01-18,,Finance,In Progress
T-1418,Update training in EU region,Devon Park,Done,Low,2026-03-29,2026-02-27,2026-03-18,Security,Done
T-1419,Onboard checklist phase 2,Yumi Tanaka,Done,High,2026-03-15,2026-01-03,2026-04-03,Sales,Blocked
T-1420,Approve campaign for Q3,Erik Andersson,In Progress,Medium,2026-04-18,2026-01-31,,Sales,In Progress
T-1421,Investigate renewal for new hires,Lila Zheng,In Progress,Medium,2026-04-08,2026-03-15,,Product,Not Started
T-1422,Roll out playbook follow-up,Devon Reyes,In Progress,Low,2026-02-28,2026-01-07,,Operations,In Progress
T-1423,Review rollout annual,Lila Zheng,In Progress,Medium,2026-05-22,2026-04-10,,Product,In Progress
T-1424,Refactor campaign for legal review,Ben Hartley,Not Started,Low,2026-07-22,2026-04-15,,Product,Not Started
T-1425,Decommission playbook for executive sync,Owen Briggs,Done,High,2026-06-26,2026-04-01,2026-04-30,HR,Done
T-1426,Implement service annual,Jordan West,In Progress,Medium,2026-04-23,2026-02-27,,HR,In Progress
T-1427,Decommission report for Q3,Riley Kim,Blocked,Medium,2026-05-08,2026-03-02,,Marketing,Blocked
T-1428,Roll out dashboard v2,Owen Briggs,Not Started,High,2026-04-25,2026-02-16,,HR,Not Started
T-1429,Decommission training for executive sync,Maya Chen,Done,High,2026-03-05,2026-02-04,2026-03-09,Product,Done
T-1430,Test migration phase 2,Nina Patel,In Progress,High,2026-05-26,2026-04-07,,HR,In Progress
T-1431,Validate pipeline v2,Carlos Vega,Done,Medium,2026-04-19,2026-01-31,2026-02-09,Marketing,Done
T-1432,Roll out policy after incident #47,Anita Rao,Done,Medium,2026-01-26,2026-01-09,2026-04-22,Finance,Done
T-1433,Configure rollout phase 2,Nina Patel,Done,Medium,2026-06-04,2026-04-03,2026-04-12,HR,Blocked
T-1434,Investigate migration for Q3,Ben Hartley,Done,Medium,2026-04-28,2026-01-27,2026-01-30,Product,Done
T-1435,Plan rollout for executive sync,Riley Kim,Done,Low,2026-05-19,2026-04-22,2026-04-22,Marketing,Done
T-1436,Coordinate workflow for Q3,Anita Rao,Done,High,2026-02-14,2026-01-17,2026-04-14,Finance,In Progress
T-1437,Draft campaign across teams,Sam Khoury,In Progress,Medium,2026-02-14,2026-01-14,,Engineering,In Progress
T-1438,Implement dashboard for partners,James Liu,Done,High,2026-04-20,2026-01-16,2026-04-28,Operations,In Progress
T-1439,Plan rubric for partners,Devon Reyes,Not Started,Low,2026-03-07,2026-01-13,,Operations,Not Started
T-1440,Refactor review consolidation,Wendy Lee,Not Started,Medium,2026-06-02,2026-04-17,,Finance,Not Started
T-1441,Update report in EU region,James Liu,In Progress,Critical,2026-04-21,2026-02-21,,Operations,In Progress
T-1442,Launch runbook consolidation,Devon Park,Done,High,2026-04-21,2026-03-13,2026-04-27,Security,Blocked
T-1443,Optimize renewal phase 2,Alex Wang,In Progress,High,2026-06-22,2026-04-22,,Engineering,In Progress
T-1444,Update runbook annual,Maya Chen,In Progress,Medium,2026-07-06,2026-04-01,,Product,In Progress
T-1445,Decommission rollout for partners,Erik Andersson,Done,High,2026-04-21,2026-03-25,2026-03-28,Sales,Done
T-1446,Update runbook for Q3,James Liu,In Progress,High,2026-05-23,2026-05-01,,Operations,In Progress
T-1447,Approve migration across teams,Cara Singh,In Progress,Medium,2026-02-03,2026-01-08,,Product,In Progress
T-1448,Review framework follow-up,Jordan West,In Progress,Medium,2026-05-04,2026-03-20,,HR,In Progress
T-1449,Plan policy kickoff,Wendy Lee,Not Started,Medium,2026-04-13,2026-03-30,,Finance,Not Started
T-1450,Decommission workflow for legal review,Maya Iwata,In Progress,Low,2026-05-01,2026-03-07,,Marketing,In Progress
T-1451,Update workflow for executive sync,Marcus Tate,In Progress,Medium,2026-05-07,2026-02-09,,Sales,Done
T-1452,Investigate report for legal review,Riley Kim,Done,High,2026-05-27,2026-03-26,2026-04-22,Marketing,Done
T-1453,Audit training follow-up,Owen Briggs,Done,Medium,2026-05-28,2026-04-18,2026-04-29,HR,Done
T-1454,Plan workflow kickoff,Anita Rao,Done,Low,2026-03-29,2026-03-09,2026-04-17,Finance,Done
T-1455,Update pipeline v2,Maya Iwata,In Progress,Low,2026-06-16,2026-03-20,,Marketing,In Progress
T-1456,Update rollout consolidation,Devon Park,In Progress,High,2026-05-07,2026-03-30,,Security,Not Started
T-1457,Configure service for new hires,Devon Park,In Progress,High,2026-02-24,2026-01-23,,Security,Not Started
T-1458,Audit dashboard for new hires,Marcus Tate,In Progress,Low,2026-04-12,2026-02-21,,Sales,In Progress
T-1459,Approve pipeline follow-up,Anita Rao,In Progress,Medium,2026-04-07,2026-02-01,,Finance,In Progress
T-1460,Document runbook wrap-up,Alex Wang,Not Started,Medium,2026-04-15,2026-02-01,,Engineering,Not Started
T-1461,Approve report for legal review,Yumi Tanaka,Done,Medium,2026-03-17,2026-02-25,2026-03-06,Sales,Done
T-1462,Onboard playbook kickoff,Maya Park,In Progress,Low,2026-06-15,2026-03-21,,Engineering,In Progress
T-1463,Migrate campaign kickoff,Marcus Tate,Done,High,2026-05-08,2026-03-27,2026-04-06,Sales,Done
T-1464,Launch runbook kickoff,James Liu,In Progress,Medium,2026-03-26,2026-02-02,,Operations,In Progress
T-1465,Refactor runbook for executive sync,Nina Patel,Done,High,2026-04-04,2026-01-25,2026-04-10,HR,Done
T-1466,Audit report Q1,Sasha Mendel,Not Started,Medium,2026-04-10,2026-01-29,,Security,Not Started
T-1467,Draft training after incident #47,Wendy Lee,Blocked,Critical,2026-04-12,2026-01-10,,Finance,Blocked
T-1468,Decommission service for executive sync,Devon Reyes,Not Started,Medium,2026-04-03,2026-03-14,,Operations,Not Started
T-1469,Onboard review v2,Devon Reyes,Done,High,2026-02-20,2026-02-02,2026-04-18,Operations,Done
T-1470,Update checklist Q1,Nina Patel,Done,Medium,2026-05-29,2026-04-24,2026-04-29,HR,Blocked
T-1471,Optimize audit for legal review,Ben Hartley,Not Started,Low,2026-02-11,2026-01-24,,Product,Not Started
T-1472,Migrate training v2,Sam Khoury,Not Started,Medium,2026-05-31,2026-02-20,,Engineering,Not Started
T-1473,Validate rollout in EU region,Cara Singh,Not Started,High,2026-04-15,2026-01-26,,Product,Not Started
T-1474,Audit spec annual,Carlos Vega,Blocked,Medium,2026-07-24,2026-04-27,,Marketing,Blocked
T-1475,Document checklist after incident #47,Maya Chen,Done,Low,2026-04-24,2026-02-12,2026-03-29,Product,Done
T-1476,Implement runbook wrap-up,Jordan West,Not Started,High,2026-02-21,2026-01-05,,HR,Not Started
T-1477,Refactor report for new hires,Jordan West,Not Started,Medium,2026-03-13,2026-01-17,,HR,Not Started
T-1478,Document rollout for new hires,Riley Kim,Not Started,Medium,2026-02-07,2026-01-18,,Marketing,Not Started
T-1479,Onboard runbook consolidation,Riley Kim,Not Started,High,2026-03-23,2026-02-14,,Marketing,Not Started
T-1480,Optimize framework Q1,Ben Hartley,In Progress,Medium,2026-04-09,2026-02-17,,Product,In Progress
T-1481,Approve campaign for legal review,Jordan West,In Progress,Medium,2026-06-01,2026-03-17,,HR,Done
T-1482,Refactor report kickoff,Nina Patel,Done,High,2026-07-20,2026-05-01,2026-05-01,HR,Done
T-1483,Migrate checklist phase 2,Erik Andersson,In Progress,Medium,2026-04-05,2026-01-11,,Sales,In Progress
T-1484,Configure rollout wrap-up,Sasha Mendel,In Progress,Medium,2026-04-15,2026-03-02,,Security,In Progress
T-1485,Document report for Q3,James Liu,In Progress,Medium,2026-05-07,2026-02-10,,Operations,In Progress
T-1486,Roll out workflow wrap-up,Riley Kim,Blocked,Low,2026-04-15,2026-02-13,,Marketing,Blocked
T-1487,Draft checklist in EU region,Tara Okonkwo,In Progress,Low,2026-04-30,2026-03-28,,Operations,Not Started
T-1488,Launch training after incident #47,Maya Chen,Not Started,Low,2026-06-08,2026-04-20,,Product,Not Started
T-1489,Investigate integration in EU region,Owen Briggs,Not Started,Medium,2026-01-19,2026-01-05,,HR,Not Started
T-1490,Audit framework for partners,James Liu,In Progress,Medium,2026-06-15,2026-03-22,,Operations,In Progress
T-1491,Update campaign follow-up,Owen Briggs,In Progress,Medium,2026-04-17,2026-02-23,,HR,In Progress
T-1492,Update service annual,Lila Zheng,Done,Medium,2026-05-03,2026-02-17,2026-02-22,Product,Done
T-1493,Review playbook Q1,Nina Patel,Not Started,Medium,2026-05-07,2026-03-18,,HR,Not Started
T-1494,Test rollout for new hires,Wendy Lee,In Progress,Medium,2026-07-21,2026-04-14,,Finance,In Progress
T-1495,Implement audit v2,Anita Rao,In Progress,Medium,2026-04-22,2026-04-03,,Finance,Done
T-1496,Approve spec kickoff,Devon Park,Done,Low,2026-05-13,2026-01-31,2026-04-12,Security,Done
T-1497,Onboard renewal follow-up,James Liu,Done,Medium,2026-02-06,2026-01-12,2026-02-12,Operations,Blocked
T-1498,Optimize training for Q3,Owen Briggs,In Progress,Medium,2026-03-19,2026-02-20,,HR,In Progress
T-1499,Validate rollout for partners,Wendy Lee,Done,Medium,2026-03-28,2026-01-04,2026-01-04,Finance,Done
T-1500,Negotiate audit for partners,Erik Andersson,Not Started,Low,2026-06-05,2026-03-03,,Sales,Not Started
T-1501,Document pipeline wrap-up,Lila Zheng,Not Started,Medium,2026-04-11,2026-02-10,,Product,Not Started
T-1502,Audit pipeline for legal review,Devon Park,In Progress,Medium,2026-07-09,2026-04-18,,Security,In Progress
T-1503,Approve review kickoff,Erik Andersson,Not Started,Medium,2026-03-16,2026-02-25,,Sales,Not Started
T-1504,Plan renewal Q1,Maya Iwata,In Progress,Medium,2026-04-17,2026-01-24,,Marketing,In Progress
T-1505,Decommission training after incident #47,Ben Hartley,Blocked,Medium,2026-04-20,2026-04-03,,Product,Blocked
T-1506,Review pipeline follow-up,Anita Rao,In Progress,Low,2026-05-09,2026-04-07,,Finance,Not Started
T-1507,Migrate integration consolidation,Marcus Tate,Done,Low,2026-05-17,2026-03-25,2026-03-27,Sales,Done
T-1508,Review renewal consolidation,Sasha Mendel,Not Started,High,2026-03-28,2026-03-11,,Security,Not Started
T-1509,Document policy for executive sync,Wendy Lee,Not Started,Medium,2026-05-27,2026-04-20,,Finance,Not Started
T-1510,Approve dashboard for Q3,Nina Patel,Blocked,Low,2026-04-29,2026-03-20,,HR,Blocked
T-1511,Plan runbook wrap-up,Maya Chen,Not Started,High,2026-03-30,2026-01-06,,Product,Not Started
T-1512,Test checklist across teams,Alex Wang,Done,Critical,2026-03-13,2026-01-27,2026-02-13,Engineering,Done
T-1513,Approve service for executive sync,Nina Patel,In Progress,Medium,2026-02-28,2026-02-09,,HR,In Progress
T-1514,Review training for partners,Tara Okonkwo,In Progress,Medium,2026-04-17,2026-03-14,,Operations,Done
T-1515,Plan integration follow-up,Jordan West,In Progress,Medium,2026-05-17,2026-02-08,,HR,In Progress
T-1516,Investigate playbook v2,Devon Reyes,In Progress,High,2026-05-19,2026-02-14,,Operations,In Progress
T-1517,Audit audit follow-up,Tara Okonkwo,Done,Medium,2026-04-24,2026-04-09,2026-04-18,Operations,Blocked
T-1518,Migrate rubric for Q3,Priya Nair,In Progress,Medium,2026-04-23,2026-01-18,,Engineering,In Progress
T-1519,Approve report kickoff,Cara Singh,Done,High,2026-06-02,2026-04-24,2026-04-28,Product,Done
T-1520,Draft report annual,Alex Wang,In Progress,High,2026-03-19,2026-01-16,,Engineering,In Progress
T-1521,Test review for executive sync,Priya Nair,In Progress,High,2026-08-02,2026-05-01,,Engineering,In Progress
T-1522,Negotiate campaign kickoff,Jordan West,Done,Medium,2026-07-01,2026-04-25,2026-04-28,HR,Done
T-1523,Update review Q1,Anita Rao,Blocked,High,2026-06-07,2026-04-29,,Finance,Blocked
T-1524,Implement review annual,Marcus Tate,Not Started,High,2026-06-24,2026-03-28,,Sales,Not Started
T-1525,Launch framework for Q3,Yumi Tanaka,Not Started,High,2026-06-20,2026-03-27,,Sales,Not Started
T-1526,Refactor training after incident #47,Alex Wang,In Progress,Medium,2026-03-17,2026-01-16,,Engineering,In Progress
T-1527,Roll out policy follow-up,Wendy Lee,Not Started,Medium,2026-05-06,2026-02-19,,Finance,Not Started
T-1528,Test framework in EU region,Jordan West,Not Started,Low,2026-05-08,2026-02-26,,HR,Not Started
T-1529,Decommission runbook Q1,Owen Briggs,In Progress,Medium,2026-02-05,2026-01-14,,HR,Not Started
T-1530,Test rollout consolidation,Owen Briggs,In Progress,Low,2026-03-03,2026-02-15,,HR,In Progress
T-1531,Investigate spec for legal review,Carlos Vega,Not Started,Medium,2026-06-06,2026-02-23,,Marketing,Not Started
T-1532,Configure policy annual,Alex Wang,Done,High,2026-07-06,2026-04-10,2026-04-14,Engineering,In Progress
T-1533,Audit policy for new hires,Yumi Tanaka,Not Started,Medium,2026-03-25,2026-01-06,,Sales,Not Started
T-1534,Decommission campaign across teams,Wendy Lee,In Progress,Medium,2026-07-17,2026-04-30,,Finance,In Progress
T-1535,Update checklist for executive sync,Devon Park,In Progress,Medium,2026-06-18,2026-04-10,,Security,In Progress
T-1536,Optimize checklist in EU region,Maya Iwata,Not Started,High,2026-05-08,2026-03-02,,Marketing,Not Started
T-1537,Investigate campaign after incident #47,Maya Iwata,Done,Medium,2026-04-24,2026-04-09,2026-05-02,Marketing,Done
T-1538,Coordinate campaign for legal review,Nina Patel,Done,Medium,2026-04-29,2026-02-07,2026-04-21,HR,Done
T-1539,Refactor pipeline Q1,Devon Park,In Progress,High,2026-04-12,2026-03-23,,Security,In Progress
T-1540,Draft integration in EU region,Tara Okonkwo,In Progress,Low,2026-06-16,2026-04-01,,Operations,In Progress
T-1541,Negotiate framework for legal review,Anita Rao,Done,Medium,2026-05-24,2026-02-10,2026-03-23,Finance,Done
T-1542,Document training Q1,Jordan West,In Progress,Medium,2026-05-26,2026-04-21,,HR,In Progress
T-1543,Optimize workflow after incident #47,Carlos Vega,Done,Medium,2026-03-17,2026-02-16,2026-02-18,Marketing,Done
T-1544,Optimize migration for executive sync,Maya Park,Done,Medium,2026-03-07,2026-01-19,2026-03-28,Engineering,Done
T-1545,Optimize rubric Q1,James Liu,In Progress,Low,2026-06-13,2026-03-25,,Operations,In Progress
T-1546,Optimize report in EU region,Priya Nair,Not Started,Low,2026-04-17,2026-03-10,,Engineering,Not Started
T-1547,Review review wrap-up,Maya Park,Not Started,Medium,2026-06-02,2026-04-10,,Engineering,Not Started
T-1548,Review integration across teams,Maya Chen,Done,Medium,2026-05-23,2026-03-24,2026-04-19,Product,Done
T-1549,Document review for new hires,Tara Okonkwo,Done,Low,2026-03-15,2026-02-24,2026-03-01,Operations,Done
T-1550,Validate report for Q3,Carlos Vega,Not Started,Medium,2026-05-28,2026-04-04,,Marketing,Not Started
T-1551,Refactor campaign kickoff,Lila Zheng,Not Started,Low,2026-03-03,2026-01-08,,Product,Not Started
T-1552,Negotiate runbook in EU region,Devon Reyes,Done,Medium,2026-06-10,2026-04-21,2026-04-27,Operations,Blocked
T-1553,Migrate checklist for legal review,Devon Park,In Progress,Low,2026-04-15,2026-02-10,,Security,In Progress
T-1554,Review spec phase 2,Jordan West,Not Started,Medium,2026-04-24,2026-02-28,,HR,Not Started
T-1555,Draft policy for legal review,Nina Patel,Not Started,High,2026-02-11,2026-01-06,,HR,Not Started
T-1556,Audit training consolidation,Ben Hartley,In Progress,Medium,2026-05-14,2026-01-31,,Product,In Progress
T-1557,Plan renewal Q1,Devon Reyes,Done,Medium,2026-06-25,2026-03-14,2026-03-31,Operations,In Progress
T-1558,Negotiate dashboard for partners,Priya Nair,Done,Medium,2026-04-17,2026-02-14,2026-04-10,Engineering,Done
T-1559,Roll out report annual,Tara Okonkwo,Not Started,High,2026-04-09,2026-02-18,,Operations,Not Started
T-1560,Investigate policy wrap-up,Tara Okonkwo,In Progress,Medium,2026-02-28,2026-01-06,,Operations,In Progress
T-1561,Plan framework for partners,Devon Park,In Progress,Medium,2026-01-24,2026-01-05,,Security,In Progress
T-1562,Roll out campaign for legal review,Marcus Tate,Not Started,Low,2026-03-08,2026-02-01,,Sales,Not Started
T-1563,Plan runbook in EU region,Owen Briggs,Not Started,Medium,2026-08-05,2026-04-30,,HR,Not Started
T-1564,Test audit for executive sync,Devon Reyes,Not Started,Low,2026-07-24,2026-04-13,,Operations,Not Started
T-1565,Coordinate renewal wrap-up,Cara Singh,In Progress,High,2026-07-16,2026-04-15,,Product,In Progress
T-1566,Negotiate campaign for executive sync,Anita Rao,Done,High,2026-06-17,2026-03-17,2026-04-11,Finance,Done
T-1567,Negotiate rubric follow-up,Riley Kim,Not Started,Critical,2026-03-21,2026-02-24,,Marketing,Not Started
T-1568,Approve report Q1,Lila Zheng,Not Started,Medium,2026-05-06,2026-01-25,,Product,Not Started
T-1569,Test dashboard for partners,Sasha Mendel,Blocked,Medium,2026-03-15,2026-01-06,,Security,Blocked
T-1570,Validate review follow-up,Nina Patel,In Progress,Medium,2026-04-04,2026-03-13,,HR,In Progress
T-1571,Approve training for new hires,Anita Rao,Done,High,2026-02-23,2026-02-04,2026-03-07,Finance,Done
T-1572,Optimize pipeline for new hires,Jordan West,Done,High,2026-04-11,2026-02-04,2026-04-04,HR,Done
T-1573,Plan policy follow-up,Owen Briggs,Done,Medium,2026-04-11,2026-01-15,2026-04-19,HR,Done
T-1574,Plan rollout Q1,Riley Kim,In Progress,High,2026-04-28,2026-03-23,,Marketing,In Progress
T-1575,Document renewal across teams,Devon Park,In Progress,Medium,2026-05-31,2026-04-02,,Security,In Progress
T-1576,Implement framework for legal review,Owen Briggs,In Progress,Critical,2026-03-21,2026-01-19,,HR,In Progress
T-1577,Optimize spec for partners,Priya Nair,Done,Low,2026-06-12,2026-04-17,2026-04-28,Engineering,Done
T-1578,Plan audit for partners,Sasha Mendel,Done,Medium,2026-05-08,2026-02-01,2026-03-22,Security,Done
T-1579,Optimize training across teams,Sasha Mendel,In Progress,Low,2026-03-11,2026-01-26,,Security,In Progress
T-1580,Optimize playbook for Q3,Tara Okonkwo,In Progress,Critical,2026-04-22,2026-01-28,,Operations,Not Started
T-1581,Draft dashboard follow-up,Sasha Mendel,Done,Medium,2026-04-30,2026-03-14,2026-03-21,Security,Done
T-1582,Optimize rollout annual,Nina Patel,In Progress,Medium,2026-03-14,2026-01-20,,HR,In Progress
T-1583,Migrate framework kickoff,Sasha Mendel,Blocked,Medium,2026-02-14,2026-01-29,,Security,Blocked
T-1584,Approve runbook after incident #47,Devon Reyes,Done,High,2026-04-04,2026-01-15,2026-01-21,Operations,Done
T-1585,Investigate service for Q3,Devon Park,Blocked,Low,2026-05-09,2026-03-06,,Security,Blocked
T-1586,Document spec for legal review,James Liu,In Progress,Medium,2026-04-22,2026-04-06,,Operations,Not Started
T-1587,Investigate training follow-up,Lila Zheng,Done,Medium,2026-05-22,2026-04-16,2026-05-02,Product,Done
T-1588,Document migration for executive sync,James Liu,Done,Medium,2026-06-22,2026-03-28,2026-04-09,Operations,Done
T-1589,Audit rollout for Q3,Owen Briggs,In Progress,Low,2026-03-17,2026-03-02,,HR,In Progress
T-1590,Negotiate playbook across teams,Yumi Tanaka,In Progress,Medium,2026-05-18,2026-04-29,,Sales,In Progress
T-1591,Negotiate review wrap-up,Sam Khoury,Done,Medium,2026-03-19,2026-02-23,2026-04-07,Engineering,Done
T-1592,Decommission training for partners,Devon Reyes,In Progress,Medium,2026-03-04,2026-02-12,,Operations,In Progress
T-1593,Launch review consolidation,Sasha Mendel,In Progress,Medium,2026-06-30,2026-04-19,,Security,In Progress
T-1594,Test report wrap-up,Wendy Lee,Blocked,Medium,2026-04-27,2026-03-30,,Finance,Blocked
T-1595,Launch pipeline after incident #47,Cara Singh,Done,Medium,2026-05-22,2026-03-15,2026-04-21,Product,Done
T-1596,Review dashboard wrap-up,Lila Zheng,Not Started,Low,2026-06-06,2026-04-22,,Product,Not Started
T-1597,Implement service in EU region,Lila Zheng,Done,Medium,2026-04-04,2026-02-23,2026-03-23,Product,Done
T-1598,Negotiate service annual,Maya Chen,Done,Medium,2026-05-03,2026-03-09,2026-04-02,Product,Done
T-1599,Refactor migration wrap-up,Nina Patel,Done,Medium,2026-03-05,2026-01-27,2026-03-19,HR,Done
T-1600,Decommission framework for legal review,Maya Chen,Blocked,Medium,2026-03-05,2026-02-15,,Product,Blocked
T-1601,Coordinate pipeline phase 2,Jordan West,In Progress,Medium,2026-07-17,2026-05-02,,HR,In Progress
T-1602,Launch spec in EU region,Yumi Tanaka,In Progress,Critical,2026-03-31,2026-01-25,,Sales,In Progress
T-1603,Implement rubric kickoff,Maya Chen,Not Started,Medium,2026-07-01,2026-04-11,,Product,Not Started
T-1604,Refactor review consolidation,Anita Rao,In Progress,Low,2026-04-20,2026-02-12,,Finance,In Progress
T-1605,Migrate checklist after incident #47,Anita Rao,Not Started,Medium,2026-04-01,2026-03-09,,Finance,Not Started
T-1606,Roll out integration v2,Maya Chen,Blocked,Low,2026-04-23,2026-04-05,,Product,Blocked
T-1607,Review report wrap-up,Devon Park,Not Started,Medium,2026-02-21,2026-01-27,,Security,Not Started
T-1608,Audit training Q1,Devon Park,Done,Low,2026-05-24,2026-03-26,2026-04-18,Security,Done
T-1609,Plan audit after incident #47,Lila Zheng,Not Started,Medium,2026-05-14,2026-03-14,,Product,Not Started
T-1610,Launch report consolidation,Lila Zheng,In Progress,Medium,2026-06-23,2026-04-11,,Product,In Progress
T-1611,Plan campaign for partners,Tara Okonkwo,Done,High,2026-04-02,2026-02-18,2026-03-29,Operations,Done
T-1612,Migrate runbook for Q3,Sam Khoury,In Progress,Medium,2026-02-16,2026-01-25,,Engineering,In Progress
T-1613,Plan campaign for executive sync,Tara Okonkwo,In Progress,High,2026-04-16,2026-01-26,,Operations,Not Started
T-1614,Validate pipeline in EU region,Wendy Lee,In Progress,High,2026-05-20,2026-03-15,,Finance,In Progress
T-1615,Optimize playbook after incident #47,Tara Okonkwo,In Progress,Critical,2026-03-24,2026-02-13,,Operations,In Progress
T-1616,Draft renewal for partners,Riley Kim,Done,High,2026-05-12,2026-04-17,2026-05-02,Marketing,Blocked
T-1617,Audit rollout Q1,Marcus Tate,Not Started,High,2026-06-23,2026-04-15,,Sales,Not Started
T-1618,Coordinate audit for new hires,Wendy Lee,In Progress,Medium,2026-05-31,2026-04-03,,Finance,In Progress
T-1619,Configure framework wrap-up,Ben Hartley,Not Started,Low,2026-04-28,2026-03-11,,Product,Not Started
T-1620,Test rubric phase 2,Lila Zheng,Done,Medium,2026-06-15,2026-03-29,2026-04-02,Product,Done
T-1621,Validate review annual,Tara Okonkwo,In Progress,Low,2026-04-06,2026-02-23,,Operations,In Progress
T-1622,Launch dashboard consolidation,Priya Nair,In Progress,Medium,2026-04-25,2026-03-27,,Engineering,In Progress
T-1623,Decommission dashboard in EU region,Wendy Lee,Not Started,Medium,2026-04-13,2026-03-12,,Finance,Not Started
T-1624,Test migration Q1,Erik Andersson,Done,Low,2026-04-08,2026-03-05,2026-03-07,Sales,Done
T-1625,Negotiate report Q1,Lila Zheng,Not Started,Medium,2026-07-21,2026-04-10,,Product,Not Started
T-1626,Implement rollout after incident #47,Priya Nair,Done,High,2026-05-26,2026-03-15,2026-04-18,Engineering,Done
T-1627,Draft integration for Q3,Marcus Tate,In Progress,Low,2026-05-06,2026-04-03,,Sales,In Progress
T-1628,Test dashboard kickoff,Jordan Bell,Not Started,High,2026-07-17,2026-04-20,,Engineering,Not Started
T-1629,Onboard framework v2,James Liu,Not Started,Medium,2026-06-30,2026-03-19,,Operations,Not Started
T-1630,Test rollout follow-up,Jordan West,Done,Medium,2026-03-09,2026-01-03,2026-04-11,HR,Blocked
T-1631,Investigate policy across teams,Jordan Bell,Not Started,Medium,2026-03-22,2026-03-02,,Engineering,Not Started
T-1632,Investigate rollout phase 2,Sasha Mendel,Done,Medium,2026-05-15,2026-02-19,2026-04-21,Security,Done
T-1633,Approve policy in EU region,Erik Andersson,In Progress,Medium,2026-05-11,2026-01-29,,Sales,In Progress
T-1634,Audit report follow-up,Owen Briggs,In Progress,High,2026-08-02,2026-04-25,,HR,Done
T-1635,Plan review for executive sync,Lila Zheng,In Progress,Medium,2026-06-09,2026-03-23,,Product,In Progress
T-1636,Draft training kickoff,Priya Nair,Not Started,Low,2026-05-05,2026-02-17,,Engineering,Not Started
T-1637,Draft playbook in EU region,Owen Briggs,In Progress,Medium,2026-03-04,2026-01-31,,HR,Not Started
T-1638,Validate training for Q3,Anita Rao,Not Started,Medium,2026-04-26,2026-03-14,,Finance,Not Started
T-1639,Document framework v2,Lila Zheng,Blocked,Medium,2026-03-22,2026-03-06,,Product,Blocked
T-1640,Audit campaign for legal review,Devon Park,Done,Medium,2026-06-28,2026-04-21,2026-04-26,Security,Blocked
T-1641,Roll out runbook wrap-up,James Liu,Done,High,2026-03-07,2026-02-07,2026-04-22,Operations,Done
T-1642,Onboard service annual,James Liu,Not Started,High,2026-07-13,2026-04-27,,Operations,Not Started
T-1643,Roll out runbook for legal review,Jordan West,Done,Medium,2026-04-01,2026-03-03,2026-04-27,HR,Done
T-1644,Configure workflow for executive sync,Alex Wang,Not Started,Low,2026-04-03,2026-01-20,,Engineering,Not Started
T-1645,Review dashboard wrap-up,Jordan Bell,In Progress,High,2026-03-21,2026-02-07,,Engineering,In Progress
T-1646,Refactor report Q1,Yumi Tanaka,Done,Critical,2026-06-25,2026-03-26,2026-04-02,Sales,Done
T-1647,Refactor policy annual,Maya Iwata,In Progress,High,2026-04-23,2026-01-27,,Marketing,In Progress
T-1648,Draft workflow phase 2,Lila Zheng,In Progress,High,2026-07-20,2026-04-14,,Product,In Progress
T-1649,Migrate report phase 2,Marcus Tate,Done,High,2026-03-06,2026-01-12,2026-03-20,Sales,Done
T-1650,Update pipeline for legal review,Yumi Tanaka,Done,High,2026-03-28,2026-01-26,2026-03-18,Sales,Done
T-1651,Decommission pipeline Q1,Alex Wang,In Progress,Low,2026-07-08,2026-04-10,,Engineering,In Progress
T-1652,Configure spec follow-up,Wendy Lee,Not Started,Medium,2026-04-05,2026-03-03,,Finance,Not Started
T-1653,Update audit consolidation,Owen Briggs,In Progress,Medium,2026-03-18,2026-01-22,,HR,In Progress
T-1654,Plan rollout Q1,Devon Park,Done,Low,2026-04-28,2026-02-17,2026-03-26,Security,In Progress
T-1655,Approve rollout in EU region,Lila Zheng,In Progress,High,2026-06-01,2026-03-02,,Product,Done
T-1656,Approve training for new hires,Wendy Lee,Done,Medium,2026-03-25,2026-02-20,2026-03-06,Finance,Done
T-1657,Investigate campaign for new hires,Tara Okonkwo,Done,Medium,2026-05-27,2026-03-02,2026-04-27,Operations,Done
T-1658,Review rubric for partners,Lila Zheng,In Progress,Medium,2026-04-07,2026-01-22,,Product,In Progress
T-1659,Review campaign for partners,Carlos Vega,In Progress,Low,2026-02-05,2026-01-07,,Marketing,In Progress
T-1660,Coordinate training consolidation,Owen Briggs,Done,Medium,2026-06-12,2026-04-01,2026-04-18,HR,Done
T-1661,Coordinate framework for new hires,Sasha Mendel,Blocked,Medium,2026-05-22,2026-02-28,,Security,Blocked
T-1662,Approve framework for Q3,Carlos Vega,In Progress,Medium,2026-03-20,2026-02-23,,Marketing,In Progress
T-1663,Validate renewal follow-up,Lila Zheng,In Progress,Low,2026-03-19,2026-02-02,,Product,In Progress
T-1664,Review audit kickoff,Erik Andersson,Done,Low,2026-07-30,2026-04-29,2026-04-30,Sales,In Progress
T-1665,Draft workflow for legal review,Devon Reyes,In Progress,Medium,2026-07-03,2026-03-27,,Operations,In Progress
T-1666,Onboard migration for Q3,James Liu,Not Started,Low,2026-05-29,2026-03-12,,Operations,Not Started
T-1667,Migrate policy for new hires,Lila Zheng,In Progress,Low,2026-02-10,2026-01-07,,Product,In Progress
T-1668,Review playbook consolidation,Nina Patel,Not Started,Medium,2026-03-19,2026-01-03,,HR,Not Started
T-1669,Investigate workflow in EU region,Devon Park,In Progress,Medium,2026-03-07,2026-01-03,,Security,In Progress
T-1670,Review review for partners,Wendy Lee,Not Started,Medium,2026-02-15,2026-01-09,,Finance,Not Started
T-1671,Launch migration in EU region,Devon Reyes,Done,Medium,2026-04-12,2026-03-13,2026-03-17,Operations,Blocked
T-1672,Decommission rollout for Q3,Tara Okonkwo,Done,Critical,2026-05-25,2026-02-11,2026-02-14,Operations,Done
T-1673,Draft workflow Q1,Devon Reyes,Not Started,Medium,2026-05-12,2026-02-06,,Operations,Not Started
T-1674,Review pipeline for legal review,Wendy Lee,In Progress,Medium,2026-05-22,2026-04-10,,Finance,In Progress
T-1675,Investigate pipeline phase 2,Cara Singh,In Progress,Low,2026-07-07,2026-04-10,,Product,In Progress
T-1676,Investigate integration kickoff,Devon Park,Not Started,High,2026-04-14,2026-03-12,,Security,Not Started
T-1677,Migrate policy for executive sync,Sasha Mendel,In Progress,Medium,2026-03-11,2026-02-01,,Security,In Progress
T-1678,Audit integration for executive sync,Devon Park,Not Started,Medium,2026-04-02,2026-02-03,,Security,Not Started
T-1679,Coordinate checklist v2,Maya Iwata,Not Started,Low,2026-04-22,2026-01-10,,Marketing,Not Started
T-1680,Test campaign across teams,Nina Patel,Done,Medium,2026-07-19,2026-05-01,2026-05-01,HR,Done
T-1681,Implement rollout for executive sync,Devon Reyes,Not Started,Medium,2026-05-30,2026-02-19,,Operations,Not Started
T-1682,Optimize playbook phase 2,Devon Park,Not Started,Medium,2026-05-19,2026-03-19,,Security,Not Started
T-1683,Review training phase 2,Sasha Mendel,Not Started,Low,2026-04-19,2026-01-09,,Security,Not Started
T-1684,Approve runbook follow-up,Jordan Bell,Done,Medium,2026-05-29,2026-02-25,2026-05-01,Engineering,Done
T-1685,Optimize audit wrap-up,Erik Andersson,Not Started,Low,2026-05-03,2026-04-10,,Sales,Not Started
T-1686,Plan integration annual,Anita Rao,Blocked,Medium,2026-04-04,2026-01-06,,Finance,Blocked
T-1687,Review rubric Q1,Sasha Mendel,Not Started,Low,2026-05-25,2026-02-16,,Security,Not Started
T-1688,Roll out playbook for executive sync,Devon Reyes,Blocked,Medium,2026-05-18,2026-03-06,,Operations,In Progress
T-1689,Migrate integration follow-up,Owen Briggs,Done,Medium,2026-02-22,2026-02-05,2026-03-21,HR,Blocked
T-1690,Test training in EU region,Owen Briggs,Not Started,Medium,2026-06-26,2026-04-20,,HR,Not Started
T-1691,Review service phase 2,Devon Park,Not Started,Medium,2026-06-20,2026-03-20,,Security,Not Started
T-1692,Validate rollout for partners,Ben Hartley,In Progress,High,2026-05-31,2026-04-13,,Product,Done
T-1693,Refactor playbook for partners,Jordan West,In Progress,Medium,2026-04-19,2026-02-26,,HR,In Progress
T-1694,Implement training in EU region,Sam Khoury,In Progress,Medium,2026-03-03,2026-02-01,,Engineering,In Progress
T-1695,Migrate workflow v2,Nina Patel,Not Started,Medium,2026-05-11,2026-04-01,,HR,Not Started
T-1696,Implement framework for executive sync,Marcus Tate,In Progress,Medium,2026-03-23,2026-01-17,,Sales,In Progress
T-1697,Onboard migration Q1,Riley Kim,Not Started,High,2026-06-04,2026-03-29,,Marketing,Not Started
T-1698,Validate checklist v2,Wendy Lee,Blocked,Critical,2026-05-14,2026-04-10,,Finance,Blocked
T-1699,Investigate framework Q1,Jordan Bell,Done,High,2026-07-19,2026-05-02,2026-05-02,Engineering,Done
T-1700,Validate rubric in EU region,Sasha Mendel,Done,Medium,2026-05-11,2026-03-16,2026-03-28,Security,Done
T-1701,Onboard pipeline consolidation,Carlos Vega,Not Started,High,2026-02-03,2026-01-15,,Marketing,Not Started
T-1702,Refactor report for executive sync,Alex Wang,In Progress,Medium,2026-03-29,2026-02-03,,Engineering,In Progress
T-1703,Document workflow in EU region,Devon Park,In Progress,Low,2026-02-18,2026-02-04,,Security,In Progress
T-1704,Optimize rubric kickoff,Devon Reyes,In Progress,Medium,2026-02-28,2026-01-09,,Operations,In Progress
T-1705,Review checklist v2,Anita Rao,Not Started,Medium,2026-04-15,2026-03-07,,Finance,Not Started
T-1706,Roll out workflow wrap-up,Maya Park,Done,Medium,2026-05-23,2026-04-09,2026-05-02,Engineering,Done
T-1707,Negotiate rubric for legal review,Lila Zheng,In Progress,Medium,2026-04-12,2026-01-12,,Product,Not Started
T-1708,Roll out dashboard for new hires,Owen Briggs,In Progress,High,2026-06-30,2026-04-05,,HR,In Progress
T-1709,Review pipeline across teams,Priya Nair,Not Started,Low,2026-03-05,2026-01-31,,Engineering,Not Started
T-1710,Update review wrap-up,Nina Patel,In Progress,Medium,2026-06-07,2026-04-01,,HR,In Progress
T-1711,Migrate playbook annual,Owen Briggs,In Progress,High,2026-04-20,2026-01-25,,HR,In Progress
T-1712,Review runbook annual,Riley Kim,Blocked,Low,2026-05-25,2026-03-31,,Marketing,Blocked
T-1713,Decommission renewal across teams,Marcus Tate,In Progress,Medium,2026-05-21,2026-03-26,,Sales,In Progress
T-1714,Approve runbook after incident #47,Marcus Tate,In Progress,Low,2026-03-21,2026-01-28,,Sales,In Progress
T-1715,Configure rollout v2,Owen Briggs,Not Started,Medium,2026-05-16,2026-03-10,,HR,Not Started
T-1716,Optimize renewal v2,Anita Rao,In Progress,Low,2026-03-30,2026-01-16,,Finance,In Progress
T-1717,Approve spec follow-up,Wendy Lee,Done,Low,2026-05-25,2026-04-30,2026-05-01,Finance,In Progress
T-1718,Plan rollout wrap-up,Nina Patel,Not Started,Medium,2026-06-21,2026-04-02,,HR,Not Started
T-1719,Implement integration phase 2,Tara Okonkwo,Done,High,2026-06-26,2026-03-20,2026-04-25,Operations,Done
T-1720,Test training in EU region,Tara Okonkwo,In Progress,Medium,2026-05-21,2026-04-27,,Operations,In Progress
T-1721,Refactor dashboard annual,Anita Rao,Blocked,Medium,2026-05-15,2026-02-06,,Finance,In Progress
T-1722,Decommission integration for new hires,Devon Park,Done,Medium,2026-03-27,2026-03-07,2026-04-01,Security,Done
T-1723,Update dashboard kickoff,Tara Okonkwo,Done,Medium,2026-05-20,2026-02-14,2026-04-22,Operations,Done
T-1724,Coordinate audit wrap-up,Maya Chen,Done,Medium,2026-03-24,2026-02-19,2026-04-12,Product,Done
T-1725,Approve service annual,Priya Nair,Done,Medium,2026-04-09,2026-01-28,2026-03-25,Engineering,Done
T-1726,Roll out workflow for executive sync,James Liu,Done,Medium,2026-05-06,2026-01-27,2026-04-21,Operations,Done
T-1727,Audit migration after incident #47,Maya Iwata,Done,Medium,2026-06-16,2026-04-02,2026-04-13,Marketing,Done
T-1728,Investigate campaign for Q3,Jordan West,Not Started,Medium,2026-03-24,2026-02-23,,HR,Not Started
T-1729,Review integration for new hires,Wendy Lee,Done,Low,2026-07-03,2026-04-23,2026-04-25,Finance,Done
T-1730,Launch framework v2,Lila Zheng,In Progress,High,2026-05-26,2026-02-17,,Product,In Progress
T-1731,Optimize dashboard phase 2,Maya Iwata,Blocked,Medium,2026-04-04,2026-03-15,,Marketing,Blocked
T-1732,Draft playbook kickoff,Marcus Tate,In Progress,High,2026-04-13,2026-01-31,,Sales,In Progress
T-1733,Draft service for new hires,Alex Wang,In Progress,Low,2026-06-20,2026-04-13,,Engineering,In Progress
T-1734,Configure workflow consolidation,Nina Patel,Done,Medium,2026-05-02,2026-01-19,2026-02-17,HR,Done
T-1735,Approve dashboard v2,Erik Andersson,Not Started,Low,2026-04-14,2026-03-25,,Sales,Not Started
T-1736,Document workflow Q1,Wendy Lee,Done,High,2026-07-12,2026-04-25,2026-04-29,Finance,Done
T-1737,Refactor playbook for new hires,Wendy Lee,In Progress,Medium,2026-05-29,2026-02-16,,Finance,In Progress
T-1738,Draft report annual,Sam Khoury,In Progress,High,2026-07-08,2026-04-07,,Engineering,Done
T-1739,Coordinate workflow for executive sync,Devon Park,In Progress,High,2026-02-07,2026-01-07,,Security,In Progress
T-1740,Plan spec for partners,Alex Wang,In Progress,Medium,2026-05-28,2026-03-06,,Engineering,In Progress
T-1741,Launch service wrap-up,Anita Rao,In Progress,Low,2026-03-23,2026-01-30,,Finance,Not Started
T-1742,Implement pipeline for legal review,Yumi Tanaka,In Progress,Medium,2026-04-15,2026-02-04,,Sales,In Progress
T-1743,Launch rollout for executive sync,Sasha Mendel,Done,Medium,2026-04-20,2026-03-04,2026-04-30,Security,Done
T-1744,Optimize audit Q1,Owen Briggs,Not Started,High,2026-05-22,2026-05-02,,HR,Not Started
T-1745,Approve renewal for partners,Riley Kim,In Progress,Low,2026-01-29,2026-01-03,,Marketing,In Progress
T-1746,Document runbook phase 2,Sasha Mendel,Blocked,High,2026-05-12,2026-04-10,,Security,Blocked
T-1747,Onboard campaign v2,Maya Iwata,Not Started,Medium,2026-06-21,2026-04-26,,Marketing,Not Started
T-1748,Configure playbook v2,Nina Patel,Blocked,High,2026-03-18,2026-01-10,,HR,Blocked
T-1749,Decommission rollout kickoff,Lila Zheng,Done,Low,2026-03-14,2026-01-05,2026-04-03,Product,Done
T-1750,Document rollout for Q3,Yumi Tanaka,Not Started,Medium,2026-05-20,2026-03-12,,Sales,Not Started
T-1751,Coordinate policy v2,Sasha Mendel,Not Started,Medium,2026-04-29,2026-02-07,,Security,Not Started
T-1752,Onboard playbook phase 2,James Liu,In Progress,Low,2026-06-16,2026-04-23,,Operations,In Progress
T-1753,Update audit for new hires,Devon Park,Not Started,Low,2026-05-08,2026-04-20,,Security,Not Started
T-1754,Plan renewal for executive sync,Sasha Mendel,Done,Medium,2026-03-20,2026-01-27,2026-03-16,Security,Done
T-1755,Configure runbook in EU region,Maya Chen,In Progress,Medium,2026-06-21,2026-03-30,,Product,In Progress
T-1756,Test campaign for partners,James Liu,In Progress,Medium,2026-07-13,2026-04-06,,Operations,In Progress
T-1757,Approve review in EU region,Riley Kim,Blocked,High,2026-04-16,2026-04-02,,Marketing,Blocked
T-1758,Decommission report Q1,Owen Briggs,Not Started,Medium,2026-04-07,2026-03-15,,HR,Not Started
T-1759,Approve renewal for new hires,Carlos Vega,In Progress,Medium,2026-04-06,2026-01-25,,Marketing,In Progress
T-1760,Roll out integration in EU region,James Liu,Not Started,Low,2026-03-18,2026-01-07,,Operations,Not Started
T-1761,Onboard renewal consolidation,Sasha Mendel,Done,Medium,2026-04-05,2026-02-26,2026-03-28,Security,Done
T-1762,Update framework annual,Cara Singh,Not Started,Critical,2026-02-05,2026-01-11,,Product,Not Started
T-1763,Optimize rubric in EU region,Priya Nair,Done,Medium,2026-05-20,2026-04-28,2026-04-30,Engineering,Done
T-1764,Approve audit for new hires,Maya Iwata,In Progress,Medium,2026-02-23,2026-02-02,,Marketing,In Progress
T-1765,Coordinate workflow follow-up,Anita Rao,In Progress,Medium,2026-04-20,2026-01-31,,Finance,In Progress
T-1766,Onboard rubric after incident #47,Riley Kim,Done,High,2026-03-21,2026-02-07,2026-04-01,Marketing,Done
T-1767,Update playbook Q1,Yumi Tanaka,In Progress,Low,2026-04-14,2026-03-07,,Sales,In Progress
T-1768,Update policy follow-up,Jordan West,Done,High,2026-07-12,2026-04-23,2026-05-01,HR,Done
T-1769,Optimize migration for legal review,Ben Hartley,Not Started,Medium,2026-05-26,2026-04-11,,Product,Not Started
T-1770,Document report Q1,Riley Kim,In Progress,Low,2026-05-24,2026-03-12,,Marketing,In Progress
T-1771,Coordinate policy follow-up,James Liu,Done,Medium,2026-07-05,2026-03-27,2026-04-20,Operations,Done
T-1772,Implement dashboard after incident #47,Jordan Bell,Done,High,2026-02-21,2026-01-07,2026-04-27,Engineering,Done
T-1773,Refactor rubric follow-up,Nina Patel,Done,Low,2026-04-04,2026-02-23,2026-04-10,HR,Done
T-1774,Coordinate rollout for executive sync,Anita Rao,Done,High,2026-06-14,2026-04-04,2026-04-11,Finance,Blocked
T-1775,Draft workflow for Q3,Maya Chen,Done,Medium,2026-05-15,2026-04-24,2026-04-27,Product,Done
T-1776,Document framework phase 2,Maya Iwata,In Progress,Low,2026-02-27,2026-02-07,,Marketing,In Progress
T-1777,Launch dashboard v2,Anita Rao,In Progress,Medium,2026-04-22,2026-01-25,,Finance,In Progress
T-1778,Validate spec wrap-up,Marcus Tate,Blocked,Low,2026-07-20,2026-04-14,,Sales,Blocked
T-1779,Decommission rollout follow-up,Sasha Mendel,In Progress,Medium,2026-04-22,2026-02-19,,Security,In Progress
T-1780,Migrate framework wrap-up,Devon Reyes,In Progress,Low,2026-03-25,2026-01-13,,Operations,In Progress
T-1781,Decommission dashboard follow-up,Devon Park,Not Started,High,2026-03-31,2026-01-19,,Security,Not Started
T-1782,Test campaign for new hires,Priya Nair,Not Started,Critical,2026-03-24,2026-01-18,,Engineering,Not Started
T-1783,Document policy kickoff,Cara Singh,In Progress,Medium,2026-04-21,2026-03-25,,Product,In Progress
T-1784,Optimize migration across teams,Wendy Lee,Not Started,High,2026-06-02,2026-04-10,,Finance,Not Started
T-1785,Plan workflow for partners,Maya Iwata,Blocked,Medium,2026-03-28,2026-02-25,,Marketing,Blocked
T-1786,Audit dashboard wrap-up,Priya Nair,In Progress,Low,2026-03-18,2026-02-15,,Engineering,In Progress
T-1787,Investigate framework phase 2,Carlos Vega,Done,Medium,2026-05-23,2026-02-20,2026-03-01,Marketing,Done
T-1788,Optimize audit follow-up,Sam Khoury,In Progress,Medium,2026-03-14,2026-02-05,,Engineering,In Progress
T-1789,Plan framework across teams,Owen Briggs,Blocked,High,2026-05-07,2026-02-03,,HR,In Progress
T-1790,Document campaign follow-up,Anita Rao,Done,Medium,2026-06-22,2026-04-03,2026-04-05,Finance,Done
T-1791,Test rubric after incident #47,Maya Chen,Not Started,Medium,2026-05-15,2026-03-29,,Product,Not Started
T-1792,Coordinate audit for executive sync,Yumi Tanaka,Not Started,High,2026-05-26,2026-05-01,,Sales,Not Started
T-1793,Negotiate renewal after incident #47,Devon Park,Not Started,High,2026-08-01,2026-05-01,,Security,Not Started
T-1794,Negotiate audit for executive sync,Erik Andersson,In Progress,Medium,2026-07-02,2026-04-18,,Sales,In Progress
T-1795,Negotiate integration for Q3,Devon Park,Done,Medium,2026-04-06,2026-01-31,2026-04-15,Security,Done
T-1796,Optimize service for new hires,Wendy Lee,Blocked,Medium,2026-05-16,2026-02-10,,Finance,Blocked
T-1797,Refactor policy in EU region,Nina Patel,In Progress,Medium,2026-03-07,2026-01-10,,HR,In Progress
T-1798,Implement audit after incident #47,Nina Patel,Done,Medium,2026-03-13,2026-02-24,2026-04-29,HR,Done
T-1799,Refactor migration for legal review,Devon Park,Done,Medium,2026-05-11,2026-03-14,2026-04-05,Security,Done
T-1800,Implement service Q1,Riley Kim,In Progress,Medium,2026-07-12,2026-04-11,,Marketing,In Progress
T-1801,Plan review for new hires,Riley Kim,Done,Medium,2026-06-04,2026-03-21,2026-04-05,Marketing,In Progress
T-1802,Investigate dashboard for Q3,Tara Okonkwo,In Progress,Medium,2026-05-21,2026-02-24,,Operations,In Progress
T-1803,Test campaign wrap-up,Wendy Lee,In Progress,High,2026-03-29,2026-01-07,,Finance,In Progress
T-1804,Onboard runbook follow-up,Maya Park,Done,High,2026-08-05,2026-04-29,2026-05-02,Engineering,Done
T-1805,Implement checklist for executive sync,Jordan West,Done,High,2026-03-30,2026-01-15,2026-03-24,HR,Done
T-1806,Approve spec follow-up,Maya Park,Not Started,Medium,2026-05-17,2026-03-24,,Engineering,Not Started
T-1807,Coordinate runbook kickoff,Anita Rao,Blocked,Medium,2026-04-07,2026-03-03,,Finance,Blocked
T-1808,Migrate framework phase 2,Riley Kim,Done,Medium,2026-06-10,2026-03-23,2026-04-28,Marketing,Done
T-1809,Approve renewal annual,Sasha Mendel,In Progress,Medium,2026-04-17,2026-01-25,,Security,In Progress
T-1810,Plan review consolidation,Cara Singh,Not Started,Critical,2026-06-21,2026-03-29,,Product,Not Started
T-1811,Launch rollout phase 2,Wendy Lee,In Progress,Medium,2026-05-15,2026-02-04,,Finance,In Progress
T-1812,Draft rollout annual,Sasha Mendel,Done,Medium,2026-05-08,2026-01-29,2026-03-26,Security,Done
T-1813,Roll out pipeline wrap-up,Devon Park,Not Started,Medium,2026-02-26,2026-02-08,,Security,Not Started
T-1814,Validate spec follow-up,Riley Kim,Not Started,Low,2026-05-03,2026-02-19,,Marketing,Not Started
T-1815,Roll out audit Q1,Riley Kim,Blocked,Medium,2026-05-30,2026-02-22,,Marketing,Blocked
T-1816,Review training after incident #47,James Liu,Not Started,Medium,2026-05-16,2026-02-28,,Operations,Not Started
T-1817,Coordinate report Q1,Nina Patel,Done,High,2026-06-17,2026-04-19,2026-04-28,HR,Done
T-1818,Roll out rollout consolidation,Wendy Lee,Not Started,Medium,2026-03-23,2026-02-15,,Finance,Not Started
T-1819,Roll out runbook Q1,Devon Park,Blocked,Low,2026-01-25,2026-01-07,,Security,Blocked
T-1820,Negotiate rubric after incident #47,Jordan Bell,Blocked,Medium,2026-04-18,2026-03-30,,Engineering,Blocked
T-1821,Validate migration for partners,Maya Iwata,Blocked,Medium,2026-04-09,2026-01-27,,Marketing,Blocked
T-1822,Approve workflow for executive sync,Nina Patel,In Progress,Medium,2026-06-09,2026-03-13,,HR,In Progress
T-1823,Test framework for Q3,Carlos Vega,Blocked,Medium,2026-03-23,2026-01-13,,Marketing,Blocked
T-1824,Implement pipeline v2,Yumi Tanaka,Blocked,Medium,2026-04-16,2026-03-21,,Sales,Blocked
T-1825,Configure workflow for partners,James Liu,In Progress,Medium,2026-07-02,2026-03-26,,Operations,In Progress
T-1826,Migrate runbook for new hires,Cara Singh,Done,High,2026-02-11,2026-01-04,2026-02-28,Product,Done
T-1827,Implement integration consolidation,Owen Briggs,In Progress,Medium,2026-04-05,2026-02-21,,HR,In Progress
T-1828,Migrate renewal consolidation,Yumi Tanaka,Not Started,Medium,2026-04-12,2026-02-12,,Sales,Not Started
T-1829,Test audit for executive sync,Carlos Vega,Done,Medium,2026-05-09,2026-02-22,2026-04-07,Marketing,Done
T-1830,Draft report after incident #47,Jordan West,In Progress,Medium,2026-04-20,2026-01-30,,HR,Done
T-1831,Migrate rollout kickoff,Ben Hartley,Blocked,Medium,2026-03-14,2026-02-20,,Product,Blocked
T-1832,Onboard pipeline for Q3,Maya Iwata,In Progress,Medium,2026-02-25,2026-01-10,,Marketing,In Progress
T-1833,Migrate policy wrap-up,Anita Rao,Not Started,Low,2026-05-30,2026-02-27,,Finance,Not Started
T-1834,Investigate framework wrap-up,James Liu,In Progress,Medium,2026-04-12,2026-01-06,,Operations,In Progress
T-1835,Decommission rollout after incident #47,Owen Briggs,Not Started,Medium,2026-04-18,2026-02-21,,HR,Not Started
T-1836,Test runbook for partners,Erik Andersson,Not Started,Medium,2026-03-11,2026-01-08,,Sales,Not Started
T-1837,Roll out audit for Q3,James Liu,Done,Low,2026-06-30,2026-04-09,2026-04-19,Operations,Done
T-1838,Validate workflow for partners,Riley Kim,In Progress,Medium,2026-06-11,2026-04-13,,Marketing,In Progress
T-1839,Launch renewal for partners,Sam Khoury,Not Started,Low,2026-05-11,2026-03-03,,Engineering,Not Started
T-1840,Plan dashboard v2,James Liu,In Progress,Low,2026-07-09,2026-04-22,,Operations,Not Started
T-1841,Roll out rollout for executive sync,Ben Hartley,Done,High,2026-05-22,2026-03-08,2026-04-20,Product,Done
T-1842,Draft policy across teams,Sasha Mendel,Done,Medium,2026-05-24,2026-03-18,2026-03-29,Security,Done
T-1843,Test rubric for Q3,Ben Hartley,Done,Low,2026-06-09,2026-03-16,2026-04-12,Product,Done
T-1844,Review rubric follow-up,Riley Kim,Done,Medium,2026-05-24,2026-02-26,2026-04-24,Marketing,Done
T-1845,Configure pipeline across teams,Anita Rao,In Progress,High,2026-06-25,2026-04-10,,Finance,In Progress
T-1846,Review review annual,Riley Kim,Done,Medium,2026-05-13,2026-04-06,2026-04-30,Marketing,Done
T-1847,Implement pipeline Q1,Maya Iwata,In Progress,Medium,2026-06-09,2026-02-27,,Marketing,Done
T-1848,Onboard renewal for partners,Ben Hartley,Done,Low,2026-04-15,2026-03-07,2026-04-26,Product,Blocked
T-1849,Plan migration kickoff,James Liu,Not Started,Medium,2026-06-26,2026-04-22,,Operations,Not Started
T-1850,Coordinate policy for executive sync,Yumi Tanaka,Not Started,High,2026-06-02,2026-03-19,,Sales,Not Started
T-1851,Audit training phase 2,Devon Reyes,Not Started,Medium,2026-04-11,2026-02-27,,Operations,Not Started
T-1852,Refactor rollout wrap-up,Maya Chen,Done,Medium,2026-05-17,2026-02-19,2026-03-28,Product,Done
T-1853,Draft framework for executive sync,Jordan West,In Progress,Low,2026-03-31,2026-03-02,,HR,Not Started
T-1854,Audit migration for new hires,Jordan Bell,In Progress,Medium,2026-04-11,2026-02-01,,Engineering,In Progress
T-1855,Configure pipeline for Q3,Carlos Vega,In Progress,Medium,2026-06-28,2026-04-13,,Marketing,In Progress
T-1856,Investigate playbook for legal review,Marcus Tate,Done,Low,2026-03-26,2026-02-05,2026-03-29,Sales,In Progress
T-1857,Coordinate campaign for partners,Riley Kim,Done,High,2026-05-27,2026-04-15,2026-04-20,Marketing,Done
T-1858,Review pipeline consolidation,Maya Park,Done,Medium,2026-05-30,2026-04-25,2026-04-29,Engineering,Done
T-1859,Implement renewal follow-up,Tara Okonkwo,In Progress,High,2026-03-13,2026-02-22,,Operations,Not Started
T-1860,Roll out audit Q1,Anita Rao,Done,High,2026-03-31,2026-03-02,2026-03-13,Finance,Done
T-1861,Negotiate campaign for executive sync,Ben Hartley,In Progress,Medium,2026-05-28,2026-04-18,,Product,In Progress
T-1862,Negotiate rollout follow-up,Devon Park,Not Started,Medium,2026-06-22,2026-03-15,,Security,Not Started
T-1863,Onboard integration Q1,Riley Kim,Not Started,Medium,2026-06-13,2026-03-27,,Marketing,Not Started
T-1864,Review rollout for executive sync,Cara Singh,Done,Medium,2026-05-18,2026-03-20,2026-04-07,Product,Done
T-1865,Configure campaign Q1,Marcus Tate,Not Started,Medium,2026-07-13,2026-04-06,,Sales,Not Started
T-1866,Update pipeline annual,Marcus Tate,Done,Medium,2026-05-13,2026-03-20,2026-04-05,Sales,Done
T-1867,Review spec Q1,Maya Chen,Done,Medium,2026-04-28,2026-02-26,2026-04-22,Product,Done
T-1868,Negotiate dashboard annual,Wendy Lee,Not Started,Low,2026-04-20,2026-02-24,,Finance,Not Started
T-1869,Investigate checklist annual,Lila Zheng,In Progress,Medium,2026-07-05,2026-04-12,,Product,Not Started
T-1870,Test dashboard annual,Jordan Bell,Done,Medium,2026-05-28,2026-03-29,2026-04-05,Engineering,Done
T-1871,Validate service annual,Owen Briggs,Not Started,Medium,2026-07-07,2026-03-31,,HR,Not Started
T-1872,Document audit annual,Anita Rao,In Progress,Low,2026-03-01,2026-02-06,,Finance,In Progress
T-1873,Configure report for executive sync,Nina Patel,Done,Medium,2026-05-03,2026-02-16,2026-03-29,HR,Done
T-1874,Implement campaign wrap-up,Devon Reyes,Done,Medium,2026-04-08,2026-03-19,2026-04-12,Operations,Done
T-1875,Review review for legal review,Wendy Lee,Not Started,Medium,2026-07-01,2026-03-29,,Finance,Not Started
T-1876,Update playbook phase 2,Cara Singh,Done,Medium,2026-05-12,2026-03-28,2026-04-27,Product,Blocked
T-1877,Roll out framework across teams,Nina Patel,Done,Medium,2026-07-15,2026-04-11,2026-04-19,HR,Done
T-1878,Negotiate migration after incident #47,Carlos Vega,Done,Medium,2026-02-21,2026-01-21,2026-03-19,Marketing,Done
T-1879,Decommission framework for executive sync,Sasha Mendel,Blocked,Medium,2026-04-08,2026-01-06,,Security,Blocked
T-1880,Coordinate pipeline annual,Riley Kim,Done,Medium,2026-02-03,2026-01-11,2026-04-18,Marketing,Blocked
T-1881,Plan audit for Q3,Jordan West,In Progress,Medium,2026-08-09,2026-05-01,,HR,In Progress
T-1882,Roll out workflow follow-up,Marcus Tate,In Progress,High,2026-05-16,2026-03-04,,Sales,In Progress
T-1883,Roll out policy annual,Nina Patel,In Progress,High,2026-05-15,2026-03-25,,HR,In Progress
T-1884,Test renewal across teams,Wendy Lee,Done,Medium,2026-05-10,2026-03-03,2026-03-15,Finance,Done
T-1885,Onboard checklist consolidation,Wendy Lee,Done,Low,2026-05-18,2026-04-04,2026-04-27,Finance,Done
T-1886,Roll out review after incident #47,Jordan Bell,Done,Low,2026-04-18,2026-01-31,2026-03-29,Engineering,Blocked
T-1887,Investigate audit across teams,Tara Okonkwo,In Progress,Medium,2026-04-03,2026-02-28,,Operations,In Progress
T-1888,Investigate spec wrap-up,Devon Reyes,In Progress,Low,2026-02-27,2026-01-15,,Operations,In Progress
T-1889,Test rubric for new hires,Jordan West,Not Started,Medium,2026-04-29,2026-03-31,,HR,Not Started
T-1890,Update audit for new hires,James Liu,Done,Medium,2026-05-04,2026-03-06,2026-03-12,Operations,Done
T-1891,Onboard audit for partners,Tara Okonkwo,Not Started,Medium,2026-03-27,2026-01-26,,Operations,Not Started
T-1892,Audit report wrap-up,Yumi Tanaka,Done,Medium,2026-06-07,2026-03-21,2026-04-10,Sales,Done
T-1893,Refactor service for executive sync,Wendy Lee,In Progress,Medium,2026-07-02,2026-04-14,,Finance,In Progress
T-1894,Launch rollout v2,Devon Reyes,Done,Medium,2026-07-06,2026-05-01,2026-05-02,Operations,In Progress
T-1895,Configure dashboard for partners,Nina Patel,In Progress,Medium,2026-04-17,2026-02-27,,HR,In Progress
T-1896,Draft audit kickoff,Maya Iwata,In Progress,High,2026-04-15,2026-01-25,,Marketing,In Progress
T-1897,Optimize report kickoff,Lila Zheng,Blocked,Medium,2026-01-27,2026-01-04,,Product,In Progress
T-1898,Approve checklist v2,Erik Andersson,Done,Medium,2026-04-23,2026-03-24,2026-04-24,Sales,Done
T-1899,Decommission renewal across teams,Alex Wang,In Progress,Medium,2026-03-23,2026-03-07,,Engineering,In Progress
T-1900,Roll out renewal in EU region,Sasha Mendel,Not Started,Low,2026-03-05,2026-02-08,,Security,Not Started
T-1901,Validate integration annual,Alex Wang,In Progress,High,2026-05-23,2026-02-11,,Engineering,In Progress
T-1902,Decommission audit for executive sync,Jordan Bell,In Progress,Medium,2026-04-14,2026-01-18,,Engineering,In Progress
T-1903,Migrate runbook consolidation,Lila Zheng,In Progress,Medium,2026-05-13,2026-04-10,,Product,In Progress
T-1904,Investigate framework for partners,Erik Andersson,Blocked,High,2026-05-06,2026-02-21,,Sales,Blocked
T-1905,Configure dashboard phase 2,Nina Patel,In Progress,Medium,2026-03-29,2026-01-22,,HR,In Progress
T-1906,Configure workflow for Q3,Anita Rao,Done,Medium,2026-05-03,2026-01-25,2026-03-23,Finance,Done
T-1907,Approve checklist for executive sync,James Liu,In Progress,Medium,2026-04-12,2026-03-25,,Operations,In Progress
T-1908,Document workflow kickoff,Priya Nair,Done,Medium,2026-05-05,2026-02-20,2026-02-23,Engineering,Done
T-1909,Approve dashboard for Q3,Jordan West,Done,Low,2026-04-23,2026-01-27,2026-03-19,HR,Done
T-1910,Roll out migration follow-up,Maya Chen,Not Started,Medium,2026-08-07,2026-04-27,,Product,Not Started
T-1911,Optimize spec consolidation,Anita Rao,Not Started,Medium,2026-06-19,2026-04-22,,Finance,Not Started
T-1912,Coordinate rubric across teams,Jordan Bell,In Progress,Medium,2026-04-27,2026-02-15,,Engineering,Not Started
T-1913,Launch playbook for legal review,Riley Kim,Blocked,High,2026-04-28,2026-02-24,,Marketing,In Progress
T-1914,Document audit v2,Alex Wang,Not Started,Medium,2026-07-06,2026-04-28,,Engineering,Not Started
T-1915,Review rollout for new hires,Tara Okonkwo,Blocked,Medium,2026-02-10,2026-01-14,,Operations,Blocked
T-1916,Optimize checklist for executive sync,Anita Rao,In Progress,Medium,2026-04-02,2026-02-06,,Finance,In Progress
T-1917,Audit policy for Q3,Owen Briggs,Not Started,Medium,2026-04-07,2026-02-06,,HR,Not Started
T-1918,Validate review kickoff,Anita Rao,Done,Medium,2026-04-01,2026-02-06,2026-03-29,Finance,Done
T-1919,Test workflow in EU region,Carlos Vega,Blocked,Medium,2026-05-03,2026-03-02,,Marketing,Blocked
T-1920,Optimize framework for executive sync,Devon Reyes,Done,High,2026-04-01,2026-01-06,2026-01-17,Operations,Blocked
T-1921,Migrate rubric annual,Sasha Mendel,Done,Critical,2026-07-10,2026-04-04,2026-04-30,Security,Done
T-1922,Launch renewal for executive sync,Wendy Lee,Not Started,Medium,2026-07-19,2026-04-09,,Finance,Not Started
T-1923,Audit policy consolidation,Jordan Bell,Not Started,High,2026-04-10,2026-02-26,,Engineering,Not Started
T-1924,Coordinate runbook wrap-up,Jordan West,Done,Medium,2026-06-20,2026-04-04,2026-04-29,HR,Done
T-1925,Optimize pipeline wrap-up,Anita Rao,Blocked,High,2026-05-08,2026-04-10,,Finance,Blocked
T-1926,Plan runbook annual,Devon Reyes,In Progress,Medium,2026-06-18,2026-04-07,,Operations,In Progress
T-1927,Negotiate campaign for executive sync,Sasha Mendel,Not Started,High,2026-05-12,2026-04-27,,Security,Not Started
T-1928,Optimize spec for executive sync,Yumi Tanaka,Not Started,Medium,2026-04-10,2026-01-16,,Sales,Not Started
T-1929,Audit campaign for executive sync,Tara Okonkwo,Done,Medium,2026-08-05,2026-04-29,2026-04-29,Operations,Done
T-1930,Decommission migration for partners,Tara Okonkwo,In Progress,Medium,2026-05-22,2026-04-10,,Operations,In Progress
T-1931,Roll out runbook for legal review,Wendy Lee,Done,Low,2026-03-03,2026-01-09,2026-01-18,Finance,Done
T-1932,Audit workflow across teams,Yumi Tanaka,Not Started,Low,2026-05-12,2026-04-26,,Sales,Not Started
T-1933,Decommission review annual,Tara Okonkwo,Not Started,Medium,2026-02-07,2026-01-24,,Operations,Not Started
T-1934,Migrate rollout annual,Tara Okonkwo,Not Started,Medium,2026-07-13,2026-04-13,,Operations,Not Started
T-1935,Negotiate framework annual,Priya Nair,In Progress,Medium,2026-07-20,2026-04-18,,Engineering,In Progress
T-1936,Negotiate checklist in EU region,Wendy Lee,Done,Medium,2026-04-02,2026-03-02,2026-04-25,Finance,Done
T-1937,Roll out report for executive sync,Lila Zheng,Not Started,Low,2026-06-15,2026-03-13,,Product,Not Started
T-1938,Configure spec across teams,Cara Singh,Done,Low,2026-04-22,2026-02-19,2026-03-22,Product,Done
T-1939,Review checklist consolidation,Erik Andersson,In Progress,Medium,2026-05-18,2026-02-11,,Sales,In Progress
T-1940,Decommission dashboard phase 2,Wendy Lee,Done,High,2026-05-15,2026-04-18,2026-04-28,Finance,In Progress
T-1941,Validate pipeline Q1,Wendy Lee,In Progress,Medium,2026-04-14,2026-03-19,,Finance,In Progress
T-1942,Draft service wrap-up,Owen Briggs,In Progress,Medium,2026-05-29,2026-03-18,,HR,In Progress
T-1943,Test service kickoff,Devon Park,Done,Medium,2026-04-23,2026-03-09,2026-04-12,Security,Blocked
T-1944,Refactor migration for executive sync,Sam Khoury,Not Started,High,2026-06-20,2026-03-10,,Engineering,Not Started
T-1945,Launch playbook across teams,Marcus Tate,Not Started,Low,2026-06-26,2026-04-07,,Sales,Not Started
T-1946,Review renewal follow-up,Carlos Vega,In Progress,Medium,2026-05-08,2026-02-02,,Marketing,Not Started
T-1947,Coordinate workflow wrap-up,Anita Rao,Done,Low,2026-05-21,2026-04-09,2026-04-29,Finance,Done
T-1948,Onboard checklist annual,Anita Rao,Not Started,Low,2026-05-28,2026-03-22,,Finance,Not Started
T-1949,Test service follow-up,Maya Iwata,Not Started,Low,2026-04-03,2026-03-10,,Marketing,Not Started
T-1950,Refactor playbook kickoff,Yumi Tanaka,Not Started,Medium,2026-03-18,2026-01-31,,Sales,Not Started
T-1951,Approve campaign for new hires,Riley Kim,Done,Medium,2026-07-05,2026-04-03,2026-04-10,Marketing,Done
T-1952,Refactor dashboard wrap-up,Owen Briggs,Not Started,Medium,2026-04-17,2026-02-16,,HR,Not Started
T-1953,Implement integration for executive sync,Yumi Tanaka,Done,Medium,2026-04-22,2026-02-24,2026-02-28,Sales,Blocked
T-1954,Decommission runbook after incident #47,Riley Kim,Done,High,2026-03-10,2026-01-27,2026-04-10,Marketing,Blocked
T-1955,Launch pipeline for legal review,Nina Patel,In Progress,Medium,2026-04-12,2026-01-28,,HR,Not Started
T-1956,Test policy in EU region,Marcus Tate,In Progress,Medium,2026-03-13,2026-01-27,,Sales,In Progress
T-1957,Update checklist in EU region,Anita Rao,In Progress,Low,2026-04-22,2026-03-19,,Finance,In Progress
T-1958,Approve workflow for executive sync,Maya Iwata,Done,Medium,2026-07-01,2026-05-01,2026-05-02,Marketing,Done
T-1959,Coordinate integration annual,Devon Reyes,In Progress,Medium,2026-05-22,2026-03-22,,Operations,In Progress
T-1960,Onboard dashboard consolidation,Cara Singh,Not Started,Medium,2026-02-26,2026-01-04,,Product,Not Started
T-1961,Test pipeline across teams,Ben Hartley,Done,Medium,2026-07-17,2026-04-06,2026-04-17,Product,Done
T-1962,Validate dashboard wrap-up,Devon Park,Done,Medium,2026-07-18,2026-04-28,2026-04-28,Security,Done
T-1963,Investigate renewal v2,Sasha Mendel,Done,Medium,2026-04-21,2026-02-17,2026-03-14,Security,Blocked
T-1964,Test policy wrap-up,James Liu,Blocked,Low,2026-02-22,2026-01-21,,Operations,Blocked
T-1965,Roll out rubric v2,Owen Briggs,In Progress,Medium,2026-03-26,2026-03-08,,HR,In Progress
T-1966,Onboard training phase 2,Devon Park,Not Started,High,2026-03-16,2026-01-07,,Security,Not Started
T-1967,Review review after incident #47,Devon Reyes,In Progress,Medium,2026-04-21,2026-01-21,,Operations,In Progress
T-1968,Refactor report for Q3,Riley Kim,Blocked,Medium,2026-04-07,2026-02-28,,Marketing,Blocked
T-1969,Refactor audit for executive sync,Wendy Lee,In Progress,Critical,2026-06-20,2026-03-18,,Finance,In Progress
T-1970,Launch review for new hires,Devon Park,Done,Medium,2026-06-29,2026-04-18,2026-04-30,Security,Done
T-1971,Validate audit kickoff,James Liu,Not Started,Low,2026-04-22,2026-01-30,,Operations,Not Started
T-1972,Migrate policy v2,Nina Patel,In Progress,Low,2026-06-28,2026-05-02,,HR,In Progress
T-1973,Test migration consolidation,Nina Patel,In Progress,Medium,2026-07-03,2026-04-16,,HR,In Progress
T-1974,Test playbook for new hires,Priya Nair,In Progress,Low,2026-02-15,2026-01-08,,Engineering,In Progress
T-1975,Plan renewal consolidation,Wendy Lee,Not Started,High,2026-07-04,2026-04-19,,Finance,Not Started
T-1976,Decommission audit for Q3,Maya Chen,In Progress,High,2026-03-03,2026-01-08,,Product,In Progress
T-1977,Migrate rollout for legal review,Maya Park,Blocked,Medium,2026-04-01,2026-01-13,,Engineering,Blocked
T-1978,Coordinate framework for new hires,Maya Chen,Not Started,Medium,2026-04-02,2026-01-03,,Product,Not Started
T-1979,Implement pipeline annual,Ben Hartley,Done,Medium,2026-02-07,2026-01-10,2026-03-11,Product,Done
T-1980,Audit review consolidation,Nina Patel,Done,Medium,2026-06-17,2026-04-02,2026-04-24,HR,Done
T-1981,Onboard runbook in EU region,Anita Rao,In Progress,Low,2026-05-09,2026-02-01,,Finance,In Progress
T-1982,Update migration wrap-up,Sasha Mendel,Not Started,Low,2026-05-04,2026-04-08,,Security,Not Started
T-1983,Optimize playbook for Q3,Alex Wang,Done,High,2026-04-25,2026-02-17,2026-04-11,Engineering,In Progress
T-1984,Audit playbook for partners,Devon Park,Not Started,Medium,2026-04-05,2026-03-20,,Security,Not Started
T-1985,Draft policy phase 2,Devon Park,Done,Medium,2026-05-05,2026-03-03,2026-03-27,Security,Done
T-1986,Implement rollout for partners,Yumi Tanaka,In Progress,Medium,2026-03-21,2026-03-04,,Sales,Done
T-1987,Optimize integration wrap-up,Wendy Lee,Done,Medium,2026-05-16,2026-04-17,2026-05-02,Finance,Done
T-1988,Draft service after incident #47,Maya Park,In Progress,Medium,2026-04-22,2026-01-14,,Engineering,In Progress
T-1989,Audit service across teams,Wendy Lee,Done,Medium,2026-04-19,2026-01-11,2026-03-12,Finance,Done
T-1990,Investigate review across teams,Marcus Tate,In Progress,Medium,2026-06-03,2026-03-02,,Sales,In Progress
T-1991,Audit dashboard for partners,Marcus Tate,Done,High,2026-06-14,2026-04-25,2026-04-29,Sales,Done
T-1992,Coordinate playbook wrap-up,Jordan West,In Progress,Low,2026-03-01,2026-01-20,,HR,In Progress
T-1993,Test review phase 2,Sasha Mendel,In Progress,High,2026-05-18,2026-03-27,,Security,In Progress
T-1994,Launch runbook for partners,Devon Park,In Progress,Medium,2026-03-13,2026-02-27,,Security,In Progress
T-1995,Decommission campaign wrap-up,Owen Briggs,In Progress,Medium,2026-07-22,2026-04-11,,HR,In Progress
T-1996,Validate checklist for executive sync,Maya Chen,Done,Low,2026-03-27,2026-03-01,2026-03-12,Product,Done
T-1997,Approve integration annual,Devon Park,In Progress,Low,2026-06-01,2026-04-16,,Security,In Progress
T-1998,Document service for legal review,Carlos Vega,In Progress,High,2026-06-08,2026-04-20,,Marketing,Done
T-1999,Test playbook follow-up,Jordan West,In Progress,Medium,2026-05-03,2026-03-10,,HR,Not Started
T-2000,Validate dashboard kickoff,Maya Chen,Not Started,Medium,2026-03-07,2026-01-24,,Product,Not Started
T-2001,Roll out training annual,Priya Nair,In Progress,High,2026-05-09,2026-03-29,,Engineering,In Progress
T-2002,Document rollout for legal review,Marcus Tate,Not Started,Low,2026-05-09,2026-01-31,,Sales,Not Started
T-2003,Approve dashboard for new hires,Tara Okonkwo,In Progress,Critical,2026-02-23,2026-01-22,,Operations,Not Started
T-2004,Investigate integration phase 2,Carlos Vega,Not Started,High,2026-06-21,2026-03-20,,Marketing,Not Started
T-2005,Decommission rollout for executive sync,Nina Patel,Not Started,Medium,2026-03-23,2026-01-15,,HR,Not Started
T-2006,Audit report v2,Erik Andersson,Not Started,High,2026-03-27,2026-02-07,,Sales,Not Started
T-2007,Negotiate checklist v2,Ben Hartley,In Progress,Critical,2026-03-13,2026-01-16,,Product,In Progress
T-2008,Approve service in EU region,Tara Okonkwo,Done,High,2026-04-12,2026-02-17,2026-04-10,Operations,Done
T-2009,Decommission audit phase 2,Cara Singh,In Progress,High,2026-06-19,2026-05-01,,Product,Not Started
T-2010,Validate service after incident #47,Nina Patel,Not Started,Low,2026-05-11,2026-02-10,,HR,Not Started
T-2011,Implement campaign for partners,Riley Kim,In Progress,Medium,2026-05-01,2026-02-16,,Marketing,In Progress
T-2012,Configure rubric for Q3,Owen Briggs,Not Started,High,2026-03-27,2026-03-01,,HR,Not Started
T-2013,Draft training for executive sync,Alex Wang,Not Started,Medium,2026-04-15,2026-02-28,,Engineering,Not Started
T-2014,Negotiate dashboard kickoff,Sasha Mendel,Blocked,Medium,2026-07-19,2026-04-16,,Security,In Progress
T-2015,Audit audit consolidation,Devon Park,Not Started,Medium,2026-02-11,2026-01-13,,Security,Not Started
T-2016,Review playbook for executive sync,Lila Zheng,In Progress,Low,2026-03-20,2026-01-21,,Product,Not Started
T-2017,Document report for partners,Nina Patel,In Progress,Low,2026-04-18,2026-02-25,,HR,Done
T-2018,Optimize renewal for new hires,Wendy Lee,In Progress,Critical,2026-06-08,2026-03-05,,Finance,In Progress
T-2019,Plan runbook in EU region,Alex Wang,Not Started,Medium,2026-01-23,2026-01-03,,Engineering,Not Started
T-2020,Refactor training for partners,Marcus Tate,In Progress,Medium,2026-05-28,2026-02-17,,Sales,In Progress
T-2021,Refactor training consolidation,Maya Chen,Not Started,Low,2026-06-20,2026-03-20,,Product,Not Started
T-2022,Implement rollout for partners,Jordan West,In Progress,High,2026-02-07,2026-01-10,,HR,In Progress
T-2023,Migrate audit after incident #47,Maya Iwata,Not Started,Medium,2026-04-14,2026-03-25,,Marketing,Not Started
T-2024,Configure rollout kickoff,Jordan Bell,In Progress,Medium,2026-02-23,2026-01-20,,Engineering,In Progress
T-2025,Plan dashboard in EU region,Lila Zheng,In Progress,Medium,2026-06-10,2026-03-10,,Product,In Progress
T-2026,Negotiate report annual,Owen Briggs,In Progress,Medium,2026-05-16,2026-02-09,,HR,In Progress
T-2027,Investigate campaign in EU region,Carlos Vega,Done,Medium,2026-06-29,2026-04-21,2026-04-30,Marketing,Done
T-2028,Plan migration for legal review,Maya Chen,In Progress,Medium,2026-02-27,2026-01-28,,Product,Done
T-2029,Onboard audit for new hires,Anita Rao,In Progress,Low,2026-04-15,2026-03-09,,Finance,Not Started
T-2030,Plan renewal across teams,Sam Khoury,Done,Medium,2026-06-25,2026-03-18,2026-04-19,Engineering,Done
T-2031,Validate rollout Q1,Maya Chen,Done,Medium,2026-04-26,2026-03-12,2026-03-25,Product,In Progress
T-2032,Negotiate audit follow-up,Lila Zheng,Done,High,2026-03-27,2026-01-11,2026-03-03,Product,Done
T-2033,Validate migration for legal review,James Liu,Done,Medium,2026-07-30,2026-04-23,2026-04-28,Operations,In Progress
T-2034,Configure playbook Q1,Wendy Lee,Done,Low,2026-06-20,2026-04-05,2026-04-17,Finance,Done
T-2035,Update runbook Q1,Owen Briggs,In Progress,Low,2026-02-24,2026-01-30,,HR,In Progress
T-2036,Configure checklist for executive sync,Tara Okonkwo,Not Started,High,2026-05-19,2026-03-02,,Operations,Not Started
T-2037,Decommission renewal for Q3,Jordan West,Not Started,Medium,2026-04-15,2026-01-17,,HR,Not Started
T-2038,Configure migration phase 2,Cara Singh,In Progress,Medium,2026-03-06,2026-01-28,,Product,In Progress
T-2039,Launch framework annual,Sam Khoury,In Progress,Medium,2026-05-31,2026-03-23,,Engineering,In Progress
T-2040,Document review Q1,Maya Iwata,In Progress,High,2026-03-30,2026-02-15,,Marketing,Done
T-2041,Approve training for legal review,Jordan Bell,Not Started,Low,2026-03-09,2026-01-31,,Engineering,Not Started
T-2042,Launch spec after incident #47,Wendy Lee,Not Started,Low,2026-03-27,2026-01-24,,Finance,Not Started
T-2043,Approve policy after incident #47,Marcus Tate,Not Started,High,2026-02-18,2026-01-11,,Sales,Not Started
T-2044,Configure checklist across teams,Jordan Bell,In Progress,Medium,2026-06-13,2026-03-21,,Engineering,In Progress
T-2045,Document report Q1,Ben Hartley,In Progress,Medium,2026-04-20,2026-01-11,,Product,Done
T-2046,Validate integration across teams,Wendy Lee,In Progress,Low,2026-04-12,2026-02-02,,Finance,In Progress
T-2047,Review dashboard kickoff,Devon Park,Done,High,2026-06-29,2026-04-25,2026-04-25,Security,Done
T-2048,Plan migration for executive sync,Devon Reyes,Blocked,Critical,2026-03-12,2026-01-10,,Operations,In Progress
T-2049,Negotiate migration after incident #47,Nina Patel,Done,Medium,2026-02-06,2026-01-04,2026-03-13,HR,Blocked
T-2050,Review spec Q1,Priya Nair,Done,Medium,2026-04-17,2026-01-10,2026-04-15,Engineering,Done
T-2051,Implement integration follow-up,Maya Chen,In Progress,Medium,2026-05-29,2026-04-20,,Product,In Progress
T-2052,Audit renewal for partners,Cara Singh,Not Started,Medium,2026-04-01,2026-03-02,,Product,Not Started
T-2053,Coordinate migration consolidation,Devon Park,In Progress,Medium,2026-02-03,2026-01-05,,Security,In Progress
T-2054,Decommission dashboard annual,Maya Iwata,In Progress,Medium,2026-04-18,2026-03-23,,Marketing,In Progress
T-2055,Draft framework consolidation,Maya Iwata,In Progress,Medium,2026-05-06,2026-03-18,,Marketing,In Progress
T-2056,Validate migration annual,Maya Park,In Progress,Medium,2026-02-22,2026-01-29,,Engineering,In Progress
T-2057,Audit playbook for legal review,Wendy Lee,In Progress,Low,2026-03-29,2026-03-04,,Finance,In Progress
T-2058,Plan spec wrap-up,Cara Singh,Done,High,2026-03-09,2026-01-31,2026-02-07,Product,Done
T-2059,Validate rollout after incident #47,Riley Kim,Not Started,Medium,2026-03-19,2026-01-31,,Marketing,Not Started
T-2060,Implement integration phase 2,Nina Patel,In Progress,Low,2026-04-08,2026-01-07,,HR,In Progress
T-2061,Investigate renewal after incident #47,Erik Andersson,In Progress,High,2026-03-30,2026-01-11,,Sales,In Progress
T-2062,Validate audit for legal review,Sasha Mendel,Done,High,2026-05-18,2026-04-23,2026-04-26,Security,Done
T-2063,Document migration v2,Nina Patel,In Progress,High,2026-07-07,2026-04-16,,HR,In Progress
T-2064,Launch checklist wrap-up,Devon Reyes,Done,Medium,2026-07-29,2026-04-21,2026-04-28,Operations,Done
T-2065,Negotiate spec for Q3,Marcus Tate,Blocked,Low,2026-04-06,2026-03-09,,Sales,Blocked
T-2066,Draft runbook wrap-up,Devon Park,Done,Critical,2026-05-06,2026-03-23,2026-05-01,Security,Done
T-2067,Update migration kickoff,Priya Nair,Done,Medium,2026-07-05,2026-04-19,2026-05-02,Engineering,Done
T-2068,Implement workflow consolidation,James Liu,Done,High,2026-05-09,2026-03-25,2026-03-25,Operations,Done
T-2069,Approve report for Q3,Alex Wang,Not Started,Medium,2026-06-03,2026-04-14,,Engineering,Not Started
T-2070,Decommission service v2,Priya Nair,In Progress,High,2026-03-05,2026-02-04,,Engineering,In Progress
T-2071,Review checklist across teams,Owen Briggs,Done,Low,2026-06-01,2026-02-21,2026-03-30,HR,Done
T-2072,Audit campaign annual,Anita Rao,In Progress,Medium,2026-05-26,2026-04-05,,Finance,In Progress
T-2073,Plan runbook wrap-up,Anita Rao,Not Started,Medium,2026-05-08,2026-04-02,,Finance,Not Started
T-2074,Decommission review follow-up,Devon Reyes,Not Started,Medium,2026-04-26,2026-02-07,,Operations,Not Started
T-2075,Draft rollout v2,Nina Patel,In Progress,Medium,2026-04-14,2026-02-25,,HR,Done
T-2076,Onboard workflow across teams,Jordan West,In Progress,Critical,2026-05-25,2026-02-19,,HR,In Progress
T-2077,Investigate campaign phase 2,Tara Okonkwo,Done,Medium,2026-03-29,2026-01-03,2026-03-22,Operations,Done
T-2078,Roll out campaign after incident #47,Maya Iwata,Done,Low,2026-04-15,2026-01-28,2026-03-05,Marketing,Blocked
T-2079,Roll out review annual,Carlos Vega,Not Started,Critical,2026-05-14,2026-02-07,,Marketing,Not Started
T-2080,Configure renewal phase 2,Lila Zheng,In Progress,Low,2026-05-23,2026-03-25,,Product,In Progress
T-2081,Implement audit consolidation,Cara Singh,Not Started,Medium,2026-04-09,2026-02-24,,Product,Not Started
T-2082,Refactor review for executive sync,Sasha Mendel,In Progress,Critical,2026-04-30,2026-02-04,,Security,In Progress
T-2083,Test rollout kickoff,Sam Khoury,Not Started,Medium,2026-06-29,2026-04-08,,Engineering,Not Started
T-2084,Migrate rubric v2,Riley Kim,Done,Low,2026-04-24,2026-03-18,2026-04-04,Marketing,In Progress
T-2085,Test spec for new hires,Sam Khoury,Done,High,2026-03-21,2026-02-25,2026-03-03,Engineering,Done
T-2086,Approve rubric for new hires,Jordan West,Not Started,Critical,2026-04-21,2026-03-09,,HR,Not Started
T-2087,Document runbook in EU region,Sasha Mendel,In Progress,Medium,2026-03-19,2026-02-07,,Security,In Progress
T-2088,Approve checklist Q1,Maya Iwata,Not Started,Medium,2026-06-06,2026-03-16,,Marketing,Not Started
T-2089,Onboard service Q1,Wendy Lee,In Progress,Medium,2026-06-15,2026-04-21,,Finance,In Progress
T-2090,Investigate campaign Q1,Owen Briggs,Done,High,2026-06-03,2026-03-11,2026-04-26,HR,Blocked
T-2091,Update service for executive sync,Owen Briggs,In Progress,High,2026-06-06,2026-02-28,,HR,In Progress
T-2092,Update training follow-up,Devon Reyes,Not Started,Medium,2026-06-28,2026-03-17,,Operations,Not Started
T-2093,Validate checklist for new hires,Jordan Bell,Not Started,Medium,2026-04-22,2026-04-07,,Engineering,Not Started
T-2094,Update service for legal review,Maya Chen,Done,Low,2026-05-07,2026-02-12,2026-03-03,Product,Done
T-2095,Investigate rubric for Q3,Anita Rao,Done,Medium,2026-05-10,2026-04-23,2026-04-24,Finance,Done
T-2096,Migrate campaign in EU region,Riley Kim,In Progress,Medium,2026-04-18,2026-02-10,,Marketing,Not Started
T-2097,Refactor audit for Q3,Jordan West,In Progress,Medium,2026-03-25,2026-01-25,,HR,Not Started
T-2098,Approve training Q1,Alex Wang,Blocked,Low,2026-04-17,2026-02-13,,Engineering,Blocked
T-2099,Update policy v2,Maya Chen,Not Started,Low,2026-04-16,2026-03-31,,Product,Not Started
T-2100,Negotiate playbook for executive sync,Maya Iwata,Not Started,High,2026-06-26,2026-04-12,,Marketing,Not Started
T-2101,Configure pipeline across teams,Sasha Mendel,In Progress,Medium,2026-05-27,2026-02-25,,Security,Done
T-2102,Onboard framework kickoff,Jordan West,Not Started,High,2026-07-21,2026-04-27,,HR,Not Started
T-2103,Plan migration v2,Owen Briggs,Done,Medium,2026-07-14,2026-04-11,2026-04-15,HR,Done
T-2104,Negotiate report across teams,Devon Park,In Progress,High,2026-06-06,2026-02-24,,Security,Not Started
T-2105,Investigate spec consolidation,Erik Andersson,Done,Medium,2026-03-14,2026-01-28,2026-04-17,Sales,Done
T-2106,Migrate training for partners,Priya Nair,Not Started,Medium,2026-05-03,2026-03-16,,Engineering,Not Started
T-2107,Implement policy across teams,Marcus Tate,In Progress,High,2026-03-13,2026-01-22,,Sales,Done
T-2108,Update dashboard for partners,Devon Park,In Progress,High,2026-05-25,2026-03-05,,Security,In Progress
T-2109,Validate report v2,Maya Iwata,Blocked,Medium,2026-05-20,2026-02-07,,Marketing,Blocked
T-2110,Onboard audit after incident #47,Marcus Tate,Done,Low,2026-04-23,2026-01-31,2026-03-26,Sales,Done
T-2111,Migrate campaign consolidation,Maya Park,Done,Medium,2026-03-27,2026-02-05,2026-03-04,Engineering,Done
T-2112,Document service for legal review,Devon Park,Done,Medium,2026-03-18,2026-01-04,2026-02-10,Security,Done
T-2113,Onboard checklist Q1,Maya Chen,Blocked,High,2026-05-08,2026-02-13,,Product,Blocked
T-2114,Plan integration phase 2,Anita Rao,Not Started,Low,2026-05-19,2026-02-23,,Finance,Not Started
T-2115,Onboard checklist for partners,Tara Okonkwo,In Progress,Medium,2026-05-17,2026-03-19,,Operations,In Progress
T-2116,Configure policy kickoff,Devon Reyes,Done,High,2026-07-22,2026-04-30,2026-04-30,Operations,Done
T-2117,Audit review consolidation,Owen Briggs,Done,Low,2026-05-30,2026-04-18,2026-04-23,HR,Done
T-2118,Negotiate dashboard for Q3,Sasha Mendel,In Progress,High,2026-04-11,2026-01-19,,Security,In Progress
T-2119,Coordinate policy wrap-up,Sasha Mendel,In Progress,High,2026-06-23,2026-04-09,,Security,Done
T-2120,Negotiate renewal for new hires,Jordan West,In Progress,Low,2026-07-02,2026-03-25,,HR,In Progress
T-2121,Update campaign for Q3,Jordan West,Not Started,Medium,2026-05-13,2026-03-07,,HR,Not Started
T-2122,Test campaign for new hires,Owen Briggs,Done,Medium,2026-06-22,2026-03-19,2026-03-22,HR,Done
T-2123,Plan rollout consolidation,Tara Okonkwo,In Progress,High,2026-06-02,2026-02-25,,Operations,In Progress
T-2124,Review audit across teams,Carlos Vega,Done,Medium,2026-02-12,2026-01-18,2026-03-15,Marketing,Done
T-2125,Migrate review follow-up,Wendy Lee,Done,Medium,2026-04-03,2026-01-14,2026-03-12,Finance,Done
T-2126,Migrate rollout for executive sync,Devon Reyes,Not Started,Low,2026-02-22,2026-01-08,,Operations,Not Started
T-2127,Validate rubric for executive sync,Jordan Bell,In Progress,Medium,2026-05-02,2026-04-02,,Engineering,In Progress
T-2128,Negotiate spec for legal review,Anita Rao,Blocked,Critical,2026-05-04,2026-03-20,,Finance,Blocked
T-2129,Test integration kickoff,Lila Zheng,Not Started,Low,2026-05-17,2026-04-01,,Product,Not Started
T-2130,Draft training across teams,Wendy Lee,Blocked,High,2026-05-27,2026-04-08,,Finance,Blocked
T-2131,Negotiate rollout phase 2,Marcus Tate,Done,Low,2026-05-21,2026-05-02,2026-05-02,Sales,Done
T-2132,Roll out migration consolidation,Jordan West,In Progress,Low,2026-04-25,2026-01-19,,HR,Not Started
T-2133,Negotiate workflow Q1,Ben Hartley,Blocked,Medium,2026-04-12,2026-01-18,,Product,Blocked
T-2134,Configure rollout for executive sync,Devon Park,Done,Medium,2026-07-01,2026-04-04,2026-04-28,Security,Done
T-2135,Approve playbook kickoff,Erik Andersson,In Progress,Medium,2026-06-18,2026-03-29,,Sales,In Progress
T-2136,Investigate audit in EU region,Nina Patel,In Progress,Medium,2026-07-20,2026-04-20,,HR,In Progress
T-2137,Coordinate checklist follow-up,James Liu,Not Started,Low,2026-05-10,2026-03-21,,Operations,Not Started
T-2138,Draft rollout for partners,James Liu,Done,Low,2026-02-23,2026-01-07,2026-04-06,Operations,Done
T-2139,Review checklist kickoff,Marcus Tate,Blocked,Medium,2026-05-16,2026-05-01,,Sales,Blocked
T-2140,Draft campaign v2,Anita Rao,Done,Medium,2026-07-29,2026-04-28,2026-04-30,Finance,Done
T-2141,Optimize rollout annual,Maya Chen,Not Started,Medium,2026-06-09,2026-03-22,,Product,Not Started
T-2142,Approve service wrap-up,Sasha Mendel,Done,High,2026-04-09,2026-01-27,2026-04-04,Security,Done
T-2143,Audit checklist phase 2,Erik Andersson,Done,Medium,2026-02-18,2026-01-10,2026-03-24,Sales,Done
T-2144,Decommission dashboard v2,Marcus Tate,In Progress,Medium,2026-05-04,2026-04-16,,Sales,In Progress
T-2145,Optimize dashboard after incident #47,Erik Andersson,In Progress,Low,2026-06-10,2026-03-17,,Sales,In Progress
T-2146,Investigate migration consolidation,Lila Zheng,In Progress,Medium,2026-04-02,2026-01-25,,Product,In Progress
T-2147,Investigate workflow for executive sync,Anita Rao,In Progress,Low,2026-05-02,2026-02-17,,Finance,In Progress
T-2148,Onboard training after incident #47,Cara Singh,Done,Medium,2026-07-29,2026-04-20,2026-04-23,Product,Done
T-2149,Onboard framework for new hires,Owen Briggs,Not Started,High,2026-04-24,2026-01-30,,HR,Not Started
T-2150,Document framework after incident #47,Sam Khoury,Not Started,Medium,2026-04-29,2026-02-27,,Engineering,Not Started
T-2151,Investigate rubric Q1,Devon Park,In Progress,Low,2026-06-12,2026-05-01,,Security,In Progress
T-2152,Test spec after incident #47,Maya Iwata,Not Started,High,2026-03-09,2026-01-29,,Marketing,Not Started
T-2153,Update campaign v2,Yumi Tanaka,Done,Medium,2026-05-24,2026-03-11,2026-04-25,Sales,Done
T-2154,Optimize checklist for Q3,Sam Khoury,In Progress,Low,2026-06-21,2026-04-12,,Engineering,In Progress
T-2155,Refactor checklist wrap-up,James Liu,Not Started,Medium,2026-04-25,2026-02-28,,Operations,Not Started
T-2156,Configure rollout annual,Anita Rao,In Progress,High,2026-06-06,2026-03-28,,Finance,In Progress
T-2157,Investigate spec consolidation,Ben Hartley,In Progress,Medium,2026-02-19,2026-01-11,,Product,In Progress
T-2158,Draft migration kickoff,Sasha Mendel,Done,Medium,2026-02-10,2026-01-15,2026-04-13,Security,In Progress
T-2159,Onboard audit Q1,Nina Patel,In Progress,Medium,2026-04-16,2026-01-19,,HR,Not Started
T-2160,Review integration for Q3,Maya Iwata,In Progress,Medium,2026-05-27,2026-03-21,,Marketing,In Progress
T-2161,Review rollout across teams,Cara Singh,Not Started,Medium,2026-05-28,2026-04-25,,Product,Not Started
T-2162,Negotiate renewal for partners,Devon Park,Done,Medium,2026-05-31,2026-04-03,2026-05-01,Security,Done
T-2163,Plan runbook for new hires,Sasha Mendel,In Progress,High,2026-02-22,2026-02-07,,Security,In Progress
T-2164,Validate pipeline Q1,Devon Park,Done,High,2026-04-07,2026-01-04,2026-02-24,Security,Done
T-2165,Approve policy after incident #47,Cara Singh,In Progress,Low,2026-04-06,2026-01-06,,Product,In Progress
T-2166,Optimize framework for new hires,Cara Singh,In Progress,Medium,2026-06-05,2026-03-16,,Product,In Progress
T-2167,Document playbook wrap-up,Wendy Lee,Not Started,Medium,2026-07-30,2026-04-30,,Finance,Not Started
T-2168,Launch integration kickoff,Devon Park,In Progress,Medium,2026-03-27,2026-01-31,,Security,In Progress
T-2169,Audit service after incident #47,Sasha Mendel,In Progress,Medium,2026-06-04,2026-02-26,,Security,In Progress
T-2170,Launch workflow in EU region,Devon Park,Done,Low,2026-05-14,2026-04-27,2026-05-02,Security,Done
T-2171,Validate renewal for legal review,Riley Kim,Blocked,Low,2026-04-16,2026-03-24,,Marketing,Blocked
T-2172,Decommission rollout consolidation,Erik Andersson,Done,Low,2026-07-04,2026-04-24,2026-04-26,Sales,Done
T-2173,Test service kickoff,Riley Kim,Done,High,2026-03-28,2026-03-05,2026-04-06,Marketing,In Progress
T-2174,Investigate rollout for Q3,Yumi Tanaka,Done,Medium,2026-04-04,2026-02-18,2026-03-05,Sales,Done
T-2175,Review policy wrap-up,Devon Park,Not Started,Medium,2026-02-09,2026-01-13,,Security,Not Started
T-2176,Approve playbook annual,Jordan West,Not Started,Low,2026-05-10,2026-02-11,,HR,Not Started
T-2177,Refactor checklist for legal review,Devon Park,Blocked,Medium,2026-05-25,2026-02-27,,Security,Blocked
T-2178,Investigate dashboard in EU region,Sasha Mendel,In Progress,Medium,2026-06-09,2026-04-19,,Security,In Progress
T-2179,Audit workflow v2,James Liu,Not Started,Medium,2026-04-04,2026-01-10,,Operations,Not Started
T-2180,Document campaign for new hires,Yumi Tanaka,Not Started,Low,2026-04-29,2026-02-05,,Sales,Not Started
T-2181,Migrate training for Q3,Jordan Bell,Blocked,Medium,2026-06-02,2026-04-26,,Engineering,Blocked
T-2182,Plan integration wrap-up,Marcus Tate,Done,Medium,2026-06-21,2026-03-11,2026-03-31,Sales,Done
T-2183,Investigate migration annual,Owen Briggs,In Progress,High,2026-04-02,2026-01-22,,HR,In Progress
T-2184,Plan migration wrap-up,Anita Rao,In Progress,Low,2026-07-08,2026-04-01,,Finance,In Progress
T-2185,Optimize migration across teams,Marcus Tate,Done,Medium,2026-07-14,2026-04-29,2026-05-02,Sales,Done
T-2186,Review review Q1,Devon Park,Not Started,High,2026-05-18,2026-04-21,,Security,Not Started
T-2187,Update policy wrap-up,Sasha Mendel,Not Started,Medium,2026-03-15,2026-01-13,,Security,Not Started
T-2188,Test spec for legal review,Lila Zheng,Done,High,2026-04-22,2026-03-12,2026-03-19,Product,Done
T-2189,Decommission pipeline across teams,Sam Khoury,Blocked,Critical,2026-04-13,2026-01-27,,Engineering,Blocked
T-2190,Draft rollout Q1,Jordan Bell,Not Started,Medium,2026-03-19,2026-02-22,,Engineering,Not Started
T-2191,Investigate workflow for new hires,James Liu,Done,Medium,2026-03-23,2026-01-19,2026-04-11,Operations,Done
T-2192,Draft review consolidation,Nina Patel,Done,High,2026-05-05,2026-02-03,2026-04-21,HR,Done
T-2193,Test report for partners,Devon Park,Done,Low,2026-05-18,2026-04-17,2026-05-02,Security,In Progress
T-2194,Test checklist kickoff,Devon Reyes,Done,High,2026-05-07,2026-04-01,2026-04-22,Operations,Done
T-2195,Refactor campaign phase 2,Devon Park,Blocked,High,2026-04-12,2026-03-15,,Security,Blocked
T-2196,Update playbook kickoff,Sasha Mendel,Not Started,Medium,2026-05-30,2026-03-20,,Security,Not Started
T-2197,Configure rollout wrap-up,Tara Okonkwo,Not Started,High,2026-05-04,2026-02-25,,Operations,Not Started
T-2198,Migrate policy in EU region,Devon Park,In Progress,High,2026-05-19,2026-04-13,,Security,Done
T-2199,Configure workflow Q1,Owen Briggs,Not Started,Critical,2026-06-09,2026-03-29,,HR,Not Started
T-2200,Validate integration across teams,Devon Park,Done,Medium,2026-04-19,2026-04-05,2026-04-14,Security,Blocked
T-2201,Optimize migration annual,Cara Singh,Done,Medium,2026-05-29,2026-03-24,2026-04-27,Product,Done
T-2202,Launch framework for new hires,Riley Kim,Not Started,High,2026-06-01,2026-04-09,,Marketing,Not Started
T-2203,Implement workflow Q1,Jordan West,Blocked,Low,2026-07-02,2026-03-26,,HR,Blocked
T-2204,Approve rollout in EU region,Carlos Vega,In Progress,High,2026-01-20,2026-01-03,,Marketing,In Progress
T-2205,Approve rubric after incident #47,Anita Rao,Done,High,2026-07-13,2026-04-21,2026-04-25,Finance,Done
T-2206,Update spec kickoff,Maya Chen,In Progress,High,2026-04-24,2026-04-07,,Product,In Progress
T-2207,Implement spec wrap-up,Sasha Mendel,Done,Medium,2026-06-13,2026-04-10,2026-04-12,Security,Done
T-2208,Plan renewal wrap-up,Riley Kim,Done,Medium,2026-06-21,2026-04-21,2026-04-28,Marketing,Blocked
T-2209,Test framework in EU region,Owen Briggs,Done,Medium,2026-04-20,2026-02-16,2026-03-17,HR,Done
T-2210,Refactor pipeline in EU region,Devon Park,Done,Medium,2026-03-30,2026-02-03,2026-03-08,Security,Done
T-2211,Implement service kickoff,Jordan West,Blocked,Low,2026-04-05,2026-02-08,,HR,Blocked
T-2212,Launch rubric follow-up,Wendy Lee,In Progress,Low,2026-02-27,2026-01-25,,Finance,In Progress
T-2213,Implement workflow phase 2,Tara Okonkwo,Not Started,Medium,2026-05-05,2026-01-24,,Operations,Not Started
T-2214,Decommission migration annual,Erik Andersson,Not Started,High,2026-07-25,2026-04-14,,Sales,Not Started
T-2215,Implement framework in EU region,Yumi Tanaka,Not Started,Medium,2026-03-26,2026-02-05,,Sales,Not Started
T-2216,Coordinate policy phase 2,Priya Nair,Done,High,2026-08-03,2026-05-01,2026-05-02,Engineering,Done
T-2217,Audit rollout for new hires,Lila Zheng,Blocked,High,2026-07-06,2026-04-12,,Product,Blocked
T-2218,Plan playbook annual,Marcus Tate,Not Started,Medium,2026-05-24,2026-04-10,,Sales,Not Started
T-2219,Validate checklist after incident #47,Owen Briggs,In Progress,Low,2026-04-20,2026-01-21,,HR,In Progress
T-2220,Coordinate policy annual,Ben Hartley,Blocked,High,2026-05-14,2026-02-13,,Product,Blocked
T-2221,Draft dashboard kickoff,Maya Park,Done,Medium,2026-07-08,2026-04-21,2026-04-25,Engineering,Done
T-2222,Update workflow in EU region,Maya Chen,In Progress,Medium,2026-06-27,2026-04-08,,Product,In Progress
T-2223,Update spec follow-up,Erik Andersson,Done,Low,2026-03-06,2026-02-13,2026-03-28,Sales,Blocked
T-2224,Launch workflow for Q3,Lila Zheng,Done,Medium,2026-04-03,2026-03-08,2026-03-24,Product,Done
T-2225,Decommission migration for new hires,Erik Andersson,Blocked,Medium,2026-04-29,2026-03-23,,Sales,Blocked
T-2226,Negotiate migration for partners,Maya Iwata,In Progress,Low,2026-06-20,2026-04-06,,Marketing,In Progress
T-2227,Onboard playbook in EU region,Sasha Mendel,Done,Medium,2026-07-15,2026-04-03,2026-04-16,Security,Done
T-2228,Refactor migration phase 2,Marcus Tate,In Progress,High,2026-03-17,2026-02-15,,Sales,In Progress
T-2229,Decommission checklist follow-up,Devon Park,Done,Medium,2026-02-06,2026-01-17,2026-04-10,Security,Blocked
T-2230,Test service v2,Nina Patel,Not Started,Low,2026-07-15,2026-05-02,,HR,Not Started
T-2231,Migrate review for partners,Erik Andersson,Done,Medium,2026-03-30,2026-01-22,2026-03-17,Sales,Done
T-2232,Decommission playbook for executive sync,Alex Wang,Done,Medium,2026-04-02,2026-01-26,2026-04-29,Engineering,Done
T-2233,Launch spec kickoff,Priya Nair,Done,Low,2026-07-02,2026-03-29,2026-04-16,Engineering,Done
T-2234,Test policy wrap-up,Anita Rao,Done,Medium,2026-07-06,2026-05-02,2026-05-02,Finance,Done
T-2235,Refactor dashboard wrap-up,Devon Reyes,In Progress,Low,2026-04-18,2026-01-25,,Operations,In Progress
T-2236,Roll out audit wrap-up,Lila Zheng,In Progress,High,2026-04-03,2026-03-13,,Product,Done
T-2237,Migrate playbook wrap-up,Sasha Mendel,In Progress,Medium,2026-06-23,2026-04-12,,Security,In Progress
T-2238,Document framework after incident #47,Maya Iwata,Blocked,High,2026-06-21,2026-04-06,,Marketing,Blocked
T-2239,Launch report consolidation,James Liu,Done,Medium,2026-05-30,2026-03-25,2026-04-10,Operations,Done
T-2240,Plan migration kickoff,Tara Okonkwo,In Progress,Medium,2026-03-23,2026-02-25,,Operations,In Progress
T-2241,Draft service in EU region,Devon Reyes,In Progress,Medium,2026-06-20,2026-04-23,,Operations,Not Started
T-2242,Update workflow in EU region,Wendy Lee,Done,High,2026-05-31,2026-04-10,2026-04-24,Finance,Done
T-2243,Migrate report after incident #47,Riley Kim,Done,High,2026-05-05,2026-04-20,2026-04-30,Marketing,Done
T-2244,Migrate playbook follow-up,Erik Andersson,In Progress,Medium,2026-07-03,2026-04-05,,Sales,In Progress
T-2245,Test renewal kickoff,Devon Reyes,In Progress,Medium,2026-04-09,2026-02-03,,Operations,In Progress
T-2246,Audit workflow Q1,Anita Rao,Not Started,Medium,2026-04-06,2026-01-09,,Finance,Not Started
T-2247,Optimize audit wrap-up,Tara Okonkwo,Not Started,Medium,2026-04-29,2026-01-18,,Operations,Not Started
T-2248,Configure report for Q3,Nina Patel,Blocked,High,2026-05-22,2026-03-25,,HR,Blocked
T-2249,Draft checklist v2,Lila Zheng,Done,Critical,2026-06-20,2026-03-27,2026-03-28,Product,Done
T-2250,Onboard policy in EU region,Jordan West,In Progress,Medium,2026-04-04,2026-03-05,,HR,In Progress
T-2251,Draft pipeline after incident #47,Owen Briggs,Blocked,Medium,2026-04-11,2026-02-27,,HR,Blocked
T-2252,Launch integration for legal review,Erik Andersson,In Progress,Low,2026-06-19,2026-04-05,,Sales,In Progress
T-2253,Launch audit phase 2,Maya Iwata,In Progress,Medium,2026-07-27,2026-04-17,,Marketing,In Progress
T-2254,Negotiate report across teams,Tara Okonkwo,Done,Medium,2026-04-22,2026-03-28,2026-04-15,Operations,Done
T-2255,Roll out playbook for legal review,Sam Khoury,Blocked,Medium,2026-05-21,2026-04-04,,Engineering,Blocked
T-2256,Coordinate checklist phase 2,Nina Patel,Done,Medium,2026-04-12,2026-01-12,2026-03-13,HR,Done
T-2257,Coordinate report for new hires,Cara Singh,Done,High,2026-04-22,2026-03-03,2026-04-19,Product,Done
T-2258,Document audit wrap-up,Wendy Lee,Blocked,Critical,2026-04-27,2026-02-05,,Finance,Blocked
T-2259,Coordinate audit after incident #47,Wendy Lee,Blocked,High,2026-04-01,2026-03-01,,Finance,In Progress
T-2260,Onboard training for new hires,James Liu,Done,Low,2026-04-22,2026-02-23,2026-03-12,Operations,In Progress
T-2261,Investigate audit phase 2,Devon Reyes,In Progress,Medium,2026-04-08,2026-02-25,,Operations,In Progress
T-2262,Decommission report for Q3,Tara Okonkwo,Blocked,Medium,2026-04-12,2026-01-21,,Operations,Blocked
T-2263,Review spec kickoff,Sam Khoury,In Progress,High,2026-04-17,2026-02-17,,Engineering,In Progress
T-2264,Approve runbook after incident #47,Yumi Tanaka,Not Started,Medium,2026-03-13,2026-01-08,,Sales,Not Started
T-2265,Configure migration across teams,Wendy Lee,Done,Medium,2026-03-30,2026-02-24,2026-03-31,Finance,Done
T-2266,Launch playbook after incident #47,Ben Hartley,Not Started,Low,2026-03-21,2026-01-29,,Product,Not Started
T-2267,Update rollout for partners,Sasha Mendel,Done,High,2026-04-23,2026-01-16,2026-01-16,Security,In Progress
T-2268,Onboard report for legal review,Sasha Mendel,Done,Medium,2026-03-31,2026-01-09,2026-03-15,Security,Done
T-2269,Decommission review for new hires,Riley Kim,In Progress,Medium,2026-05-02,2026-01-19,,Marketing,In Progress
T-2270,Implement policy phase 2,Priya Nair,In Progress,High,2026-05-07,2026-02-26,,Engineering,Done
T-2271,Approve campaign after incident #47,Wendy Lee,Done,Medium,2026-04-21,2026-02-09,2026-02-15,Finance,Done
T-2272,Approve renewal Q1,Riley Kim,In Progress,Medium,2026-07-10,2026-03-29,,Marketing,In Progress
T-2273,Coordinate workflow v2,Maya Chen,In Progress,Medium,2026-03-14,2026-01-28,,Product,In Progress
T-2274,Update policy for partners,Jordan West,In Progress,Low,2026-06-04,2026-03-31,,HR,In Progress
T-2275,Roll out workflow kickoff,Marcus Tate,Done,Medium,2026-07-02,2026-04-22,2026-04-28,Sales,Done
T-2276,Launch checklist after incident #47,Carlos Vega,Done,High,2026-01-31,2026-01-11,2026-04-29,Marketing,Done
T-2277,Investigate migration across teams,Devon Park,Not Started,Medium,2026-04-18,2026-01-31,,Security,Not Started
T-2278,Test review kickoff,Erik Andersson,Done,Medium,2026-07-06,2026-04-13,2026-04-18,Sales,Done
T-2279,Audit migration kickoff,Anita Rao,Blocked,Medium,2026-05-24,2026-04-24,,Finance,Blocked
T-2280,Validate report across teams,Yumi Tanaka,In Progress,Medium,2026-05-17,2026-04-26,,Sales,In Progress
T-2281,Validate framework in EU region,Jordan Bell,Done,Medium,2026-04-05,2026-03-21,2026-04-05,Engineering,Done
T-2282,Coordinate review consolidation,Devon Park,In Progress,Medium,2026-03-04,2026-02-11,,Security,In Progress
T-2283,Approve migration in EU region,Maya Iwata,Done,Low,2026-07-12,2026-04-21,2026-04-30,Marketing,Done
T-2284,Document framework for new hires,Maya Park,Not Started,High,2026-06-11,2026-03-22,,Engineering,Not Started
T-2285,Roll out spec v2,Carlos Vega,In Progress,Medium,2026-06-10,2026-03-20,,Marketing,Not Started
T-2286,Draft rollout v2,Wendy Lee,In Progress,Low,2026-02-09,2026-01-11,,Finance,In Progress
T-2287,Refactor dashboard Q1,Priya Nair,Not Started,Low,2026-07-31,2026-05-02,,Engineering,Not Started
T-2288,Test service phase 2,Maya Iwata,Not Started,Medium,2026-03-21,2026-02-13,,Marketing,Not Started
T-2289,Negotiate dashboard Q1,James Liu,Not Started,Medium,2026-03-27,2026-02-17,,Operations,Not Started
T-2290,Document rollout for Q3,Nina Patel,Not Started,Medium,2026-03-02,2026-02-16,,HR,Not Started
T-2291,Configure pipeline for Q3,Sasha Mendel,In Progress,Medium,2026-03-20,2026-02-09,,Security,In Progress
T-2292,Document campaign v2,Maya Chen,Done,Low,2026-07-19,2026-04-22,2026-04-30,Product,Blocked
T-2293,Roll out audit for legal review,Devon Park,In Progress,Low,2026-05-11,2026-01-31,,Security,In Progress
T-2294,Launch service wrap-up,Maya Iwata,Done,High,2026-07-01,2026-04-19,2026-04-24,Marketing,Done
T-2295,Plan workflow for Q3,Tara Okonkwo,Done,Medium,2026-02-21,2026-01-30,2026-03-28,Operations,Done
T-2296,Refactor framework wrap-up,Jordan West,In Progress,Medium,2026-04-25,2026-02-01,,HR,In Progress
T-2297,Approve audit follow-up,Erik Andersson,In Progress,Low,2026-03-13,2026-02-25,,Sales,In Progress
T-2298,Plan checklist after incident #47,Jordan Bell,In Progress,High,2026-05-05,2026-04-09,,Engineering,In Progress
T-2299,Draft training for new hires,Carlos Vega,In Progress,Medium,2026-02-06,2026-01-21,,Marketing,In Progress
T-2300,Test playbook follow-up,Nina Patel,In Progress,Medium,2026-07-10,2026-04-30,,HR,In Progress
T-2301,Roll out campaign for Q3,Yumi Tanaka,Not Started,High,2026-05-21,2026-03-11,,Sales,Not Started
T-2302,Roll out training v2,Lila Zheng,In Progress,High,2026-06-16,2026-03-10,,Product,In Progress
T-2303,Approve training for new hires,Owen Briggs,Done,Medium,2026-02-28,2026-02-06,2026-02-08,HR,In Progress
T-2304,Launch pipeline phase 2,Riley Kim,Done,Medium,2026-06-25,2026-04-27,2026-04-28,Marketing,Done
T-2305,Test campaign v2,Carlos Vega,In Progress,High,2026-03-26,2026-02-14,,Marketing,Done
T-2306,Launch renewal for partners,Devon Park,Not Started,Medium,2026-07-24,2026-04-30,,Security,Not Started
T-2307,Migrate framework for partners,Carlos Vega,Done,Low,2026-04-21,2026-03-12,2026-04-29,Marketing,In Progress
T-2308,Investigate policy wrap-up,Devon Park,Done,Low,2026-03-29,2026-03-07,2026-03-24,Security,Blocked
T-2309,Configure framework for legal review,Maya Iwata,Done,Medium,2026-05-14,2026-04-05,2026-04-12,Marketing,In Progress
T-2310,Plan workflow for new hires,Tara Okonkwo,Done,Medium,2026-05-31,2026-03-20,2026-03-21,Operations,Done
T-2311,Roll out pipeline for new hires,Devon Park,Blocked,Medium,2026-05-23,2026-04-23,,Security,Blocked
T-2312,Negotiate integration across teams,Devon Park,Not Started,Low,2026-02-13,2026-01-21,,Security,Not Started
T-2313,Document campaign for executive sync,Cara Singh,In Progress,Medium,2026-06-13,2026-03-18,,Product,In Progress
T-2314,Plan integration phase 2,Priya Nair,Not Started,Medium,2026-06-21,2026-03-12,,Engineering,Not Started
T-2315,Document campaign after incident #47,Marcus Tate,In Progress,Medium,2026-02-21,2026-01-16,,Sales,In Progress
T-2316,Onboard rollout wrap-up,Anita Rao,Done,Medium,2026-04-10,2026-03-21,2026-04-25,Finance,Done
T-2317,Negotiate renewal wrap-up,Riley Kim,Not Started,High,2026-05-14,2026-03-30,,Marketing,Not Started
T-2318,Approve campaign annual,Wendy Lee,Done,Low,2026-01-29,2026-01-06,2026-04-23,Finance,Done
T-2319,Launch policy for Q3,Devon Reyes,Not Started,High,2026-03-21,2026-02-24,,Operations,Not Started
T-2320,Test checklist annual,Erik Andersson,In Progress,Low,2026-04-01,2026-01-15,,Sales,In Progress
T-2321,Investigate spec for executive sync,James Liu,Done,Medium,2026-04-24,2026-01-20,2026-02-12,Operations,Done
T-2322,Migrate migration consolidation,Maya Chen,Done,High,2026-04-29,2026-01-18,2026-04-27,Product,Done
T-2323,Audit playbook Q1,Cara Singh,Not Started,Medium,2026-02-14,2026-01-23,,Product,Not Started
T-2324,Onboard framework kickoff,Maya Chen,Not Started,Medium,2026-05-15,2026-03-15,,Product,Not Started
T-2325,Onboard rubric v2,James Liu,In Progress,Low,2026-05-15,2026-03-02,,Operations,In Progress
T-2326,Audit campaign in EU region,Alex Wang,Done,High,2026-06-28,2026-04-18,2026-04-19,Engineering,Done
T-2327,Decommission dashboard wrap-up,Tara Okonkwo,Not Started,Medium,2026-05-23,2026-04-20,,Operations,Not Started
T-2328,Decommission rubric for Q3,Wendy Lee,Blocked,Medium,2026-05-29,2026-05-01,,Finance,Blocked
T-2329,Configure review for new hires,Maya Chen,In Progress,High,2026-04-01,2026-03-05,,Product,In Progress
T-2330,Decommission policy follow-up,Sasha Mendel,In Progress,Medium,2026-03-05,2026-01-22,,Security,In Progress
T-2331,Investigate rollout wrap-up,Sasha Mendel,Not Started,High,2026-04-25,2026-01-29,,Security,Not Started
T-2332,Approve campaign consolidation,James Liu,In Progress,Medium,2026-04-14,2026-01-14,,Operations,Not Started
T-2333,Investigate rollout wrap-up,Maya Chen,Done,Medium,2026-04-09,2026-02-24,2026-02-27,Product,Done
T-2334,Test rollout kickoff,Anita Rao,Not Started,Medium,2026-04-07,2026-02-01,,Finance,Not Started
T-2335,Coordinate policy kickoff,Devon Reyes,In Progress,Medium,2026-04-16,2026-01-05,,Operations,In Progress
T-2336,Investigate dashboard phase 2,Marcus Tate,Done,Low,2026-07-02,2026-04-30,2026-05-01,Sales,Done
T-2337,Document spec Q1,Ben Hartley,In Progress,Medium,2026-07-04,2026-03-30,,Product,In Progress
T-2338,Coordinate audit for Q3,Nina Patel,Blocked,High,2026-02-27,2026-01-06,,HR,Blocked
T-2339,Onboard service phase 2,Marcus Tate,In Progress,Low,2026-05-19,2026-04-23,,Sales,Not Started
T-2340,Approve renewal after incident #47,Carlos Vega,Done,Medium,2026-02-27,2026-02-11,2026-04-12,Marketing,Blocked
T-2341,Configure pipeline v2,Jordan Bell,Not Started,Critical,2026-04-25,2026-04-08,,Engineering,Not Started
T-2342,Investigate framework Q1,Devon Reyes,Done,Low,2026-05-19,2026-03-17,2026-04-24,Operations,Done
T-2343,Launch service across teams,Anita Rao,Blocked,Low,2026-05-24,2026-02-14,,Finance,Blocked
T-2344,Plan review wrap-up,Tara Okonkwo,In Progress,Medium,2026-03-17,2026-01-15,,Operations,In Progress
T-2345,Refactor migration in EU region,Lila Zheng,In Progress,Medium,2026-04-17,2026-02-28,,Product,In Progress
T-2346,Negotiate workflow Q1,Erik Andersson,Not Started,Low,2026-06-14,2026-04-10,,Sales,Not Started
T-2347,Audit rollout phase 2,Sasha Mendel,Done,Medium,2026-07-25,2026-05-02,2026-05-02,Security,Done
T-2348,Roll out dashboard across teams,Sasha Mendel,Blocked,Medium,2026-01-30,2026-01-03,,Security,Blocked
T-2349,Update integration consolidation,Priya Nair,Done,High,2026-04-19,2026-01-22,2026-02-17,Engineering,Done
T-2350,Negotiate runbook for legal review,Ben Hartley,Done,Medium,2026-06-03,2026-04-11,2026-04-16,Product,Done
T-2351,Update rollout v2,James Liu,Done,Medium,2026-06-30,2026-03-28,2026-04-22,Operations,Blocked
T-2352,Plan rollout consolidation,Sam Khoury,Done,Critical,2026-05-06,2026-04-22,2026-05-01,Engineering,Done
T-2353,Validate playbook Q1,Carlos Vega,Not Started,Low,2026-06-13,2026-04-06,,Marketing,Not Started
T-2354,Decommission rubric across teams,Priya Nair,In Progress,Medium,2026-06-28,2026-04-14,,Engineering,In Progress
T-2355,Update renewal across teams,Devon Reyes,Done,Medium,2026-05-24,2026-04-03,2026-04-28,Operations,Done
T-2356,Review rollout across teams,Nina Patel,Not Started,High,2026-05-11,2026-02-18,,HR,Not Started
T-2357,Negotiate integration for legal review,Sasha Mendel,Not Started,High,2026-05-13,2026-04-20,,Security,Not Started
T-2358,Implement training for legal review,Wendy Lee,Blocked,High,2026-06-30,2026-04-04,,Finance,In Progress
T-2359,Plan audit in EU region,Anita Rao,In Progress,Medium,2026-07-06,2026-04-14,,Finance,Done
T-2360,Audit pipeline after incident #47,Anita Rao,Done,High,2026-05-19,2026-02-18,2026-04-14,Finance,Done
T-2361,Optimize workflow annual,Erik Andersson,Done,Medium,2026-06-26,2026-04-20,2026-04-21,Sales,Done
T-2362,Refactor integration follow-up,Carlos Vega,Done,High,2026-06-03,2026-04-11,2026-04-27,Marketing,Done
T-2363,Draft playbook kickoff,Jordan Bell,Blocked,Low,2026-07-23,2026-04-29,,Engineering,Blocked
T-2364,Implement integration follow-up,Erik Andersson,Done,Medium,2026-04-26,2026-04-01,2026-04-25,Sales,Done
T-2365,Decommission runbook annual,Anita Rao,Done,Low,2026-06-02,2026-04-02,2026-04-03,Finance,Done
T-2366,Update policy Q1,Cara Singh,Done,High,2026-04-16,2026-02-19,2026-04-20,Product,Done
T-2367,Plan playbook for new hires,Devon Reyes,Not Started,High,2026-05-12,2026-03-02,,Operations,Not Started
T-2368,Review renewal Q1,Maya Iwata,Not Started,Medium,2026-05-09,2026-04-25,,Marketing,Not Started
T-2369,Draft spec kickoff,Sasha Mendel,Not Started,Low,2026-03-08,2026-01-23,,Security,Not Started
T-2370,Configure spec for Q3,Maya Iwata,Not Started,High,2026-03-28,2026-01-11,,Marketing,Not Started
T-2371,Launch dashboard for legal review,Anita Rao,In Progress,Medium,2026-05-21,2026-04-20,,Finance,In Progress
T-2372,Investigate runbook for Q3,Ben Hartley,Done,Medium,2026-05-16,2026-03-12,2026-03-30,Product,Done
T-2373,Review framework for Q3,Lila Zheng,Done,Medium,2026-04-07,2026-03-11,2026-03-21,Product,Done
T-2374,Approve campaign for legal review,Maya Iwata,Done,Medium,2026-06-22,2026-04-20,2026-04-28,Marketing,Done
T-2375,Migrate review phase 2,Jordan Bell,Not Started,High,2026-02-23,2026-02-04,,Engineering,Not Started
T-2376,Approve pipeline for partners,Maya Park,Not Started,Medium,2026-06-04,2026-03-29,,Engineering,Not Started
T-2377,Update migration consolidation,Marcus Tate,Done,Medium,2026-05-09,2026-04-19,2026-04-24,Sales,Done
T-2378,Plan spec annual,Sasha Mendel,Blocked,High,2026-02-16,2026-01-10,,Security,Blocked
T-2379,Validate playbook after incident #47,Devon Reyes,In Progress,Low,2026-05-21,2026-04-18,,Operations,In Progress
T-2380,Plan rollout phase 2,Tara Okonkwo,Done,High,2026-06-08,2026-04-15,2026-04-23,Operations,Done
T-2381,Update workflow for executive sync,James Liu,Done,High,2026-01-28,2026-01-11,2026-04-28,Operations,Done
T-2382,Roll out training v2,Erik Andersson,In Progress,Medium,2026-02-13,2026-01-04,,Sales,In Progress
T-2383,Audit playbook follow-up,Devon Reyes,Done,Medium,2026-04-26,2026-02-11,2026-03-19,Operations,Done
T-2384,Implement renewal in EU region,Wendy Lee,Not Started,High,2026-02-10,2026-01-22,,Finance,Not Started
T-2385,Update review for executive sync,Carlos Vega,Not Started,Critical,2026-04-28,2026-02-07,,Marketing,Not Started
T-2386,Roll out audit for legal review,Carlos Vega,Done,High,2026-05-17,2026-04-10,2026-04-29,Marketing,Done
T-2387,Approve dashboard follow-up,Tara Okonkwo,Blocked,High,2026-04-02,2026-01-27,,Operations,Blocked
T-2388,Roll out rubric for partners,Riley Kim,Done,High,2026-06-14,2026-03-13,2026-03-13,Marketing,Done
T-2389,Decommission workflow for Q3,Cara Singh,In Progress,High,2026-06-23,2026-03-22,,Product,In Progress
T-2390,Validate renewal after incident #47,Owen Briggs,Done,High,2026-03-01,2026-02-08,2026-04-06,HR,Done
T-2391,Launch rollout kickoff,Erik Andersson,Done,Medium,2026-01-20,2026-01-05,2026-03-28,Sales,Done
T-2392,Coordinate checklist v2,Carlos Vega,Done,High,2026-04-25,2026-01-23,2026-03-06,Marketing,Done
T-2393,Migrate training for legal review,Ben Hartley,Blocked,Medium,2026-05-13,2026-03-05,,Product,In Progress
T-2394,Test policy phase 2,Marcus Tate,Done,Low,2026-04-01,2026-02-24,2026-02-28,Sales,Done
T-2395,Investigate policy after incident #47,Yumi Tanaka,Done,High,2026-07-12,2026-03-31,2026-04-17,Sales,Done
T-2396,Plan pipeline Q1,Maya Park,Not Started,Medium,2026-04-12,2026-03-17,,Engineering,Not Started
T-2397,Roll out campaign follow-up,Nina Patel,Done,High,2026-04-04,2026-02-26,2026-04-13,HR,Done
T-2398,Configure integration v2,Ben Hartley,Not Started,Medium,2026-03-22,2026-03-08,,Product,Not Started
T-2399,Test rollout for executive sync,Yumi Tanaka,In Progress,High,2026-05-19,2026-03-18,,Sales,Done
T-2400,Optimize rollout for Q3,Anita Rao,In Progress,Low,2026-03-24,2026-01-05,,Finance,In Progress
T-2401,Validate checklist Q1,Tara Okonkwo,Done,High,2026-02-26,2026-01-06,2026-02-06,Operations,Done
T-2402,Configure service in EU region,Carlos Vega,Done,High,2026-07-03,2026-04-24,2026-05-01,Marketing,Blocked
T-2403,Implement training for new hires,Owen Briggs,Done,High,2026-07-22,2026-04-29,2026-04-30,HR,In Progress
T-2404,Investigate rubric for legal review,Ben Hartley,In Progress,High,2026-05-26,2026-04-16,,Product,In Progress
T-2405,Update pipeline kickoff,Priya Nair,Not Started,Medium,2026-04-22,2026-02-25,,Engineering,Not Started
T-2406,Approve dashboard for new hires,Yumi Tanaka,Done,Low,2026-06-05,2026-04-01,2026-04-25,Sales,Done
T-2407,Validate review for partners,James Liu,Done,High,2026-04-23,2026-03-12,2026-03-15,Operations,Done
T-2408,Update campaign for partners,Jordan Bell,Not Started,High,2026-03-28,2026-01-28,,Engineering,Not Started
T-2409,Investigate migration for new hires,Devon Park,In Progress,High,2026-05-25,2026-04-25,,Security,In Progress
T-2410,Investigate integration annual,Devon Reyes,Done,Medium,2026-04-13,2026-02-21,2026-04-14,Operations,Done
T-2411,Validate rollout for Q3,Erik Andersson,Not Started,Medium,2026-04-03,2026-03-03,,Sales,Not Started
T-2412,Audit service Q1,Alex Wang,In Progress,Low,2026-04-10,2026-01-29,,Engineering,In Progress
T-2413,Audit policy consolidation,Maya Iwata,Done,Low,2026-04-13,2026-01-25,2026-02-22,Marketing,Done
T-2414,Negotiate service wrap-up,Devon Reyes,Blocked,Low,2026-05-13,2026-03-09,,Operations,Blocked
T-2415,Refactor audit consolidation,Owen Briggs,Not Started,Medium,2026-05-07,2026-04-01,,HR,Not Started
T-2416,Roll out workflow for new hires,Maya Chen,Not Started,Medium,2026-08-04,2026-04-24,,Product,Not Started
T-2417,Validate audit for legal review,Priya Nair,In Progress,Low,2026-03-06,2026-01-14,,Engineering,Not Started
T-2418,Implement integration Q1,Ben Hartley,In Progress,High,2026-04-17,2026-03-19,,Product,In Progress
T-2419,Document checklist across teams,Marcus Tate,Not Started,Low,2026-05-30,2026-02-20,,Sales,Not Started
T-2420,Audit training follow-up,Erik Andersson,Not Started,Medium,2026-05-15,2026-03-03,,Sales,Not Started
T-2421,Decommission framework kickoff,Nina Patel,Not Started,Low,2026-01-26,2026-01-05,,HR,Not Started
T-2422,Document rubric after incident #47,Carlos Vega,Done,Low,2026-06-04,2026-03-31,2026-04-19,Marketing,Done
T-2423,Plan migration for new hires,Wendy Lee,In Progress,Critical,2026-04-16,2026-03-18,,Finance,In Progress
T-2424,Review renewal wrap-up,Ben Hartley,Not Started,Medium,2026-05-25,2026-02-18,,Product,Not Started
T-2425,Launch training consolidation,Riley Kim,In Progress,Medium,2026-05-28,2026-02-14,,Marketing,In Progress
T-2426,Document playbook Q1,Lila Zheng,Done,Medium,2026-06-10,2026-03-06,2026-04-15,Product,Done
T-2427,Review spec for partners,Riley Kim,Not Started,High,2026-06-07,2026-04-15,,Marketing,Not Started
T-2428,Validate rollout after incident #47,Devon Reyes,Done,Low,2026-03-29,2026-02-28,2026-03-12,Operations,Done
T-2429,Document dashboard across teams,Maya Iwata,In Progress,Medium,2026-05-26,2026-02-20,,Marketing,Not Started
T-2430,Investigate playbook for new hires,Yumi Tanaka,Done,High,2026-06-30,2026-04-20,2026-04-24,Sales,Done
T-2431,Plan campaign for partners,James Liu,In Progress,Medium,2026-05-18,2026-04-23,,Operations,Not Started
T-2432,Plan service for new hires,Wendy Lee,Not Started,High,2026-06-19,2026-03-22,,Finance,Not Started
T-2433,Draft integration wrap-up,Maya Chen,Blocked,High,2026-04-08,2026-02-11,,Product,Blocked
T-2434,Migrate dashboard across teams,Owen Briggs,Not Started,Medium,2026-04-10,2026-03-21,,HR,Not Started
T-2435,Test service follow-up,Maya Iwata,Not Started,Low,2026-01-31,2026-01-11,,Marketing,Not Started
T-2436,Approve policy for Q3,Alex Wang,Done,Medium,2026-03-06,2026-01-06,2026-03-13,Engineering,Done
T-2437,Implement framework in EU region,Ben Hartley,Blocked,Medium,2026-03-13,2026-01-06,,Product,Blocked
T-2438,Review workflow after incident #47,Carlos Vega,Not Started,Low,2026-06-16,2026-03-06,,Marketing,Not Started
T-2439,Migrate framework follow-up,Erik Andersson,Not Started,Medium,2026-07-27,2026-04-17,,Sales,Not Started
T-2440,Audit training annual,Maya Chen,Done,High,2026-05-23,2026-04-01,2026-04-13,Product,Done
T-2441,Launch service wrap-up,Anita Rao,Not Started,Medium,2026-05-06,2026-03-21,,Finance,Not Started
T-2442,Update campaign for legal review,Nina Patel,In Progress,Medium,2026-02-06,2026-01-09,,HR,In Progress
T-2443,Document policy annual,Nina Patel,In Progress,Medium,2026-04-04,2026-01-19,,HR,In Progress
T-2444,Refactor review in EU region,Wendy Lee,Done,Medium,2026-08-07,2026-04-27,2026-04-27,Finance,Done
T-2445,Implement service across teams,Sam Khoury,In Progress,Medium,2026-05-12,2026-03-15,,Engineering,In Progress
T-2446,Approve playbook v2,Sasha Mendel,Done,Medium,2026-03-09,2026-02-14,2026-04-17,Security,Done
T-2447,Approve spec kickoff,Jordan Bell,In Progress,Critical,2026-05-14,2026-02-04,,Engineering,In Progress
T-2448,Validate dashboard across teams,Yumi Tanaka,In Progress,Medium,2026-04-26,2026-03-24,,Sales,Not Started
T-2449,Review report for legal review,Yumi Tanaka,Done,Medium,2026-05-16,2026-02-20,2026-04-21,Sales,Done
T-2450,Validate pipeline phase 2,Sasha Mendel,Done,Medium,2026-05-20,2026-03-02,2026-03-20,Security,Done
T-2451,Validate training kickoff,Tara Okonkwo,Not Started,Medium,2026-02-28,2026-01-03,,Operations,Not Started
T-2452,Coordinate dashboard annual,Devon Reyes,Done,Critical,2026-06-08,2026-04-01,2026-04-28,Operations,Done
T-2453,Decommission pipeline for new hires,Devon Park,Done,Medium,2026-04-23,2026-02-22,2026-03-12,Security,Done
T-2454,Onboard service v2,Riley Kim,In Progress,Low,2026-05-18,2026-03-23,,Marketing,In Progress
T-2455,Negotiate renewal for executive sync,Tara Okonkwo,Not Started,High,2026-05-18,2026-04-11,,Operations,Not Started
T-2456,Update playbook after incident #47,Riley Kim,Not Started,Medium,2026-03-05,2026-01-11,,Marketing,Not Started
T-2457,Review checklist across teams,Marcus Tate,In Progress,Medium,2026-04-28,2026-01-20,,Sales,In Progress
T-2458,Roll out integration for new hires,Riley Kim,In Progress,Medium,2026-03-21,2026-03-06,,Marketing,In Progress
T-2459,Plan spec for legal review,Priya Nair,Blocked,Medium,2026-05-11,2026-02-19,,Engineering,In Progress
T-2460,Review rollout wrap-up,Erik Andersson,Not Started,Medium,2026-05-07,2026-03-21,,Sales,Not Started
T-2461,Draft campaign Q1,Devon Reyes,Done,High,2026-05-03,2026-03-21,2026-03-27,Operations,Done
T-2462,Negotiate report for Q3,Tara Okonkwo,Blocked,Low,2026-01-24,2026-01-08,,Operations,Blocked
T-2463,Implement service for legal review,Maya Iwata,In Progress,High,2026-04-29,2026-03-03,,Marketing,In Progress
T-2464,Document integration for new hires,Nina Patel,Done,Medium,2026-03-29,2026-01-08,2026-03-09,HR,Done
T-2465,Approve service kickoff,Devon Reyes,In Progress,Medium,2026-03-15,2026-01-19,,Operations,In Progress
T-2466,Document rollout kickoff,Yumi Tanaka,Done,Low,2026-05-05,2026-04-08,2026-04-23,Sales,Done
T-2467,Draft campaign for legal review,Cara Singh,Done,Low,2026-05-02,2026-02-09,2026-04-29,Product,Done
T-2468,Launch migration for legal review,Jordan West,In Progress,Medium,2026-06-20,2026-04-05,,HR,Not Started
T-2469,Onboard checklist for executive sync,Anita Rao,Done,Medium,2026-03-07,2026-01-05,2026-02-17,Finance,Done
T-2470,Roll out rollout in EU region,Tara Okonkwo,Done,Low,2026-04-28,2026-02-24,2026-02-27,Operations,In Progress
T-2471,Migrate report phase 2,Carlos Vega,Done,High,2026-02-10,2026-01-25,2026-01-26,Marketing,Blocked
T-2472,Review audit for partners,Sasha Mendel,In Progress,Medium,2026-05-12,2026-04-17,,Security,In Progress
T-2473,Validate review for partners,Yumi Tanaka,Done,High,2026-05-09,2026-03-24,2026-04-26,Sales,Done
T-2474,Draft report Q1,Riley Kim,Not Started,Medium,2026-05-04,2026-04-07,,Marketing,Not Started
T-2475,Draft rollout after incident #47,James Liu,In Progress,Medium,2026-05-25,2026-04-26,,Operations,In Progress
T-2476,Optimize checklist for executive sync,Carlos Vega,Done,Medium,2026-04-13,2026-03-23,2026-03-27,Marketing,Done
T-2477,Optimize policy for legal review,Lila Zheng,Done,Medium,2026-06-04,2026-03-29,2026-04-19,Product,Done
T-2478,Review service for legal review,Wendy Lee,In Progress,Critical,2026-01-31,2026-01-13,,Finance,In Progress
T-2479,Launch integration follow-up,Erik Andersson,In Progress,Medium,2026-04-11,2026-03-18,,Sales,In Progress
T-2480,Optimize rollout Q1,Nina Patel,In Progress,Low,2026-06-01,2026-04-15,,HR,In Progress
T-2481,Investigate training in EU region,Devon Reyes,In Progress,High,2026-05-12,2026-03-17,,Operations,In Progress
T-2482,Implement dashboard after incident #47,Cara Singh,Blocked,Medium,2026-04-15,2026-01-13,,Product,Blocked
T-2483,Implement runbook wrap-up,Alex Wang,Not Started,Low,2026-05-17,2026-03-30,,Engineering,Not Started
T-2484,Refactor dashboard phase 2,Sasha Mendel,In Progress,Medium,2026-04-22,2026-03-18,,Security,In Progress
T-2485,Test runbook after incident #47,Cara Singh,Done,Critical,2026-04-28,2026-04-14,2026-04-19,Product,Done
T-2486,Roll out campaign kickoff,Maya Iwata,Not Started,Low,2026-03-03,2026-01-11,,Marketing,Not Started
T-2487,Update renewal in EU region,Devon Reyes,Not Started,Medium,2026-06-06,2026-04-22,,Operations,Not Started
T-2488,Roll out pipeline wrap-up,James Liu,Not Started,Medium,2026-04-08,2026-03-10,,Operations,Not Started
T-2489,Audit audit in EU region,Maya Park,Not Started,Medium,2026-06-13,2026-05-01,,Engineering,Not Started
T-2490,Test spec Q1,Maya Park,Not Started,Medium,2026-04-10,2026-03-05,,Engineering,Not Started
T-2491,Draft service annual,Sam Khoury,Done,High,2026-06-15,2026-03-07,2026-04-17,Engineering,Done
T-2492,Coordinate review consolidation,Marcus Tate,In Progress,Medium,2026-01-31,2026-01-15,,Sales,In Progress
T-2493,Roll out runbook across teams,Wendy Lee,In Progress,Medium,2026-02-17,2026-01-12,,Finance,In Progress
T-2494,Investigate review for Q3,Riley Kim,Not Started,Medium,2026-05-03,2026-02-21,,Marketing,Not Started
T-2495,Update framework follow-up,Maya Park,Done,Medium,2026-06-19,2026-04-10,2026-04-25,Engineering,Done
T-2496,Launch rollout annual,Wendy Lee,In Progress,Low,2026-07-11,2026-04-25,,Finance,In Progress
T-2497,Plan spec phase 2,Riley Kim,In Progress,High,2026-04-10,2026-03-13,,Marketing,In Progress
T-2498,Launch report for partners,James Liu,In Progress,Medium,2026-05-22,2026-02-22,,Operations,In Progress
T-2499,Coordinate rollout phase 2,Anita Rao,Done,Low,2026-03-06,2026-02-19,2026-04-16,Finance,Done
T-2500,Test policy follow-up,Wendy Lee,In Progress,Low,2026-04-23,2026-02-08,,Finance,In Progress
T-2501,Investigate training wrap-up,James Liu,Done,Low,2026-05-02,2026-02-03,2026-02-13,Operations,Blocked
T-2502,Refactor framework v2,Nina Patel,Not Started,High,2026-06-06,2026-04-30,,HR,Not Started
T-2503,Update renewal for new hires,Tara Okonkwo,Done,High,2026-04-27,2026-03-16,2026-04-12,Operations,In Progress
T-2504,Implement runbook in EU region,Lila Zheng,Not Started,Low,2026-04-13,2026-02-16,,Product,Not Started
T-2505,Update training for executive sync,Erik Andersson,Blocked,Low,2026-04-06,2026-02-03,,Sales,Blocked
T-2506,Draft playbook v2,Tara Okonkwo,Done,High,2026-08-03,2026-04-23,2026-05-01,Operations,Done
T-2507,Onboard rubric v2,Marcus Tate,Done,Medium,2026-03-11,2026-01-18,2026-04-28,Sales,Done
T-2508,Draft pipeline for legal review,Anita Rao,Done,Medium,2026-03-28,2026-02-02,2026-04-26,Finance,In Progress
T-2509,Implement migration annual,Sasha Mendel,Not Started,Low,2026-04-27,2026-02-15,,Security,Not Started
T-2510,Onboard framework phase 2,Devon Park,In Progress,Medium,2026-03-17,2026-02-08,,Security,In Progress
T-2511,Configure audit wrap-up,Devon Reyes,In Progress,Medium,2026-06-08,2026-03-25,,Operations,Not Started
T-2512,Audit rollout for legal review,Carlos Vega,Blocked,Medium,2026-06-01,2026-05-01,,Marketing,In Progress
T-2513,Draft spec in EU region,Owen Briggs,Not Started,High,2026-05-04,2026-04-15,,HR,Not Started
T-2514,Document audit annual,Yumi Tanaka,In Progress,Medium,2026-04-15,2026-03-19,,Sales,In Progress
T-2515,Coordinate renewal in EU region,Yumi Tanaka,In Progress,Medium,2026-05-26,2026-04-25,,Sales,In Progress
T-2516,Configure checklist follow-up,Jordan West,In Progress,Medium,2026-03-29,2026-01-18,,HR,Not Started
T-2517,Decommission rollout annual,Sasha Mendel,Done,Medium,2026-04-10,2026-01-03,2026-04-18,Security,Done
T-2518,Refactor dashboard follow-up,Anita Rao,In Progress,Medium,2026-05-27,2026-03-03,,Finance,In Progress
T-2519,Plan playbook kickoff,James Liu,Done,High,2026-06-30,2026-03-21,2026-04-23,Operations,Done
T-2520,Document rollout in EU region,Carlos Vega,In Progress,High,2026-04-26,2026-04-04,,Marketing,In Progress
T-2521,Refactor rubric for Q3,Ben Hartley,In Progress,Medium,2026-04-19,2026-04-05,,Product,Done
T-2522,Review rollout for partners,Erik Andersson,Done,Critical,2026-03-07,2026-01-06,2026-03-04,Sales,In Progress
T-2523,Test policy v2,Lila Zheng,Done,High,2026-05-28,2026-02-27,2026-04-09,Product,In Progress
T-2524,Optimize integration annual,Wendy Lee,Not Started,Medium,2026-07-10,2026-04-17,,Finance,Not Started
T-2525,Audit rubric wrap-up,James Liu,Done,Medium,2026-05-23,2026-02-15,2026-03-14,Operations,Done
T-2526,Coordinate policy wrap-up,Devon Park,In Progress,Medium,2026-02-05,2026-01-22,,Security,In Progress
T-2527,Coordinate service phase 2,Owen Briggs,In Progress,Medium,2026-03-16,2026-01-31,,HR,In Progress
T-2528,Coordinate report follow-up,Wendy Lee,In Progress,High,2026-04-26,2026-02-08,,Finance,In Progress
T-2529,Coordinate campaign across teams,Alex Wang,Done,Medium,2026-02-12,2026-01-05,2026-03-04,Engineering,Done
T-2530,Validate runbook in EU region,Anita Rao,Done,High,2026-03-05,2026-01-11,2026-01-12,Finance,Done
T-2531,Approve workflow after incident #47,Jordan Bell,Blocked,Medium,2026-06-23,2026-04-26,,Engineering,Blocked
T-2532,Refactor policy follow-up,Anita Rao,In Progress,High,2026-04-08,2026-02-20,,Finance,In Progress
T-2533,Implement rollout kickoff,Anita Rao,Done,Medium,2026-06-21,2026-04-24,2026-04-26,Finance,Done
T-2534,Launch rubric after incident #47,Erik Andersson,Done,Medium,2026-05-07,2026-04-10,2026-04-22,Sales,In Progress
T-2535,Coordinate workflow for legal review,Devon Park,Done,Medium,2026-05-02,2026-01-24,2026-02-06,Security,Done
T-2536,Onboard rubric for executive sync,Erik Andersson,Blocked,Medium,2026-06-01,2026-04-22,,Sales,In Progress
T-2537,Refactor integration after incident #47,Lila Zheng,In Progress,High,2026-03-18,2026-01-26,,Product,In Progress
T-2538,Launch policy kickoff,Cara Singh,Done,High,2026-05-09,2026-02-13,2026-03-20,Product,Done
T-2539,Optimize service follow-up,Nina Patel,In Progress,Medium,2026-05-17,2026-03-24,,HR,In Progress
T-2540,Roll out training phase 2,Sam Khoury,Blocked,Low,2026-03-15,2026-02-08,,Engineering,Blocked
T-2541,Document training for new hires,Nina Patel,In Progress,Medium,2026-04-27,2026-04-04,,HR,In Progress
T-2542,Test workflow Q1,Riley Kim,Blocked,Low,2026-05-25,2026-04-02,,Marketing,In Progress
T-2543,Validate service in EU region,Ben Hartley,In Progress,Medium,2026-05-26,2026-03-17,,Product,In Progress
T-2544,Onboard policy follow-up,Maya Chen,In Progress,High,2026-04-21,2026-02-02,,Product,In Progress
T-2545,Migrate rubric kickoff,Tara Okonkwo,Done,Medium,2026-05-21,2026-04-28,2026-04-29,Operations,Done
T-2546,Configure campaign kickoff,Owen Briggs,In Progress,Low,2026-05-12,2026-03-03,,HR,In Progress
T-2547,Refactor review phase 2,Sasha Mendel,Not Started,Medium,2026-03-09,2026-01-19,,Security,Not Started
T-2548,Coordinate policy kickoff,Owen Briggs,Done,Medium,2026-06-09,2026-04-30,2026-04-30,HR,Blocked
T-2549,Refactor report follow-up,Sasha Mendel,Done,Critical,2026-03-27,2026-02-21,2026-04-11,Security,Done
T-2550,Investigate framework kickoff,Maya Iwata,Done,Low,2026-06-04,2026-04-20,2026-04-29,Marketing,Done
T-2551,Decommission dashboard for Q3,Riley Kim,Not Started,Medium,2026-03-25,2026-02-25,,Marketing,Not Started
T-2552,Document runbook for Q3,Tara Okonkwo,In Progress,Medium,2026-05-01,2026-04-11,,Operations,In Progress
T-2553,Roll out framework follow-up,Anita Rao,In Progress,Medium,2026-03-27,2026-02-01,,Finance,In Progress
T-2554,Refactor framework consolidation,Lila Zheng,Done,Medium,2026-03-30,2026-01-28,2026-02-11,Product,Blocked
T-2555,Update integration for partners,Tara Okonkwo,Not Started,Medium,2026-02-22,2026-02-08,,Operations,Not Started
T-2556,Test campaign after incident #47,Wendy Lee,Not Started,Low,2026-01-28,2026-01-05,,Finance,Not Started
T-2557,Document policy across teams,Owen Briggs,In Progress,Medium,2026-06-21,2026-04-29,,HR,In Progress
T-2558,Document dashboard Q1,James Liu,Blocked,Medium,2026-03-17,2026-02-09,,Operations,Blocked
T-2559,Audit migration annual,Cara Singh,In Progress,High,2026-04-07,2026-02-12,,Product,In Progress
T-2560,Validate migration Q1,James Liu,In Progress,Medium,2026-05-06,2026-03-25,,Operations,In Progress
T-2561,Test migration for partners,Devon Reyes,Done,Medium,2026-05-06,2026-02-17,2026-04-13,Operations,Done
T-2562,Roll out dashboard follow-up,Devon Reyes,In Progress,Medium,2026-05-02,2026-01-29,,Operations,In Progress
T-2563,Review rubric consolidation,Tara Okonkwo,In Progress,High,2026-03-05,2026-01-13,,Operations,In Progress
T-2564,Roll out workflow in EU region,Sasha Mendel,Not Started,High,2026-03-28,2026-02-26,,Security,Not Started
T-2565,Onboard audit across teams,Erik Andersson,Done,Medium,2026-05-01,2026-02-22,2026-04-13,Sales,Blocked
T-2566,Configure rubric annual,Devon Park,Not Started,Medium,2026-01-24,2026-01-04,,Security,Not Started
T-2567,Test integration v2,Erik Andersson,Blocked,Medium,2026-04-17,2026-01-06,,Sales,In Progress
T-2568,Audit policy after incident #47,Tara Okonkwo,Done,Medium,2026-07-10,2026-04-10,2026-04-12,Operations,Done
T-2569,Update workflow for partners,Devon Reyes,Done,Medium,2026-04-18,2026-02-14,2026-03-03,Operations,Done
T-2570,Update rubric Q1,Maya Park,Done,Low,2026-05-09,2026-02-26,2026-04-30,Engineering,Done
T-2571,Approve workflow after incident #47,Maya Chen,Not Started,High,2026-04-28,2026-02-09,,Product,Not Started
T-2572,Document training Q1,Alex Wang,Blocked,Medium,2026-07-12,2026-04-05,,Engineering,In Progress
T-2573,Test pipeline for new hires,Tara Okonkwo,Not Started,Critical,2026-06-20,2026-04-09,,Operations,Not Started
T-2574,Plan renewal kickoff,Sasha Mendel,Not Started,Low,2026-04-16,2026-02-03,,Security,Not Started
T-2575,Refactor workflow after incident #47,Nina Patel,In Progress,Medium,2026-03-26,2026-01-24,,HR,In Progress
T-2576,Validate integration wrap-up,Tara Okonkwo,Not Started,High,2026-04-23,2026-04-01,,Operations,Not Started
T-2577,Approve runbook after incident #47,Wendy Lee,Done,Medium,2026-04-13,2026-01-05,2026-04-18,Finance,Done
T-2578,Negotiate runbook after incident #47,Marcus Tate,In Progress,High,2026-04-19,2026-01-26,,Sales,In Progress
T-2579,Approve audit for Q3,Devon Reyes,Not Started,Low,2026-05-29,2026-03-15,,Operations,Not Started
T-2580,Migrate framework follow-up,Maya Chen,In Progress,Medium,2026-03-26,2026-02-06,,Product,In Progress
T-2581,Configure checklist follow-up,Devon Park,In Progress,Medium,2026-03-18,2026-01-12,,Security,In Progress
T-2582,Update pipeline for executive sync,Carlos Vega,In Progress,Medium,2026-04-11,2026-01-18,,Marketing,Done
T-2583,Migrate dashboard after incident #47,Riley Kim,Done,High,2026-05-27,2026-02-24,2026-04-26,Marketing,Blocked
T-2584,Audit integration kickoff,Wendy Lee,Done,Medium,2026-06-15,2026-04-17,2026-04-21,Finance,In Progress
T-2585,Document report wrap-up,Yumi Tanaka,In Progress,High,2026-02-09,2026-01-23,,Sales,In Progress
T-2586,Implement rollout kickoff,Sasha Mendel,Not Started,Medium,2026-06-08,2026-03-26,,Security,Not Started
T-2587,Validate migration in EU region,Maya Chen,Not Started,Medium,2026-07-05,2026-04-17,,Product,Not Started
T-2588,Review review follow-up,Alex Wang,In Progress,Medium,2026-04-14,2026-01-31,,Engineering,In Progress
T-2589,Plan rubric for executive sync,Carlos Vega,Not Started,Medium,2026-03-02,2026-01-23,,Marketing,Not Started
T-2590,Audit pipeline for partners,Owen Briggs,Done,High,2026-04-06,2026-02-15,2026-04-20,HR,Done
T-2591,Onboard rubric annual,Riley Kim,Done,Low,2026-04-28,2026-04-13,2026-04-28,Marketing,Done
T-2592,Negotiate checklist for new hires,Erik Andersson,Not Started,High,2026-05-13,2026-01-31,,Sales,Not Started
T-2593,Configure spec for new hires,Anita Rao,Not Started,Medium,2026-05-01,2026-02-23,,Finance,Not Started
T-2594,Migrate rollout in EU region,Wendy Lee,Blocked,High,2026-04-14,2026-02-08,,Finance,Blocked
T-2595,Test pipeline across teams,James Liu,Not Started,Low,2026-05-10,2026-03-29,,Operations,Not Started
T-2596,Review campaign for legal review,Devon Park,Blocked,Medium,2026-02-22,2026-01-23,,Security,Blocked
T-2597,Roll out rubric annual,Devon Reyes,Done,High,2026-06-15,2026-03-08,2026-03-25,Operations,In Progress
T-2598,Review migration for partners,Owen Briggs,In Progress,High,2026-06-07,2026-03-20,,HR,In Progress
T-2599,Draft spec follow-up,Nina Patel,Done,Low,2026-07-19,2026-04-27,2026-04-28,HR,Done
T-2600,Implement report after incident #47,Carlos Vega,Done,Medium,2026-03-11,2026-01-08,2026-03-13,Marketing,Done
T-2601,Audit policy across teams,Erik Andersson,In Progress,Medium,2026-06-23,2026-04-13,,Sales,In Progress
T-2602,Document review for new hires,Marcus Tate,Done,Medium,2026-06-14,2026-03-08,2026-03-24,Sales,Done
T-2603,Update training for legal review,Nina Patel,In Progress,Medium,2026-03-10,2026-02-16,,HR,In Progress
T-2604,Roll out playbook across teams,Jordan West,Done,Low,2026-03-27,2026-02-24,2026-04-06,HR,Done
T-2605,Roll out training for Q3,Devon Park,In Progress,Low,2026-06-23,2026-04-12,,Security,In Progress
T-2606,Draft report for executive sync,Sasha Mendel,Done,Medium,2026-03-27,2026-01-16,2026-02-06,Security,Done
T-2607,Roll out rollout for executive sync,Jordan West,In Progress,Low,2026-04-28,2026-02-15,,HR,In Progress
T-2608,Investigate service v2,Devon Park,In Progress,Medium,2026-04-23,2026-01-20,,Security,In Progress
T-2609,Update service wrap-up,Cara Singh,Done,Critical,2026-05-25,2026-04-01,2026-04-06,Product,Done
T-2610,Decommission audit phase 2,Sasha Mendel,In Progress,High,2026-04-24,2026-03-20,,Security,In Progress
T-2611,Refactor checklist follow-up,Erik Andersson,Done,Medium,2026-03-16,2026-01-13,2026-01-16,Sales,Done
T-2612,Negotiate spec v2,Jordan West,Not Started,Medium,2026-04-15,2026-04-01,,HR,Not Started
T-2613,Document playbook for executive sync,James Liu,Done,Medium,2026-02-13,2026-01-07,2026-03-29,Operations,Done
T-2614,Optimize checklist for legal review,Devon Park,In Progress,Medium,2026-05-31,2026-03-09,,Security,In Progress
T-2615,Document audit follow-up,Maya Chen,In Progress,Low,2026-05-17,2026-02-05,,Product,In Progress
T-2616,Investigate runbook after incident #47,Carlos Vega,Done,Medium,2026-02-07,2026-01-15,2026-04-04,Marketing,Done
T-2617,Audit playbook annual,Wendy Lee,Done,Low,2026-05-05,2026-02-01,2026-04-19,Finance,Blocked
T-2618,Test rollout follow-up,Wendy Lee,Blocked,Medium,2026-05-13,2026-04-11,,Finance,Blocked
T-2619,Document rollout annual,Carlos Vega,Done,Critical,2026-03-17,2026-02-20,2026-04-19,Marketing,In Progress
T-2620,Refactor workflow Q1,Riley Kim,Blocked,Low,2026-05-07,2026-01-28,,Marketing,Blocked
T-2621,Roll out pipeline v2,Sasha Mendel,Blocked,High,2026-04-25,2026-01-30,,Security,Blocked
T-2622,Launch renewal Q1,Owen Briggs,Blocked,Low,2026-04-11,2026-03-21,,HR,In Progress
T-2623,Configure policy for executive sync,Devon Reyes,Not Started,Medium,2026-04-23,2026-01-13,,Operations,Not Started
T-2624,Review report wrap-up,Maya Chen,Not Started,Critical,2026-03-10,2026-02-05,,Product,Not Started
T-2625,Validate migration follow-up,Jordan Bell,Not Started,Medium,2026-03-26,2026-02-12,,Engineering,Not Started
T-2626,Refactor rollout wrap-up,Owen Briggs,Blocked,Medium,2026-04-22,2026-01-15,,HR,Blocked
T-2627,Investigate runbook for executive sync,Devon Park,Blocked,High,2026-02-25,2026-01-11,,Security,Blocked
T-2628,Migrate rollout phase 2,James Liu,Not Started,Medium,2026-04-02,2026-01-06,,Operations,Not Started
T-2629,Launch audit wrap-up,Yumi Tanaka,In Progress,Medium,2026-05-22,2026-03-11,,Sales,In Progress
T-2630,Audit service for executive sync,Alex Wang,Not Started,High,2026-04-24,2026-03-19,,Engineering,Not Started
T-2631,Launch runbook wrap-up,Tara Okonkwo,In Progress,High,2026-05-29,2026-03-17,,Operations,In Progress
T-2632,Coordinate runbook consolidation,Lila Zheng,In Progress,Medium,2026-04-24,2026-03-13,,Product,Done
T-2633,Refactor rubric wrap-up,Wendy Lee,In Progress,High,2026-05-15,2026-04-07,,Finance,In Progress
T-2634,Test checklist phase 2,Cara Singh,Not Started,Medium,2026-06-12,2026-04-11,,Product,Not Started
T-2635,Validate workflow wrap-up,Marcus Tate,Not Started,Medium,2026-02-14,2026-01-30,,Sales,Not Started
T-2636,Refactor audit across teams,Devon Park,Done,High,2026-02-09,2026-01-14,2026-03-18,Security,Done
T-2637,Test audit v2,Erik Andersson,In Progress,High,2026-03-31,2026-02-26,,Sales,In Progress
T-2638,Coordinate renewal for executive sync,Ben Hartley,Blocked,Low,2026-05-23,2026-03-02,,Product,Blocked
T-2639,Migrate runbook across teams,Cara Singh,Not Started,High,2026-06-06,2026-03-06,,Product,Not Started
T-2640,Review campaign for executive sync,Nina Patel,Done,Medium,2026-07-27,2026-04-24,2026-04-27,HR,Done
T-2641,Test checklist annual,Sasha Mendel,Done,Low,2026-06-23,2026-04-04,2026-04-08,Security,Done
T-2642,Update checklist across teams,Marcus Tate,Not Started,Low,2026-03-19,2026-02-03,,Sales,Not Started
T-2643,Optimize report phase 2,Devon Reyes,In Progress,Critical,2026-03-24,2026-02-09,,Operations,In Progress
T-2644,Configure training consolidation,Maya Iwata,In Progress,High,2026-05-25,2026-03-18,,Marketing,Not Started
T-2645,Implement dashboard kickoff,Marcus Tate,Not Started,Critical,2026-03-08,2026-02-10,,Sales,Not Started
T-2646,Configure campaign kickoff,Nina Patel,Blocked,High,2026-04-06,2026-03-17,,HR,Blocked
T-2647,Approve pipeline for partners,Jordan West,In Progress,Low,2026-02-16,2026-01-20,,HR,In Progress
T-2648,Test checklist in EU region,Maya Chen,Done,Medium,2026-04-25,2026-02-02,2026-02-16,Product,Done
T-2649,Roll out framework follow-up,Sasha Mendel,Done,Medium,2026-04-27,2026-03-24,2026-04-13,Security,Blocked
T-2650,Configure training across teams,Lila Zheng,In Progress,Low,2026-03-21,2026-01-10,,Product,In Progress
T-2651,Plan training across teams,Nina Patel,Not Started,Medium,2026-05-30,2026-03-03,,HR,Not Started
T-2652,Draft spec v2,Anita Rao,In Progress,High,2026-06-24,2026-04-27,,Finance,In Progress
T-2653,Update report across teams,Carlos Vega,In Progress,Medium,2026-04-08,2026-02-10,,Marketing,Done
T-2654,Coordinate rollout after incident #47,Jordan West,Blocked,High,2026-06-02,2026-04-28,,HR,Blocked
T-2655,Update policy annual,Anita Rao,Done,Medium,2026-03-07,2026-02-05,2026-04-08,Finance,Done
T-2656,Roll out dashboard for partners,Wendy Lee,In Progress,Medium,2026-05-24,2026-02-19,,Finance,In Progress
T-2657,Roll out runbook across teams,Ben Hartley,Not Started,High,2026-03-19,2026-01-06,,Product,Not Started
T-2658,Approve policy after incident #47,Sasha Mendel,Done,High,2026-03-12,2026-02-08,2026-04-13,Security,Done
T-2659,Audit workflow wrap-up,Yumi Tanaka,Done,High,2026-05-22,2026-04-22,2026-04-29,Sales,Done
T-2660,Update dashboard annual,Sasha Mendel,Done,Critical,2026-03-16,2026-01-25,2026-04-14,Security,Done
T-2661,Negotiate framework wrap-up,Marcus Tate,Not Started,Medium,2026-02-23,2026-01-15,,Sales,Not Started
T-2662,Coordinate checklist wrap-up,Nina Patel,Not Started,Medium,2026-07-07,2026-04-16,,HR,Not Started
T-2663,Launch rollout in EU region,Maya Park,Done,Low,2026-05-27,2026-04-14,2026-04-15,Engineering,Blocked
T-2664,Negotiate playbook consolidation,Owen Briggs,In Progress,Medium,2026-06-11,2026-04-07,,HR,In Progress
T-2665,Test playbook consolidation,Jordan Bell,Blocked,Medium,2026-06-28,2026-04-07,,Engineering,In Progress
T-2666,Investigate playbook across teams,Anita Rao,Not Started,Medium,2026-03-01,2026-02-02,,Finance,Not Started
T-2667,Implement checklist after incident #47,Riley Kim,Done,Medium,2026-05-04,2026-01-28,2026-03-09,Marketing,Done
T-2668,Implement migration kickoff,Wendy Lee,In Progress,Low,2026-06-30,2026-03-23,,Finance,In Progress
T-2669,Approve migration consolidation,Erik Andersson,In Progress,Medium,2026-05-27,2026-03-26,,Sales,In Progress
T-2670,Configure training for new hires,Anita Rao,In Progress,Medium,2026-04-24,2026-03-03,,Finance,In Progress
T-2671,Document pipeline v2,Nina Patel,Not Started,Medium,2026-06-12,2026-03-06,,HR,Not Started
T-2672,Decommission integration wrap-up,Sasha Mendel,Not Started,Medium,2026-05-26,2026-04-17,,Security,Not Started
T-2673,Test service consolidation,Jordan West,Not Started,High,2026-06-19,2026-03-25,,HR,Not Started
T-2674,Draft audit across teams,Erik Andersson,In Progress,Medium,2026-03-24,2026-01-24,,Sales,Not Started
T-2675,Roll out framework wrap-up,Anita Rao,Done,Medium,2026-04-21,2026-02-05,2026-04-12,Finance,Done
T-2676,Document policy for executive sync,Marcus Tate,In Progress,Low,2026-03-10,2026-01-17,,Sales,In Progress
T-2677,Audit renewal for executive sync,Lila Zheng,Done,Low,2026-04-30,2026-03-20,2026-03-23,Product,Done
T-2678,Refactor migration consolidation,Alex Wang,In Progress,Low,2026-08-01,2026-04-21,,Engineering,Not Started
T-2679,Optimize audit for Q3,Riley Kim,Not Started,Medium,2026-07-01,2026-04-26,,Marketing,Not Started
T-2680,Update runbook across teams,Owen Briggs,In Progress,High,2026-04-26,2026-02-05,,HR,In Progress
T-2681,Optimize rollout for legal review,Carlos Vega,Done,Medium,2026-05-11,2026-04-19,2026-04-30,Marketing,In Progress
T-2682,Onboard playbook across teams,Jordan West,In Progress,Medium,2026-05-20,2026-03-08,,HR,In Progress
T-2683,Launch playbook for new hires,Erik Andersson,Not Started,Medium,2026-04-24,2026-02-07,,Sales,Not Started
T-2684,Refactor migration for executive sync,Carlos Vega,Not Started,Low,2026-05-01,2026-02-20,,Marketing,Not Started
T-2685,Implement service phase 2,Carlos Vega,In Progress,Medium,2026-03-11,2026-01-09,,Marketing,In Progress
T-2686,Launch framework across teams,Sasha Mendel,Done,High,2026-03-03,2026-01-05,2026-04-14,Security,Done
T-2687,Refactor migration in EU region,Lila Zheng,Done,High,2026-06-02,2026-02-24,2026-03-19,Product,Blocked
T-2688,Roll out integration v2,Anita Rao,Not Started,Medium,2026-05-19,2026-02-17,,Finance,Not Started
T-2689,Migrate playbook for partners,Ben Hartley,Not Started,Medium,2026-04-05,2026-03-22,,Product,Not Started
T-2690,Implement framework for Q3,Erik Andersson,In Progress,High,2026-01-27,2026-01-05,,Sales,In Progress
T-2691,Test workflow Q1,Owen Briggs,Done,High,2026-05-10,2026-01-31,2026-02-14,HR,Blocked
T-2692,Approve dashboard Q1,Anita Rao,Done,Medium,2026-05-18,2026-03-03,2026-04-22,Finance,Done
T-2693,Onboard audit for Q3,Riley Kim,Not Started,High,2026-06-25,2026-04-21,,Marketing,Not Started
T-2694,Implement framework for legal review,Lila Zheng,In Progress,Medium,2026-05-27,2026-05-02,,Product,In Progress
T-2695,Launch rubric consolidation,Jordan West,Not Started,High,2026-03-19,2026-01-28,,HR,Not Started
T-2696,Audit audit in EU region,Wendy Lee,Done,Low,2026-03-06,2026-01-21,2026-04-14,Finance,Done
T-2697,Coordinate workflow after incident #47,Tara Okonkwo,In Progress,Medium,2026-06-08,2026-04-06,,Operations,In Progress
T-2698,Audit pipeline for Q3,Marcus Tate,In Progress,Medium,2026-03-22,2026-02-26,,Sales,In Progress
T-2699,Plan renewal wrap-up,Sasha Mendel,In Progress,Medium,2026-05-15,2026-03-05,,Security,Done
T-2700,Optimize rollout for legal review,Tara Okonkwo,Done,Low,2026-03-14,2026-01-31,2026-02-25,Operations,Done
T-2701,Test service v2,Jordan Bell,Not Started,High,2026-05-08,2026-03-09,,Engineering,Not Started
T-2702,Decommission renewal after incident #47,Jordan West,In Progress,Critical,2026-04-28,2026-04-09,,HR,Done
T-2703,Optimize service annual,Cara Singh,Done,Low,2026-02-17,2026-01-09,2026-03-23,Product,Done
T-2704,Plan spec wrap-up,Ben Hartley,Not Started,Low,2026-04-29,2026-03-04,,Product,Not Started
T-2705,Configure dashboard for Q3,Priya Nair,Not Started,High,2026-03-12,2026-02-16,,Engineering,Not Started
T-2706,Onboard workflow for Q3,Devon Park,Blocked,Medium,2026-06-23,2026-04-08,,Security,Blocked
T-2707,Decommission training phase 2,Jordan West,In Progress,High,2026-05-12,2026-04-10,,HR,In Progress
T-2708,Optimize review wrap-up,Sam Khoury,In Progress,Low,2026-05-23,2026-04-26,,Engineering,In Progress
T-2709,Update spec for Q3,Anita Rao,Done,Medium,2026-07-03,2026-03-29,2026-04-16,Finance,Done
T-2710,Draft playbook for executive sync,Devon Park,Done,High,2026-05-17,2026-03-23,2026-04-03,Security,Done
T-2711,Draft campaign follow-up,Wendy Lee,Not Started,High,2026-06-14,2026-04-11,,Finance,Not Started
T-2712,Roll out integration phase 2,James Liu,In Progress,Medium,2026-04-23,2026-01-23,,Operations,In Progress
T-2713,Test integration for executive sync,Lila Zheng,Done,Medium,2026-06-15,2026-04-22,2026-04-24,Product,Done
T-2714,Update framework v2,Yumi Tanaka,Blocked,High,2026-06-25,2026-03-26,,Sales,Blocked
T-2715,Coordinate rubric annual,Cara Singh,Done,Low,2026-04-17,2026-02-23,2026-04-17,Product,Done
T-2716,Document playbook after incident #47,James Liu,Done,Low,2026-04-17,2026-03-27,2026-04-22,Operations,Blocked
T-2717,Plan review consolidation,Lila Zheng,Done,High,2026-05-12,2026-02-26,2026-04-06,Product,Done
T-2718,Migrate renewal after incident #47,Sasha Mendel,Done,Medium,2026-05-14,2026-03-02,2026-04-05,Security,Done
T-2719,Audit review kickoff,Sasha Mendel,Done,Medium,2026-04-17,2026-01-04,2026-04-23,Security,Done
T-2720,Review migration for partners,Tara Okonkwo,Done,Low,2026-03-22,2026-01-10,2026-03-12,Operations,Done
T-2721,Negotiate rollout kickoff,Cara Singh,In Progress,Low,2026-05-25,2026-02-28,,Product,In Progress
T-2722,Launch migration wrap-up,James Liu,Done,Medium,2026-05-26,2026-03-01,2026-03-13,Operations,Done
T-2723,Optimize audit in EU region,Tara Okonkwo,Blocked,High,2026-04-14,2026-02-15,,Operations,In Progress
T-2724,Audit spec follow-up,Erik Andersson,Not Started,High,2026-03-29,2026-02-26,,Sales,Not Started
T-2725,Decommission workflow Q1,James Liu,Done,Medium,2026-05-11,2026-03-27,2026-04-25,Operations,Done
T-2726,Negotiate framework wrap-up,Anita Rao,Blocked,Medium,2026-05-08,2026-03-14,,Finance,In Progress
T-2727,Document playbook across teams,Lila Zheng,Not Started,Medium,2026-03-24,2026-03-10,,Product,Not Started
T-2728,Update rubric after incident #47,Riley Kim,In Progress,Low,2026-01-27,2026-01-07,,Marketing,In Progress
T-2729,Audit pipeline wrap-up,Cara Singh,In Progress,Critical,2026-06-08,2026-03-20,,Product,Done
T-2730,Refactor training wrap-up,Maya Chen,Blocked,Medium,2026-03-12,2026-02-01,,Product,Blocked
T-2731,Optimize playbook for partners,Sasha Mendel,Done,Medium,2026-04-28,2026-02-19,2026-03-06,Security,Done
T-2732,Decommission rollout for partners,Wendy Lee,Done,Medium,2026-04-23,2026-04-08,2026-04-16,Finance,Done
T-2733,Plan rollout phase 2,Wendy Lee,In Progress,High,2026-03-13,2026-02-24,,Finance,In Progress
T-2734,Implement runbook in EU region,Riley Kim,Done,Medium,2026-02-12,2026-01-27,2026-01-27,Marketing,Done
T-2735,Decommission campaign across teams,Carlos Vega,In Progress,Low,2026-02-24,2026-01-28,,Marketing,In Progress
T-2736,Document service for new hires,Wendy Lee,In Progress,High,2026-04-25,2026-02-04,,Finance,In Progress
T-2737,Negotiate integration phase 2,Cara Singh,Done,High,2026-04-15,2026-03-07,2026-04-14,Product,Done
T-2738,Review campaign follow-up,Devon Park,Not Started,Medium,2026-07-27,2026-04-29,,Security,Not Started
T-2739,Test rollout after incident #47,Jordan West,Done,High,2026-02-12,2026-01-27,2026-02-13,HR,Done
T-2740,Roll out integration for partners,Sam Khoury,Done,Medium,2026-04-14,2026-03-28,2026-04-28,Engineering,Done
T-2741,Approve playbook for partners,Maya Park,In Progress,Medium,2026-07-13,2026-04-17,,Engineering,Not Started
T-2742,Negotiate spec phase 2,Wendy Lee,Done,Critical,2026-05-19,2026-04-29,2026-05-01,Finance,Done
T-2743,Coordinate workflow for executive sync,Marcus Tate,In Progress,Medium,2026-05-28,2026-03-17,,Sales,In Progress
T-2744,Refactor framework v2,Marcus Tate,In Progress,High,2026-04-13,2026-02-28,,Sales,Not Started
T-2745,Configure dashboard for partners,Erik Andersson,Done,Low,2026-05-01,2026-03-31,2026-04-10,Sales,Done
T-2746,Draft service across teams,Devon Park,Not Started,High,2026-02-16,2026-01-17,,Security,Not Started
T-2747,Launch pipeline kickoff,Maya Iwata,Done,High,2026-05-26,2026-03-25,2026-03-29,Marketing,In Progress
T-2748,Audit training follow-up,Nina Patel,Blocked,Medium,2026-06-17,2026-03-12,,HR,Blocked
T-2749,Migrate workflow annual,Riley Kim,In Progress,High,2026-03-24,2026-01-28,,Marketing,Not Started
T-2750,Negotiate framework phase 2,Devon Reyes,Done,Medium,2026-06-15,2026-03-10,2026-04-10,Operations,Done
T-2751,Document renewal in EU region,Owen Briggs,Done,Medium,2026-03-26,2026-02-10,2026-03-10,HR,Done
T-2752,Refactor checklist after incident #47,Nina Patel,Done,Medium,2026-06-28,2026-04-16,2026-04-23,HR,Done
T-2753,Investigate framework for Q3,Carlos Vega,Done,Medium,2026-05-25,2026-04-02,2026-04-25,Marketing,Done
T-2754,Document rollout v2,Alex Wang,Not Started,High,2026-02-23,2026-02-03,,Engineering,Not Started
T-2755,Audit framework follow-up,Lila Zheng,Not Started,High,2026-04-25,2026-02-06,,Product,Not Started
T-2756,Review playbook for partners,Sasha Mendel,Done,High,2026-05-26,2026-04-09,2026-04-19,Security,Done
T-2757,Coordinate checklist after incident #47,Jordan Bell,In Progress,Medium,2026-05-06,2026-03-31,,Engineering,In Progress
T-2758,Refactor renewal consolidation,Nina Patel,In Progress,Medium,2026-04-03,2026-02-12,,HR,Not Started
T-2759,Plan spec for partners,Anita Rao,Not Started,Low,2026-03-14,2026-02-22,,Finance,Not Started
T-2760,Onboard report Q1,Yumi Tanaka,Done,High,2026-02-10,2026-01-23,2026-03-23,Sales,Done
T-2761,Audit rollout wrap-up,Cara Singh,Blocked,Medium,2026-07-05,2026-04-28,,Product,Blocked
T-2762,Test review for legal review,Maya Iwata,In Progress,Medium,2026-04-04,2026-01-29,,Marketing,In Progress
T-2763,Onboard migration Q1,Marcus Tate,Not Started,Medium,2026-05-17,2026-04-05,,Sales,Not Started
T-2764,Optimize review for new hires,Maya Iwata,In Progress,Low,2026-04-27,2026-02-11,,Marketing,In Progress
T-2765,Refactor report for partners,Nina Patel,Done,High,2026-05-05,2026-04-14,2026-04-25,HR,Done
T-2766,Audit training in EU region,Maya Chen,Blocked,High,2026-06-10,2026-04-23,,Product,Blocked
T-2767,Validate campaign across teams,Jordan West,Done,Medium,2026-06-26,2026-03-17,2026-05-01,HR,Blocked
T-2768,Launch framework follow-up,Devon Reyes,Not Started,High,2026-05-03,2026-04-07,,Operations,Not Started
T-2769,Decommission audit for executive sync,James Liu,Not Started,Medium,2026-04-13,2026-03-24,,Operations,Not Started
T-2770,Plan pipeline annual,Devon Park,Blocked,Medium,2026-04-07,2026-03-14,,Security,In Progress
T-2771,Review policy for partners,Alex Wang,Done,Medium,2026-06-15,2026-04-02,2026-04-03,Engineering,Done
T-2772,Coordinate rollout consolidation,Sasha Mendel,Done,Medium,2026-05-11,2026-02-13,2026-03-03,Security,Done
T-2773,Configure renewal for partners,Yumi Tanaka,In Progress,High,2026-02-11,2026-01-25,,Sales,In Progress
T-2774,Draft service annual,Jordan West,In Progress,Critical,2026-06-07,2026-03-11,,HR,In Progress
T-2775,Plan framework wrap-up,Anita Rao,In Progress,High,2026-04-03,2026-02-09,,Finance,In Progress
T-2776,Coordinate audit kickoff,Cara Singh,Not Started,Medium,2026-05-08,2026-02-21,,Product,Not Started
T-2777,Negotiate runbook for legal review,Sam Khoury,Done,Medium,2026-03-11,2026-02-07,2026-03-03,Engineering,In Progress
T-2778,Roll out renewal across teams,Anita Rao,Not Started,Medium,2026-03-30,2026-03-13,,Finance,Not Started
T-2779,Implement migration for Q3,Nina Patel,Not Started,Low,2026-04-27,2026-03-10,,HR,Not Started
T-2780,Roll out framework in EU region,Lila Zheng,In Progress,Low,2026-07-11,2026-04-07,,Product,In Progress
T-2781,Plan renewal for executive sync,Yumi Tanaka,In Progress,Critical,2026-06-02,2026-03-05,,Sales,Not Started
T-2782,Audit playbook Q1,Sasha Mendel,In Progress,Medium,2026-03-11,2026-01-30,,Security,In Progress
T-2783,Draft spec across teams,Devon Reyes,Not Started,Medium,2026-06-18,2026-04-18,,Operations,Not Started
T-2784,Negotiate audit across teams,Anita Rao,Done,Medium,2026-05-22,2026-04-26,2026-05-02,Finance,In Progress
T-2785,Roll out migration after incident #47,Jordan West,In Progress,Medium,2026-03-12,2026-01-18,,HR,In Progress
T-2786,Optimize rollout phase 2,Marcus Tate,Done,Medium,2026-05-17,2026-02-18,2026-02-19,Sales,Done
T-2787,Audit campaign Q1,Maya Iwata,Done,Medium,2026-03-13,2026-02-16,2026-04-05,Marketing,Done
T-2788,Implement runbook Q1,Nina Patel,In Progress,High,2026-06-07,2026-04-18,,HR,In Progress
T-2789,Plan policy Q1,Marcus Tate,Blocked,High,2026-03-04,2026-01-05,,Sales,Blocked
T-2790,Refactor rollout across teams,Jordan West,In Progress,Medium,2026-06-28,2026-03-22,,HR,In Progress
T-2791,Review rollout Q1,Maya Iwata,Blocked,Low,2026-03-31,2026-01-22,,Marketing,Blocked
T-2792,Implement workflow Q1,Nina Patel,Done,Medium,2026-06-28,2026-03-19,2026-04-26,HR,Done
T-2793,Configure pipeline for Q3,Devon Reyes,Not Started,Medium,2026-03-03,2026-01-28,,Operations,Not Started
T-2794,Review audit kickoff,Cara Singh,In Progress,High,2026-06-14,2026-04-25,,Product,In Progress
T-2795,Negotiate renewal wrap-up,Maya Chen,Done,Low,2026-06-25,2026-04-19,2026-05-01,Product,Blocked
T-2796,Onboard audit for partners,Owen Briggs,In Progress,High,2026-05-13,2026-02-01,,HR,In Progress
T-2797,Approve review phase 2,Sasha Mendel,Blocked,High,2026-04-25,2026-02-12,,Security,Blocked
T-2798,Migrate rollout annual,Owen Briggs,Not Started,Medium,2026-02-24,2026-01-27,,HR,Not Started
T-2799,Coordinate rubric v2,Alex Wang,Not Started,Low,2026-06-22,2026-04-24,,Engineering,Not Started
T-2800,Launch spec v2,Erik Andersson,Done,Medium,2026-06-28,2026-04-24,2026-04-26,Sales,Done
T-2801,Migrate integration phase 2,Carlos Vega,In Progress,High,2026-05-24,2026-04-12,,Marketing,In Progress
T-2802,Plan campaign Q1,Riley Kim,In Progress,Medium,2026-06-04,2026-02-25,,Marketing,In Progress
T-2803,Plan migration kickoff,Jordan Bell,Not Started,Medium,2026-05-15,2026-04-23,,Engineering,Not Started
T-2804,Test dashboard v2,Wendy Lee,In Progress,Low,2026-06-13,2026-04-23,,Finance,Done
T-2805,Coordinate policy for new hires,Yumi Tanaka,In Progress,Medium,2026-04-24,2026-01-31,,Sales,In Progress
T-2806,Test rollout annual,Nina Patel,In Progress,High,2026-03-26,2026-03-03,,HR,In Progress
T-2807,Coordinate migration kickoff,Marcus Tate,In Progress,Medium,2026-04-28,2026-01-27,,Sales,In Progress
T-2808,Onboard rollout for legal review,Jordan Bell,Not Started,Medium,2026-06-19,2026-04-16,,Engineering,Not Started
T-2809,Test spec for Q3,Jordan Bell,Blocked,Medium,2026-03-30,2026-02-03,,Engineering,In Progress
T-2810,Document runbook annual,Sasha Mendel,Done,Medium,2026-05-02,2026-01-28,2026-02-19,Security,Done
T-2811,Decommission review kickoff,Owen Briggs,Done,Low,2026-03-06,2026-01-03,2026-02-08,HR,Done
T-2812,Update campaign phase 2,Anita Rao,Blocked,Low,2026-04-29,2026-04-01,,Finance,In Progress
T-2813,Implement rollout for executive sync,Devon Park,Done,Low,2026-03-27,2026-02-21,2026-03-29,Security,Done
T-2814,Decommission framework consolidation,Devon Reyes,Blocked,High,2026-02-17,2026-01-16,,Operations,Blocked
T-2815,Coordinate service after incident #47,Priya Nair,Done,High,2026-03-14,2026-01-18,2026-02-17,Engineering,Done
T-2816,Investigate workflow follow-up,Ben Hartley,In Progress,Low,2026-05-07,2026-03-25,,Product,In Progress
T-2817,Onboard policy phase 2,Maya Park,Not Started,Low,2026-03-11,2026-02-02,,Engineering,Not Started
T-2818,Test spec for Q3,Ben Hartley,Not Started,Medium,2026-06-07,2026-04-21,,Product,Not Started
T-2819,Negotiate migration consolidation,Cara Singh,Done,Low,2026-05-21,2026-03-26,2026-03-28,Product,Done
T-2820,Configure workflow Q1,Nina Patel,Done,Medium,2026-04-05,2026-01-22,2026-03-15,HR,Blocked
T-2821,Validate policy v2,Marcus Tate,Not Started,Medium,2026-06-04,2026-03-08,,Sales,Not Started
T-2822,Roll out migration Q1,Owen Briggs,In Progress,Medium,2026-01-20,2026-01-05,,HR,In Progress
T-2823,Coordinate migration across teams,Devon Reyes,Blocked,High,2026-01-22,2026-01-03,,Operations,In Progress
T-2824,Launch workflow across teams,Anita Rao,In Progress,Critical,2026-06-13,2026-03-23,,Finance,In Progress
T-2825,Validate campaign wrap-up,Sasha Mendel,Done,Medium,2026-05-01,2026-02-26,2026-03-13,Security,Done
T-2826,Onboard framework for Q3,Wendy Lee,Not Started,Medium,2026-04-03,2026-03-08,,Finance,Not Started
T-2827,Approve checklist phase 2,Carlos Vega,Done,High,2026-06-12,2026-04-24,2026-05-02,Marketing,Done
T-2828,Review audit kickoff,Ben Hartley,Not Started,Medium,2026-03-09,2026-02-12,,Product,Not Started
T-2829,Decommission dashboard for new hires,Lila Zheng,Done,High,2026-04-06,2026-03-11,2026-03-18,Product,Done
T-2830,Refactor renewal for executive sync,Maya Park,In Progress,Medium,2026-03-14,2026-01-09,,Engineering,In Progress
T-2831,Update rubric kickoff,Tara Okonkwo,Not Started,Medium,2026-05-27,2026-04-29,,Operations,Not Started
T-2832,Configure integration annual,Sasha Mendel,In Progress,Medium,2026-03-23,2026-02-10,,Security,In Progress
T-2833,Negotiate training phase 2,Devon Reyes,Not Started,Medium,2026-04-02,2026-02-25,,Operations,Not Started
T-2834,Update framework for legal review,Yumi Tanaka,In Progress,Medium,2026-06-12,2026-04-02,,Sales,In Progress
T-2835,Approve rubric for Q3,Yumi Tanaka,Blocked,Low,2026-05-15,2026-03-25,,Sales,Blocked
T-2836,Draft campaign across teams,Maya Iwata,In Progress,Medium,2026-06-10,2026-04-25,,Marketing,In Progress
T-2837,Implement pipeline in EU region,Devon Park,In Progress,Critical,2026-03-01,2026-01-18,,Security,Not Started
T-2838,Optimize migration across teams,Owen Briggs,In Progress,Medium,2026-05-02,2026-02-14,,HR,In Progress
T-2839,Decommission campaign phase 2,Sasha Mendel,Not Started,High,2026-05-01,2026-03-23,,Security,Not Started
T-2840,Coordinate dashboard for Q3,Carlos Vega,Done,Medium,2026-05-26,2026-03-12,2026-03-23,Marketing,Done
T-2841,Optimize rollout for executive sync,Erik Andersson,Done,Low,2026-03-05,2026-02-17,2026-03-05,Sales,Done
T-2842,Negotiate policy for executive sync,Devon Reyes,Done,Medium,2026-06-13,2026-04-02,2026-04-30,Operations,Done
T-2843,Optimize policy v2,Yumi Tanaka,Done,Medium,2026-08-07,2026-05-02,2026-05-02,Sales,Done
T-2844,Approve dashboard phase 2,Riley Kim,Not Started,Medium,2026-03-10,2026-02-07,,Marketing,Not Started
T-2845,Coordinate training for legal review,Nina Patel,Not Started,High,2026-03-12,2026-01-15,,HR,Not Started
T-2846,Onboard rollout kickoff,Devon Park,Not Started,High,2026-05-02,2026-04-05,,Security,Not Started
T-2847,Negotiate training for legal review,Riley Kim,Done,Medium,2026-04-04,2026-01-19,2026-02-04,Marketing,Done
T-2848,Approve runbook v2,Marcus Tate,In Progress,Medium,2026-04-06,2026-02-10,,Sales,In Progress
T-2849,Test spec for executive sync,Sasha Mendel,In Progress,Medium,2026-03-22,2026-02-25,,Security,In Progress
T-2850,Negotiate checklist v2,Sasha Mendel,In Progress,Medium,2026-05-28,2026-04-09,,Security,Done
T-2851,Document rollout after incident #47,Maya Iwata,Done,Low,2026-04-28,2026-04-13,2026-04-15,Marketing,Done
T-2852,Migrate checklist kickoff,Owen Briggs,In Progress,Medium,2026-02-18,2026-01-04,,HR,In Progress
T-2853,Onboard policy consolidation,Erik Andersson,Done,High,2026-03-02,2026-01-16,2026-03-30,Sales,Done
T-2854,Plan framework in EU region,Priya Nair,In Progress,Medium,2026-04-29,2026-02-01,,Engineering,In Progress
T-2855,Launch spec after incident #47,Alex Wang,Not Started,High,2026-03-24,2026-02-13,,Engineering,Not Started
T-2856,Plan review in EU region,Wendy Lee,Not Started,Medium,2026-04-10,2026-03-13,,Finance,Not Started
T-2857,Validate audit for Q3,Lila Zheng,Not Started,Medium,2026-05-23,2026-03-14,,Product,Not Started
T-2858,Configure spec for executive sync,Maya Park,Not Started,High,2026-07-10,2026-03-31,,Engineering,Not Started
T-2859,Test service consolidation,Sasha Mendel,Done,Critical,2026-02-10,2026-01-24,2026-05-02,Security,Done
T-2860,Test rollout Q1,Priya Nair,Not Started,Low,2026-06-02,2026-03-18,,Engineering,Not Started
T-2861,Plan policy for Q3,Tara Okonkwo,Done,Medium,2026-04-06,2026-01-15,2026-04-28,Operations,Done
T-2862,Coordinate dashboard Q1,Erik Andersson,Blocked,Medium,2026-04-09,2026-02-13,,Sales,In Progress
T-2863,Approve rollout v2,Wendy Lee,In Progress,Low,2026-05-12,2026-03-08,,Finance,In Progress
T-2864,Audit training after incident #47,Lila Zheng,Done,Medium,2026-04-13,2026-02-24,2026-04-04,Product,Done
T-2865,Approve review Q1,Maya Park,Done,Medium,2026-03-30,2026-02-15,2026-04-12,Engineering,Done
T-2866,Onboard dashboard follow-up,Tara Okonkwo,In Progress,High,2026-05-25,2026-03-23,,Operations,In Progress
T-2867,Audit playbook v2,Carlos Vega,Not Started,Medium,2026-03-27,2026-01-30,,Marketing,Not Started
T-2868,Coordinate policy annual,Anita Rao,Done,Medium,2026-04-19,2026-01-31,2026-03-01,Finance,In Progress
T-2869,Update workflow for legal review,Sam Khoury,Done,Medium,2026-03-11,2026-02-02,2026-02-04,Engineering,In Progress
T-2870,Draft policy follow-up,Devon Reyes,Done,High,2026-04-05,2026-02-21,2026-04-06,Operations,Done
T-2871,Document policy in EU region,Lila Zheng,Done,Low,2026-06-29,2026-03-20,2026-04-03,Product,Done
T-2872,Review report for partners,Maya Iwata,Blocked,Low,2026-04-19,2026-03-01,,Marketing,Blocked
T-2873,Decommission rubric v2,Devon Reyes,Not Started,Medium,2026-07-23,2026-04-28,,Operations,Not Started
T-2874,Launch review after incident #47,Cara Singh,Blocked,Low,2026-06-21,2026-03-13,,Product,Blocked
T-2875,Update rubric for legal review,Devon Reyes,Done,High,2026-02-18,2026-01-17,2026-03-10,Operations,Done
T-2876,Configure runbook for Q3,Yumi Tanaka,Done,Critical,2026-05-02,2026-04-16,2026-04-16,Sales,Done
T-2877,Migrate migration kickoff,Devon Reyes,In Progress,High,2026-04-10,2026-03-14,,Operations,In Progress
T-2878,Refactor rollout after incident #47,Riley Kim,Done,High,2026-04-23,2026-02-08,2026-03-29,Marketing,Done
T-2879,Draft playbook in EU region,Carlos Vega,In Progress,High,2026-06-26,2026-04-03,,Marketing,In Progress
T-2880,Document pipeline after incident #47,Ben Hartley,Done,Low,2026-05-06,2026-04-18,2026-04-18,Product,Done
T-2881,Investigate integration wrap-up,Tara Okonkwo,In Progress,Medium,2026-04-08,2026-01-26,,Operations,In Progress
T-2882,Launch integration for partners,Riley Kim,Done,Low,2026-04-29,2026-03-13,2026-03-25,Marketing,Done
T-2883,Refactor service phase 2,Cara Singh,Not Started,High,2026-06-19,2026-03-17,,Product,Not Started
T-2884,Update framework phase 2,Yumi Tanaka,In Progress,Medium,2026-06-30,2026-04-28,,Sales,In Progress
T-2885,Review framework for new hires,Nina Patel,Not Started,Medium,2026-03-23,2026-02-18,,HR,Not Started
T-2886,Validate runbook in EU region,Anita Rao,Done,Medium,2026-04-16,2026-03-20,2026-04-01,Finance,Done
T-2887,Review integration Q1,Owen Briggs,Not Started,Medium,2026-05-29,2026-03-27,,HR,Not Started
T-2888,Coordinate dashboard follow-up,Owen Briggs,Blocked,Medium,2026-06-25,2026-04-25,,HR,Blocked
T-2889,Validate rubric consolidation,Anita Rao,Not Started,Medium,2026-03-19,2026-02-16,,Finance,Not Started
T-2890,Document pipeline for Q3,Priya Nair,Not Started,Medium,2026-05-02,2026-01-24,,Engineering,Not Started
T-2891,Decommission rollout wrap-up,Sasha Mendel,Done,High,2026-06-26,2026-04-13,2026-04-24,Security,Done
T-2892,Review report v2,Maya Iwata,In Progress,Medium,2026-03-08,2026-01-08,,Marketing,In Progress
T-2893,Negotiate playbook consolidation,Devon Reyes,Blocked,Medium,2026-03-02,2026-02-10,,Operations,Blocked
T-2894,Coordinate renewal annual,Cara Singh,In Progress,Medium,2026-06-16,2026-03-09,,Product,In Progress
T-2895,Test training for Q3,Wendy Lee,Done,High,2026-05-24,2026-02-27,2026-04-02,Finance,Done
T-2896,Plan training for executive sync,Nina Patel,Done,Medium,2026-04-03,2026-01-05,2026-03-25,HR,Done
T-2897,Draft spec annual,Jordan West,Done,Medium,2026-04-21,2026-03-19,2026-04-10,HR,Done
T-2898,Configure framework across teams,Ben Hartley,Not Started,Medium,2026-04-27,2026-02-14,,Product,Not Started
T-2899,Audit spec annual,Nina Patel,Not Started,High,2026-04-25,2026-02-15,,HR,Not Started
T-2900,Roll out report annual,Nina Patel,Done,High,2026-07-27,2026-04-29,2026-05-01,HR,In Progress
T-2901,Investigate service follow-up,Yumi Tanaka,In Progress,Critical,2026-04-04,2026-03-20,,Sales,Not Started
T-2902,Document workflow Q1,Priya Nair,In Progress,Medium,2026-04-23,2026-03-25,,Engineering,In Progress
T-2903,Approve campaign annual,Sasha Mendel,Done,Medium,2026-08-09,2026-05-02,2026-05-02,Security,Done
T-2904,Plan checklist across teams,Devon Park,Not Started,Medium,2026-05-02,2026-02-26,,Security,Not Started
T-2905,Investigate pipeline phase 2,Ben Hartley,Done,Low,2026-07-07,2026-04-30,2026-05-01,Product,Blocked
T-2906,Review integration kickoff,Devon Park,Not Started,Medium,2026-05-13,2026-03-21,,Security,Not Started
T-2907,Launch report for legal review,Maya Iwata,In Progress,Medium,2026-02-28,2026-01-04,,Marketing,In Progress
T-2908,Coordinate spec after incident #47,Maya Park,Done,Medium,2026-03-23,2026-01-08,2026-02-08,Engineering,Blocked
T-2909,Negotiate renewal for executive sync,Alex Wang,In Progress,Medium,2026-05-28,2026-03-26,,Engineering,In Progress
T-2910,Document workflow in EU region,James Liu,Not Started,Medium,2026-03-01,2026-02-15,,Operations,Not Started
T-2911,Coordinate campaign for new hires,Maya Park,Not Started,Low,2026-02-25,2026-01-07,,Engineering,Not Started
T-2912,Implement rollout for Q3,James Liu,Not Started,Medium,2026-03-26,2026-03-07,,Operations,Not Started
T-2913,Draft report across teams,Wendy Lee,In Progress,Low,2026-03-24,2026-01-15,,Finance,Done
T-2914,Test policy phase 2,Riley Kim,In Progress,Medium,2026-05-24,2026-04-14,,Marketing,In Progress
T-2915,Validate checklist for partners,Tara Okonkwo,Done,High,2026-03-13,2026-02-11,2026-04-24,Operations,Done
T-2916,Decommission integration wrap-up,Tara Okonkwo,In Progress,Medium,2026-03-09,2026-02-05,,Operations,In Progress
T-2917,Update training kickoff,Owen Briggs,Not Started,Medium,2026-03-27,2026-01-23,,HR,Not Started
T-2918,Configure spec for Q3,Tara Okonkwo,Done,Low,2026-02-10,2026-01-03,2026-04-26,Operations,Done
T-2919,Investigate policy in EU region,Carlos Vega,Blocked,Low,2026-04-26,2026-04-02,,Marketing,Blocked
T-2920,Audit review wrap-up,Yumi Tanaka,Not Started,Medium,2026-03-11,2026-01-08,,Sales,Not Started
T-2921,Negotiate rollout for new hires,Devon Park,Done,Medium,2026-01-31,2026-01-15,2026-02-26,Security,Blocked
T-2922,Audit audit for new hires,Ben Hartley,In Progress,Low,2026-05-19,2026-04-19,,Product,Not Started
T-2923,Draft service follow-up,Carlos Vega,In Progress,High,2026-06-02,2026-04-12,,Marketing,In Progress
T-2924,Negotiate audit annual,Carlos Vega,Done,Low,2026-06-28,2026-04-12,2026-04-16,Marketing,In Progress
T-2925,Configure runbook v2,Maya Chen,Done,Medium,2026-05-02,2026-02-12,2026-04-11,Product,Done
T-2926,Negotiate training phase 2,Sasha Mendel,Done,Medium,2026-06-09,2026-04-28,2026-05-01,Security,Done
T-2927,Draft playbook for partners,Lila Zheng,Not Started,Medium,2026-05-18,2026-03-25,,Product,Not Started
T-2928,Migrate migration for new hires,Ben Hartley,Done,Medium,2026-05-19,2026-05-01,2026-05-01,Product,Done
T-2929,Migrate review Q1,James Liu,Done,Medium,2026-03-09,2026-01-05,2026-04-06,Operations,Done
T-2930,Refactor playbook after incident #47,Devon Park,In Progress,Medium,2026-04-20,2026-03-30,,Security,In Progress
T-2931,Onboard dashboard follow-up,James Liu,Done,Medium,2026-08-02,2026-04-29,2026-04-29,Operations,Blocked
T-2932,Approve service annual,Jordan West,Done,High,2026-05-15,2026-02-21,2026-04-23,HR,Done
T-2933,Audit runbook v2,Jordan West,Done,Low,2026-03-15,2026-02-09,2026-04-26,HR,Done
T-2934,Roll out rubric after incident #47,Devon Reyes,Blocked,Medium,2026-04-16,2026-01-07,,Operations,Blocked
T-2935,Draft pipeline phase 2,Devon Reyes,Not Started,Medium,2026-05-02,2026-04-04,,Operations,Not Started
T-2936,Draft campaign phase 2,Cara Singh,Not Started,Medium,2026-04-25,2026-02-25,,Product,Not Started
T-2937,Review rollout phase 2,Anita Rao,Not Started,Medium,2026-03-29,2026-02-05,,Finance,Not Started
T-2938,Onboard integration consolidation,Cara Singh,Blocked,Medium,2026-04-22,2026-02-14,,Product,Blocked
T-2939,Draft training for partners,Owen Briggs,Done,Low,2026-06-11,2026-03-20,2026-04-28,HR,Done
T-2940,Audit rubric for Q3,Sasha Mendel,Blocked,Low,2026-06-06,2026-04-19,,Security,Blocked
T-2941,Validate migration phase 2,Tara Okonkwo,Blocked,Medium,2026-04-29,2026-01-17,,Operations,In Progress
T-2942,Document rubric follow-up,Ben Hartley,In Progress,High,2026-03-21,2026-02-25,,Product,In Progress
T-2943,Test rubric phase 2,Erik Andersson,Done,Low,2026-04-14,2026-01-10,2026-02-14,Sales,Done
T-2944,Plan checklist after incident #47,Devon Park,In Progress,Medium,2026-03-23,2026-02-10,,Security,In Progress
T-2945,Test review follow-up,Marcus Tate,In Progress,Low,2026-03-14,2026-02-25,,Sales,Not Started
T-2946,Refactor rollout for new hires,Lila Zheng,Done,Medium,2026-06-29,2026-03-25,2026-03-30,Product,Done
T-2947,Refactor rollout wrap-up,Anita Rao,Done,Medium,2026-04-06,2026-01-08,2026-01-10,Finance,Done
T-2948,Onboard integration v2,Sasha Mendel,Done,Medium,2026-02-20,2026-02-03,2026-02-10,Security,Done
T-2949,Refactor pipeline consolidation,Maya Chen,Done,Medium,2026-05-14,2026-02-01,2026-02-01,Product,Done
T-2950,Investigate dashboard follow-up,Tara Okonkwo,Done,Medium,2026-03-05,2026-02-13,2026-04-23,Operations,Done
T-2951,Audit checklist across teams,Nina Patel,Not Started,Medium,2026-06-06,2026-04-21,,HR,Not Started
T-2952,Configure dashboard wrap-up,Sasha Mendel,Done,Medium,2026-04-19,2026-02-19,2026-03-02,Security,Done
T-2953,Onboard integration for legal review,Anita Rao,Not Started,Medium,2026-04-25,2026-02-09,,Finance,Not Started
T-2954,Plan runbook Q1,Marcus Tate,Done,Medium,2026-05-22,2026-02-21,2026-04-26,Sales,Done
T-2955,Plan runbook phase 2,Riley Kim,Done,High,2026-04-20,2026-01-19,2026-03-14,Marketing,In Progress
T-2956,Decommission renewal for Q3,Wendy Lee,Not Started,Low,2026-06-28,2026-04-27,,Finance,Not Started
T-2957,Optimize playbook for executive sync,Priya Nair,Not Started,High,2026-04-04,2026-03-12,,Engineering,Not Started
T-2958,Review playbook across teams,Marcus Tate,Not Started,High,2026-04-06,2026-03-12,,Sales,Not Started
T-2959,Draft service across teams,Anita Rao,Not Started,Low,2026-05-19,2026-02-09,,Finance,Not Started
T-2960,Review service for executive sync,Anita Rao,Not Started,Medium,2026-05-04,2026-03-24,,Finance,Not Started
T-2961,Optimize playbook consolidation,Sasha Mendel,In Progress,Medium,2026-02-12,2026-01-28,,Security,In Progress
T-2962,Approve campaign for Q3,Sasha Mendel,Not Started,Low,2026-05-04,2026-02-24,,Security,Not Started
T-2963,Review rollout for Q3,James Liu,Not Started,Critical,2026-04-04,2026-01-31,,Operations,Not Started
T-2964,Migrate training after incident #47,Alex Wang,In Progress,Medium,2026-02-16,2026-01-22,,Engineering,In Progress
T-2965,Roll out migration follow-up,Erik Andersson,Not Started,Low,2026-07-14,2026-05-01,,Sales,Not Started
T-2966,Approve runbook consolidation,Devon Park,Not Started,Medium,2026-03-04,2026-01-05,,Security,Not Started
T-2967,Investigate service wrap-up,Jordan West,In Progress,High,2026-05-12,2026-02-09,,HR,In Progress
T-2968,Configure review consolidation,Erik Andersson,Done,Medium,2026-04-22,2026-01-12,2026-04-13,Sales,Done
T-2969,Plan checklist wrap-up,Marcus Tate,In Progress,High,2026-05-14,2026-03-17,,Sales,In Progress
T-2970,Audit rubric after incident #47,Maya Park,Not Started,Medium,2026-07-03,2026-04-10,,Engineering,Not Started
T-2971,Coordinate rubric annual,Ben Hartley,In Progress,Medium,2026-02-02,2026-01-11,,Product,In Progress
T-2972,Draft migration across teams,Maya Iwata,Done,High,2026-03-08,2026-01-03,2026-01-21,Marketing,Done
T-2973,Migrate campaign wrap-up,Marcus Tate,In Progress,Medium,2026-06-04,2026-03-25,,Sales,In Progress
T-2974,Document playbook wrap-up,Cara Singh,Not Started,Medium,2026-04-14,2026-03-03,,Product,Not Started
T-2975,Launch policy across teams,Riley Kim,Done,High,2026-06-01,2026-04-23,2026-04-27,Marketing,Done
T-2976,Document playbook wrap-up,Ben Hartley,Done,Low,2026-02-06,2026-01-06,2026-02-21,Product,Blocked
T-2977,Roll out audit in EU region,Jordan West,Not Started,Medium,2026-06-15,2026-03-06,,HR,Not Started
T-2978,Review service wrap-up,Devon Reyes,Blocked,Medium,2026-02-20,2026-01-11,,Operations,Blocked
T-2979,Approve campaign in EU region,Devon Reyes,Not Started,High,2026-06-14,2026-04-09,,Operations,Not Started
T-2980,Review rollout for executive sync,Nina Patel,Done,Low,2026-03-15,2026-02-26,2026-04-10,HR,Done
T-2981,Plan pipeline consolidation,Maya Iwata,Done,Low,2026-04-05,2026-03-17,2026-03-29,Marketing,Done
T-2982,Optimize migration for Q3,Priya Nair,Done,Medium,2026-04-04,2026-01-22,2026-03-08,Engineering,Done
T-2983,Approve playbook consolidation,Wendy Lee,Done,Medium,2026-06-02,2026-03-31,2026-04-02,Finance,In Progress
T-2984,Migrate rollout for Q3,Cara Singh,In Progress,Medium,2026-02-28,2026-02-07,,Product,In Progress
T-2985,Approve checklist follow-up,Devon Park,Blocked,Medium,2026-06-20,2026-04-01,,Security,Blocked
T-2986,Validate rollout annual,Sasha Mendel,Blocked,Medium,2026-05-24,2026-02-16,,Security,In Progress
T-2987,Onboard rollout for executive sync,Riley Kim,Done,Medium,2026-06-15,2026-03-30,2026-04-02,Marketing,Done
T-2988,Test service across teams,Carlos Vega,In Progress,Medium,2026-04-05,2026-02-18,,Marketing,Not Started
T-2989,Onboard rollout wrap-up,Devon Reyes,Done,High,2026-05-01,2026-04-01,2026-04-03,Operations,Done
T-2990,Implement training after incident #47,Tara Okonkwo,In Progress,Medium,2026-05-13,2026-02-24,,Operations,In Progress
T-2991,Negotiate rollout across teams,Anita Rao,Not Started,Low,2026-06-16,2026-04-10,,Finance,Not Started
T-2992,Approve runbook kickoff,Jordan West,In Progress,Medium,2026-06-10,2026-04-18,,HR,In Progress
T-2993,Implement playbook for new hires,Priya Nair,In Progress,High,2026-05-03,2026-03-06,,Engineering,In Progress
T-2994,Update spec for executive sync,Maya Park,Not Started,Medium,2026-03-13,2026-02-24,,Engineering,Not Started
T-2995,Test review kickoff,Devon Reyes,In Progress,Critical,2026-06-03,2026-04-28,,Operations,Not Started
T-2996,Investigate framework wrap-up,Devon Park,In Progress,Medium,2026-05-13,2026-02-07,,Security,In Progress
T-2997,Draft training after incident #47,Erik Andersson,In Progress,High,2026-03-23,2026-01-06,,Sales,In Progress
T-2998,Test framework in EU region,Jordan Bell,In Progress,High,2026-02-19,2026-01-24,,Engineering,In Progress
T-2999,Approve migration kickoff,Carlos Vega,Done,Medium,2026-07-06,2026-04-01,2026-04-17,Marketing,In Progress
T-3000,Plan review wrap-up,Maya Iwata,Not Started,Medium,2026-05-28,2026-03-07,,Marketing,Not Started
T-3001,Approve rollout for new hires,Erik Andersson,Done,Medium,2026-05-20,2026-04-21,2026-04-23,Sales,Done
T-3002,Plan service Q1,Lila Zheng,Done,Medium,2026-02-08,2026-01-11,2026-01-11,Product,Done
T-3003,Coordinate training for partners,Devon Park,Done,High,2026-05-17,2026-03-17,2026-03-25,Security,Done
T-3004,Test rollout for new hires,Priya Nair,In Progress,High,2026-03-13,2026-02-26,,Engineering,In Progress
T-3005,Update rollout v2,Riley Kim,In Progress,Medium,2026-02-15,2026-01-22,,Marketing,In Progress
T-3006,Negotiate integration follow-up,Anita Rao,In Progress,Low,2026-02-10,2026-01-24,,Finance,In Progress
T-3007,Roll out rubric for partners,Priya Nair,Done,Low,2026-05-06,2026-02-07,2026-04-28,Engineering,Done
T-3008,Review runbook for executive sync,Maya Chen,Done,Medium,2026-04-26,2026-01-21,2026-03-30,Product,Done
T-3009,Review audit for executive sync,Nina Patel,Done,High,2026-03-10,2026-02-16,2026-03-23,HR,Done
T-3010,Plan training for legal review,James Liu,Not Started,Medium,2026-06-05,2026-04-02,,Operations,Not Started
T-3011,Draft review for executive sync,Owen Briggs,In Progress,Medium,2026-05-28,2026-04-14,,HR,In Progress
T-3012,Investigate campaign for Q3,Cara Singh,Done,Medium,2026-03-22,2026-01-07,2026-01-20,Product,In Progress
T-3013,Coordinate pipeline annual,Wendy Lee,In Progress,Medium,2026-05-03,2026-02-19,,Finance,In Progress
T-3014,Migrate campaign phase 2,Jordan West,Not Started,Medium,2026-06-25,2026-03-25,,HR,Not Started
T-3015,Validate spec for legal review,Anita Rao,In Progress,Low,2026-03-14,2026-02-21,,Finance,In Progress
T-3016,Coordinate playbook after incident #47,Tara Okonkwo,In Progress,Low,2026-04-16,2026-01-18,,Operations,In Progress
T-3017,Test workflow across teams,Cara Singh,Done,Medium,2026-04-05,2026-03-10,2026-04-24,Product,Done
T-3018,Implement pipeline for legal review,Alex Wang,In Progress,Medium,2026-07-27,2026-04-28,,Engineering,In Progress
T-3019,Refactor runbook wrap-up,Carlos Vega,Blocked,High,2026-05-15,2026-03-14,,Marketing,Blocked
T-3020,Investigate renewal annual,Wendy Lee,Done,High,2026-06-05,2026-03-18,2026-04-28,Finance,Done
T-3021,Test report after incident #47,Devon Reyes,Not Started,High,2026-03-04,2026-02-09,,Operations,Not Started
T-3022,Implement renewal after incident #47,Maya Iwata,In Progress,Medium,2026-05-28,2026-03-31,,Marketing,Not Started
T-3023,Validate rollout phase 2,Riley Kim,Blocked,High,2026-02-08,2026-01-10,,Marketing,In Progress
T-3024,Plan training for legal review,Sasha Mendel,Not Started,Medium,2026-05-08,2026-04-13,,Security,Not Started
T-3025,Update rollout v2,Ben Hartley,Done,High,2026-04-22,2026-01-18,2026-03-05,Product,Done
T-3026,Review runbook annual,Ben Hartley,Blocked,Critical,2026-01-30,2026-01-05,,Product,Blocked
T-3027,Decommission migration consolidation,Wendy Lee,Done,Medium,2026-04-13,2026-01-27,2026-04-11,Finance,Done
T-3028,Review renewal for new hires,Anita Rao,Done,High,2026-05-20,2026-03-05,2026-03-17,Finance,Done
T-3029,Audit migration for executive sync,Yumi Tanaka,In Progress,Medium,2026-04-21,2026-04-03,,Sales,Done
T-3030,Onboard campaign across teams,Wendy Lee,In Progress,High,2026-05-08,2026-04-23,,Finance,In Progress
T-3031,Refactor review for partners,Ben Hartley,Blocked,Low,2026-03-11,2026-01-09,,Product,Blocked
T-3032,Negotiate rubric kickoff,Nina Patel,Done,Medium,2026-04-20,2026-04-03,2026-04-08,HR,Done
T-3033,Launch audit annual,Nina Patel,Blocked,Medium,2026-04-30,2026-03-31,,HR,Blocked
T-3034,Roll out integration for partners,Maya Chen,Not Started,Medium,2026-03-27,2026-03-09,,Product,Not Started
T-3035,Configure report for Q3,Lila Zheng,Done,Medium,2026-02-27,2026-01-05,2026-03-13,Product,Done
T-3036,Refactor renewal annual,Carlos Vega,Done,Critical,2026-05-24,2026-04-29,2026-05-02,Marketing,Done
T-3037,Approve service wrap-up,Jordan West,Blocked,Critical,2026-02-27,2026-01-13,,HR,Blocked
T-3038,Validate report follow-up,Anita Rao,Done,High,2026-03-03,2026-01-21,2026-04-02,Finance,Blocked
T-3039,Configure renewal kickoff,Tara Okonkwo,Done,Medium,2026-05-01,2026-03-04,2026-04-22,Operations,Done
T-3040,Approve policy v2,Carlos Vega,In Progress,Low,2026-06-19,2026-03-19,,Marketing,Not Started
T-3041,Draft workflow for Q3,Yumi Tanaka,In Progress,Critical,2026-03-12,2026-01-07,,Sales,Not Started
T-3042,Audit playbook in EU region,Erik Andersson,In Progress,Low,2026-08-09,2026-05-02,,Sales,In Progress
T-3043,Document rubric in EU region,Jordan West,Done,Low,2026-05-22,2026-02-11,2026-02-17,HR,Blocked
T-3044,Configure integration annual,Devon Park,In Progress,Low,2026-07-20,2026-04-20,,Security,Not Started
T-3045,Validate policy consolidation,Cara Singh,Done,Medium,2026-04-10,2026-02-06,2026-04-03,Product,In Progress
T-3046,Review migration annual,Tara Okonkwo,In Progress,Medium,2026-06-06,2026-03-29,,Operations,Not Started
T-3047,Audit framework for Q3,Maya Iwata,Not Started,Medium,2026-05-29,2026-04-01,,Marketing,Not Started
T-3048,Roll out runbook for legal review,Devon Park,In Progress,Medium,2026-07-07,2026-04-27,,Security,In Progress
T-3049,Audit runbook wrap-up,Maya Chen,In Progress,Medium,2026-03-14,2026-02-04,,Product,In Progress
T-3050,Optimize migration wrap-up,Devon Reyes,Not Started,Medium,2026-02-08,2026-01-14,,Operations,Not Started
T-3051,Update workflow follow-up,Jordan West,Done,Medium,2026-04-25,2026-03-25,2026-04-25,HR,Blocked
T-3052,Configure pipeline follow-up,Jordan Bell,Done,Medium,2026-05-28,2026-03-21,2026-04-08,Engineering,In Progress
T-3053,Launch report wrap-up,Marcus Tate,Done,High,2026-06-02,2026-03-21,2026-04-08,Sales,Done
T-3054,Approve service across teams,Sasha Mendel,Not Started,Medium,2026-07-26,2026-04-26,,Security,Not Started
T-3055,Migrate spec Q1,Wendy Lee,In Progress,High,2026-03-23,2026-01-30,,Finance,In Progress
T-3056,Roll out renewal consolidation,Nina Patel,In Progress,Low,2026-06-03,2026-05-01,,HR,In Progress
T-3057,Test campaign for new hires,Lila Zheng,In Progress,Medium,2026-05-02,2026-02-16,,Product,In Progress
T-3058,Update policy for new hires,Marcus Tate,Done,Medium,2026-07-20,2026-04-26,2026-04-27,Sales,Blocked
T-3059,Plan integration after incident #47,Sasha Mendel,Blocked,Medium,2026-04-04,2026-03-13,,Security,Blocked
T-3060,Approve migration for new hires,Maya Chen,In Progress,Medium,2026-05-16,2026-04-23,,Product,In Progress
T-3061,Document framework v2,Tara Okonkwo,Done,Medium,2026-03-31,2026-03-11,2026-03-11,Operations,Done
T-3062,Roll out review kickoff,Devon Park,Not Started,Medium,2026-06-10,2026-04-07,,Security,Not Started
T-3063,Migrate migration for partners,Devon Park,Done,Low,2026-04-18,2026-01-13,2026-02-21,Security,Done
T-3064,Validate integration in EU region,Marcus Tate,In Progress,Low,2026-04-06,2026-02-27,,Sales,In Progress
T-3065,Optimize audit phase 2,Maya Park,Not Started,Low,2026-06-05,2026-03-03,,Engineering,Not Started
T-3066,Decommission checklist for Q3,Carlos Vega,Not Started,High,2026-04-20,2026-03-22,,Marketing,Not Started
T-3067,Investigate checklist for partners,James Liu,Done,Low,2026-05-23,2026-04-11,2026-04-27,Operations,In Progress
T-3068,Roll out campaign for new hires,Devon Park,In Progress,High,2026-06-27,2026-04-01,,Security,In Progress
T-3069,Investigate dashboard follow-up,Devon Reyes,Done,Medium,2026-05-12,2026-02-12,2026-02-18,Operations,Done
T-3070,Draft report for legal review,Cara Singh,In Progress,Medium,2026-05-17,2026-02-22,,Product,In Progress
T-3071,Audit workflow in EU region,Devon Park,Not Started,High,2026-04-17,2026-03-17,,Security,Not Started
T-3072,Onboard runbook phase 2,James Liu,Not Started,Medium,2026-03-09,2026-01-25,,Operations,Not Started
T-3073,Onboard pipeline v2,James Liu,Done,Low,2026-06-17,2026-04-02,2026-04-30,Operations,Done
T-3074,Roll out workflow v2,Priya Nair,In Progress,Medium,2026-05-23,2026-02-14,,Engineering,In Progress
T-3075,Plan service Q1,Yumi Tanaka,Done,Low,2026-04-08,2026-03-21,2026-04-06,Sales,Done
T-3076,Roll out campaign kickoff,Maya Iwata,Not Started,Medium,2026-05-15,2026-04-01,,Marketing,Not Started
T-3077,Negotiate workflow for new hires,Devon Park,Not Started,Medium,2026-06-26,2026-03-27,,Security,Not Started
T-3078,Configure policy v2,Maya Park,Done,Low,2026-07-03,2026-03-30,2026-04-16,Engineering,Done
T-3079,Investigate integration for executive sync,Sasha Mendel,Done,High,2026-06-02,2026-03-19,2026-04-22,Security,Blocked
T-3080,Roll out rubric across teams,Anita Rao,In Progress,High,2026-04-17,2026-02-18,,Finance,Not Started
T-3081,Review rubric for Q3,Erik Andersson,Not Started,Medium,2026-07-28,2026-04-24,,Sales,Not Started
T-3082,Review workflow for partners,Devon Reyes,Not Started,Low,2026-06-08,2026-03-28,,Operations,Not Started
T-3083,Launch rollout phase 2,Erik Andersson,In Progress,Medium,2026-06-18,2026-03-07,,Sales,In Progress
T-3084,Draft migration phase 2,Carlos Vega,Done,Low,2026-04-27,2026-01-25,2026-03-25,Marketing,Blocked
T-3085,Document rubric phase 2,Owen Briggs,In Progress,Low,2026-06-08,2026-03-18,,HR,Done
T-3086,Update report Q1,Jordan West,In Progress,Medium,2026-06-06,2026-04-23,,HR,In Progress
T-3087,Investigate campaign for new hires,Cara Singh,Not Started,Medium,2026-05-03,2026-03-06,,Product,Not Started
T-3088,Roll out service for executive sync,James Liu,Blocked,Medium,2026-05-11,2026-03-06,,Operations,Blocked
T-3089,Plan policy Q1,Jordan Bell,In Progress,Low,2026-05-10,2026-04-21,,Engineering,In Progress
T-3090,Plan rubric after incident #47,James Liu,Not Started,Medium,2026-04-01,2026-01-17,,Operations,Not Started
T-3091,Configure policy phase 2,Maya Chen,In Progress,Medium,2026-03-06,2026-01-24,,Product,In Progress
T-3092,Implement rollout in EU region,Owen Briggs,Done,High,2026-05-18,2026-04-18,2026-04-24,HR,In Progress
T-3093,Update integration consolidation,Marcus Tate,Blocked,High,2026-04-30,2026-03-06,,Sales,Blocked
T-3094,Approve framework kickoff,Sam Khoury,Not Started,Medium,2026-04-09,2026-01-22,,Engineering,Not Started
T-3095,Decommission review after incident #47,Yumi Tanaka,Not Started,High,2026-05-26,2026-03-26,,Sales,Not Started
T-3096,Optimize checklist across teams,Marcus Tate,Blocked,Critical,2026-04-15,2026-01-25,,Sales,Blocked
T-3097,Negotiate checklist wrap-up,Maya Park,In Progress,Medium,2026-05-12,2026-03-04,,Engineering,In Progress
T-3098,Test spec annual,Maya Iwata,In Progress,Medium,2026-05-27,2026-03-28,,Marketing,In Progress
T-3099,Plan pipeline Q1,Anita Rao,In Progress,High,2026-05-10,2026-02-24,,Finance,In Progress
T-3100,Implement rollout for executive sync,Ben Hartley,Not Started,Medium,2026-04-02,2026-03-09,,Product,Not Started
T-3101,Decommission framework v2,Jordan West,In Progress,Medium,2026-05-09,2026-04-22,,HR,In Progress
T-3102,Audit policy annual,James Liu,Not Started,Medium,2026-07-28,2026-04-18,,Operations,Not Started
T-3103,Refactor rollout phase 2,Maya Chen,Done,Medium,2026-07-07,2026-04-21,2026-04-28,Product,Done
T-3104,Coordinate dashboard for partners,Sam Khoury,In Progress,Medium,2026-04-08,2026-03-21,,Engineering,Not Started
T-3105,Plan report v2,James Liu,Done,Medium,2026-04-22,2026-02-23,2026-03-06,Operations,Done
T-3106,Draft campaign kickoff,Ben Hartley,Not Started,Medium,2026-04-08,2026-03-04,,Product,Not Started
T-3107,Refactor pipeline for legal review,James Liu,Not Started,Critical,2026-06-05,2026-03-05,,Operations,Not Started
T-3108,Implement campaign wrap-up,James Liu,In Progress,Medium,2026-03-27,2026-02-15,,Operations,In Progress
T-3109,Test migration for partners,Devon Park,In Progress,Low,2026-02-23,2026-01-03,,Security,In Progress
T-3110,Roll out framework after incident #47,Jordan Bell,Done,Medium,2026-05-15,2026-02-27,2026-04-02,Engineering,Done
T-3111,Launch rollout follow-up,Riley Kim,Not Started,Medium,2026-04-29,2026-02-23,,Marketing,Not Started
T-3112,Implement migration wrap-up,James Liu,Done,Medium,2026-04-28,2026-04-03,2026-04-17,Operations,Done
T-3113,Investigate integration wrap-up,Riley Kim,In Progress,Critical,2026-07-11,2026-04-09,,Marketing,In Progress
T-3114,Update policy for new hires,Cara Singh,In Progress,Medium,2026-04-10,2026-03-19,,Product,Not Started
T-3115,Roll out integration for new hires,James Liu,In Progress,Medium,2026-03-18,2026-01-25,,Operations,In Progress
T-3116,Coordinate runbook for legal review,Maya Chen,In Progress,High,2026-05-28,2026-03-12,,Product,In Progress
T-3117,Onboard framework after incident #47,Sasha Mendel,Not Started,Low,2026-04-11,2026-01-13,,Security,Not Started
T-3118,Onboard migration phase 2,Tara Okonkwo,In Progress,Low,2026-02-22,2026-02-07,,Operations,In Progress
T-3119,Test spec kickoff,Erik Andersson,Done,Medium,2026-05-14,2026-03-17,2026-04-15,Sales,Done
T-3120,Roll out integration phase 2,Maya Chen,In Progress,High,2026-05-03,2026-03-11,,Product,In Progress
T-3121,Audit report for new hires,Wendy Lee,Done,Medium,2026-07-15,2026-04-27,2026-05-01,Finance,Done
T-3122,Draft runbook after incident #47,Erik Andersson,In Progress,High,2026-05-26,2026-02-28,,Sales,In Progress
T-3123,Migrate dashboard after incident #47,Maya Iwata,Not Started,Medium,2026-04-08,2026-02-10,,Marketing,Not Started
T-3124,Investigate spec kickoff,Wendy Lee,Not Started,Low,2026-05-01,2026-04-03,,Finance,Not Started
T-3125,Onboard integration v2,Wendy Lee,In Progress,High,2026-03-13,2026-02-23,,Finance,In Progress
T-3126,Refactor training in EU region,Sam Khoury,Not Started,Medium,2026-05-04,2026-04-11,,Engineering,Not Started
T-3127,Roll out dashboard for executive sync,Riley Kim,In Progress,Medium,2026-04-10,2026-01-20,,Marketing,In Progress
T-3128,Roll out service for Q3,James Liu,Not Started,Low,2026-04-07,2026-01-28,,Operations,Not Started
T-3129,Review runbook across teams,Sasha Mendel,In Progress,High,2026-02-27,2026-01-17,,Security,In Progress
T-3130,Validate pipeline for legal review,James Liu,Done,Low,2026-04-12,2026-02-25,2026-03-14,Operations,In Progress
T-3131,Test rollout wrap-up,Erik Andersson,In Progress,Critical,2026-07-30,2026-04-21,,Sales,In Progress
T-3132,Coordinate review annual,Wendy Lee,Done,Medium,2026-04-22,2026-02-01,2026-04-12,Finance,Done
T-3133,Investigate rollout for Q3,Maya Park,In Progress,Low,2026-05-03,2026-03-09,,Engineering,In Progress
T-3134,Optimize policy phase 2,Maya Park,Done,Medium,2026-07-20,2026-04-20,2026-04-23,Engineering,Done
T-3135,Decommission rollout for partners,Yumi Tanaka,Done,Medium,2026-05-23,2026-03-19,2026-03-19,Sales,Done
T-3136,Decommission playbook annual,Devon Park,In Progress,Low,2026-05-16,2026-02-19,,Security,In Progress
T-3137,Review migration for legal review,Maya Iwata,Done,Medium,2026-03-13,2026-02-01,2026-02-01,Marketing,Done
T-3138,Refactor checklist Q1,Jordan West,Done,Low,2026-04-23,2026-02-02,2026-04-09,HR,Done
T-3139,Onboard integration for legal review,James Liu,Blocked,Low,2026-04-21,2026-02-04,,Operations,Blocked
T-3140,Decommission checklist kickoff,Marcus Tate,Done,Medium,2026-04-13,2026-02-18,2026-02-21,Sales,Done
T-3141,Configure runbook follow-up,Yumi Tanaka,Done,Medium,2026-04-22,2026-03-07,2026-04-30,Sales,Done
T-3142,Decommission rollout annual,Ben Hartley,Done,Medium,2026-07-01,2026-04-21,2026-04-24,Product,Done
T-3143,Document report Q1,Devon Park,In Progress,Medium,2026-06-17,2026-04-28,,Security,In Progress
T-3144,Test campaign kickoff,Devon Park,Done,High,2026-06-20,2026-04-17,2026-04-23,Security,Done
T-3145,Optimize integration after incident #47,Carlos Vega,Done,Medium,2026-04-16,2026-03-18,2026-04-01,Marketing,Done
T-3146,Coordinate renewal wrap-up,Jordan West,Not Started,High,2026-07-06,2026-04-01,,HR,Not Started
T-3147,Negotiate rubric wrap-up,Carlos Vega,Blocked,Medium,2026-06-20,2026-03-27,,Marketing,Blocked
T-3148,Update rollout in EU region,Yumi Tanaka,Done,Medium,2026-04-11,2026-01-09,2026-03-29,Sales,In Progress
T-3149,Plan audit for partners,Priya Nair,In Progress,Medium,2026-04-29,2026-03-26,,Engineering,In Progress
T-3150,Optimize migration for Q3,Nina Patel,Blocked,Low,2026-05-23,2026-04-04,,HR,In Progress
T-3151,Draft rollout consolidation,Nina Patel,In Progress,Medium,2026-03-16,2026-02-11,,HR,In Progress
T-3152,Optimize training in EU region,Devon Reyes,In Progress,High,2026-06-13,2026-03-08,,Operations,In Progress
T-3153,Plan campaign for new hires,Lila Zheng,Not Started,Medium,2026-07-11,2026-04-23,,Product,Not Started
T-3154,Migrate audit kickoff,Jordan West,In Progress,Low,2026-03-10,2026-01-09,,HR,In Progress
T-3155,Test pipeline for Q3,Anita Rao,Not Started,Medium,2026-03-14,2026-02-15,,Finance,Not Started
T-3156,Coordinate review for executive sync,Riley Kim,Done,Medium,2026-01-19,2026-01-03,2026-03-12,Marketing,In Progress
T-3157,Optimize migration kickoff,Marcus Tate,In Progress,Medium,2026-02-02,2026-01-13,,Sales,In Progress
T-3158,Audit spec annual,James Liu,Done,Low,2026-05-07,2026-03-27,2026-04-30,Operations,Done
T-3159,Test report in EU region,Lila Zheng,Not Started,Medium,2026-04-30,2026-04-14,,Product,Not Started
T-3160,Validate playbook wrap-up,Devon Reyes,In Progress,Medium,2026-05-19,2026-03-24,,Operations,In Progress
T-3161,Validate checklist phase 2,Ben Hartley,Blocked,High,2026-03-16,2026-01-19,,Product,Blocked
T-3162,Test review for executive sync,Lila Zheng,Done,High,2026-05-07,2026-03-12,2026-04-28,Product,Done
T-3163,Optimize pipeline wrap-up,Owen Briggs,Not Started,Medium,2026-04-11,2026-03-28,,HR,Not Started
T-3164,Optimize workflow across teams,Maya Park,Not Started,High,2026-02-14,2026-01-21,,Engineering,Not Started
T-3165,Negotiate spec follow-up,Alex Wang,In Progress,Medium,2026-03-11,2026-02-20,,Engineering,In Progress
T-3166,Document dashboard annual,Tara Okonkwo,In Progress,Medium,2026-06-14,2026-04-05,,Operations,In Progress
T-3167,Plan campaign wrap-up,Devon Reyes,In Progress,Critical,2026-05-01,2026-01-23,,Operations,In Progress
T-3168,Validate spec v2,Yumi Tanaka,Not Started,High,2026-07-04,2026-04-23,,Sales,Not Started
T-3169,Document renewal after incident #47,Priya Nair,Done,Medium,2026-04-09,2026-01-10,2026-03-27,Engineering,In Progress
T-3170,Coordinate service wrap-up,Lila Zheng,In Progress,High,2026-02-26,2026-01-23,,Product,In Progress
T-3171,Migrate rollout Q1,Sasha Mendel,Done,Low,2026-06-09,2026-05-02,2026-05-02,Security,Done
T-3172,Onboard renewal follow-up,James Liu,In Progress,Medium,2026-05-18,2026-02-21,,Operations,In Progress
T-3173,Plan report consolidation,Wendy Lee,In Progress,Medium,2026-07-07,2026-04-04,,Finance,In Progress
T-3174,Launch spec follow-up,Devon Park,In Progress,High,2026-03-02,2026-02-16,,Security,In Progress
T-3175,Approve policy for executive sync,Maya Chen,Done,Medium,2026-06-12,2026-04-25,2026-04-26,Product,Done
T-3176,Decommission rubric follow-up,Marcus Tate,Not Started,Medium,2026-04-14,2026-03-03,,Sales,Not Started
T-3177,Test report annual,Maya Park,In Progress,Critical,2026-02-18,2026-01-13,,Engineering,In Progress
T-3178,Negotiate renewal annual,Devon Reyes,Not Started,High,2026-06-02,2026-04-01,,Operations,Not Started
T-3179,Optimize campaign after incident #47,Jordan Bell,Not Started,Low,2026-07-09,2026-04-02,,Engineering,Not Started
T-3180,Investigate framework for partners,Erik Andersson,Blocked,Medium,2026-05-24,2026-03-05,,Sales,Blocked
T-3181,Configure rollout for Q3,Devon Park,Not Started,Medium,2026-04-11,2026-02-14,,Security,Not Started
T-3182,Roll out playbook across teams,Jordan West,Done,Medium,2026-07-06,2026-04-08,2026-04-19,HR,Blocked
T-3183,Configure pipeline Q1,Nina Patel,Done,Low,2026-05-07,2026-04-15,2026-04-20,HR,Done
T-3184,Onboard review for legal review,Jordan Bell,Not Started,Low,2026-05-24,2026-04-18,,Engineering,Not Started
T-3185,Investigate renewal annual,Anita Rao,Not Started,Medium,2026-04-27,2026-02-13,,Finance,Not Started
T-3186,Refactor spec annual,Lila Zheng,Done,Medium,2026-05-31,2026-04-06,2026-04-12,Product,Done
T-3187,Audit integration across teams,Sasha Mendel,In Progress,Medium,2026-05-19,2026-03-13,,Security,In Progress
T-3188,Optimize integration for Q3,Devon Park,In Progress,Low,2026-06-06,2026-05-01,,Security,In Progress
T-3189,Optimize migration after incident #47,Maya Chen,In Progress,Medium,2026-07-11,2026-04-23,,Product,In Progress
T-3190,Approve migration v2,Tara Okonkwo,In Progress,Critical,2026-05-20,2026-02-28,,Operations,In Progress
T-3191,Refactor policy Q1,Marcus Tate,In Progress,Medium,2026-02-12,2026-01-28,,Sales,In Progress
T-3192,Onboard checklist annual,Priya Nair,Done,Medium,2026-05-30,2026-03-14,2026-04-02,Engineering,Done
T-3193,Coordinate audit annual,Sam Khoury,Not Started,Critical,2026-07-03,2026-04-25,,Engineering,Not Started
T-3194,Configure audit for legal review,Tara Okonkwo,In Progress,Low,2026-03-22,2026-02-10,,Operations,In Progress
T-3195,Investigate playbook consolidation,Wendy Lee,Not Started,Low,2026-02-27,2026-01-31,,Finance,Not Started
T-3196,Approve audit for partners,Maya Chen,Done,High,2026-03-30,2026-01-21,2026-04-13,Product,Done
T-3197,Roll out campaign follow-up,Jordan West,Not Started,Medium,2026-03-16,2026-01-30,,HR,Not Started
T-3198,Update rollout for partners,James Liu,In Progress,Low,2026-04-09,2026-02-02,,Operations,In Progress
T-3199,Test playbook across teams,Sasha Mendel,In Progress,Medium,2026-04-11,2026-02-11,,Security,In Progress
T-3200,Configure report kickoff,Wendy Lee,Done,Critical,2026-04-17,2026-02-05,2026-04-25,Finance,Done
T-3201,Coordinate integration Q1,Maya Park,Done,Medium,2026-04-07,2026-01-20,2026-04-16,Engineering,In Progress
T-3202,Validate report Q1,Sasha Mendel,Done,Low,2026-06-01,2026-04-25,2026-05-02,Security,Blocked
T-3203,Test dashboard for Q3,Erik Andersson,Not Started,Medium,2026-06-27,2026-04-07,,Sales,Not Started
T-3204,Optimize training v2,Priya Nair,Blocked,Low,2026-05-02,2026-04-01,,Engineering,Blocked
T-3205,Optimize runbook kickoff,Owen Briggs,In Progress,High,2026-03-20,2026-02-14,,HR,In Progress
T-3206,Configure pipeline for new hires,Devon Park,Done,Medium,2026-05-25,2026-02-16,2026-03-13,Security,Done
T-3207,Investigate runbook v2,Wendy Lee,Not Started,Medium,2026-07-02,2026-04-09,,Finance,Not Started
T-3208,Draft rollout for executive sync,Maya Iwata,Done,Medium,2026-05-06,2026-02-21,2026-04-02,Marketing,Blocked
T-3209,Update audit phase 2,Lila Zheng,Not Started,Low,2026-04-20,2026-01-16,,Product,Not Started
T-3210,Validate workflow for partners,Cara Singh,Done,Low,2026-04-09,2026-02-10,2026-03-15,Product,Done
T-3211,Refactor spec Q1,Yumi Tanaka,Done,Medium,2026-08-01,2026-04-29,2026-04-30,Sales,Done
T-3212,Roll out workflow follow-up,Anita Rao,Done,Medium,2026-06-22,2026-04-02,2026-04-15,Finance,Done
T-3213,Coordinate spec follow-up,Maya Park,In Progress,Medium,2026-02-22,2026-01-12,,Engineering,In Progress
T-3214,Plan migration across teams,Devon Reyes,Done,High,2026-05-15,2026-03-11,2026-03-30,Operations,Done
T-3215,Validate checklist across teams,Sasha Mendel,Done,Medium,2026-04-18,2026-04-04,2026-05-01,Security,Done
T-3216,Roll out report kickoff,Devon Reyes,Not Started,Medium,2026-04-29,2026-02-26,,Operations,Not Started
T-3217,Validate rollout v2,Devon Reyes,In Progress,Medium,2026-03-24,2026-01-18,,Operations,Done
T-3218,Audit rubric for Q3,Maya Chen,Done,Medium,2026-05-04,2026-02-09,2026-03-01,Product,Done
T-3219,Audit workflow consolidation,Erik Andersson,In Progress,Medium,2026-04-07,2026-03-20,,Sales,In Progress
T-3220,Decommission runbook follow-up,Owen Briggs,Done,Medium,2026-04-04,2026-03-09,2026-03-12,HR,In Progress
T-3221,Migrate spec phase 2,Anita Rao,Not Started,Medium,2026-05-26,2026-03-17,,Finance,Not Started
T-3222,Decommission audit v2,Maya Chen,Done,Medium,2026-03-28,2026-01-21,2026-03-21,Product,Done
T-3223,Coordinate runbook for partners,Maya Park,In Progress,Medium,2026-07-10,2026-04-10,,Engineering,In Progress
T-3224,Validate rollout in EU region,Marcus Tate,Done,Medium,2026-02-06,2026-01-19,2026-03-20,Sales,Done
T-3225,Coordinate checklist phase 2,Jordan West,In Progress,Medium,2026-04-13,2026-01-19,,HR,In Progress
T-3226,Coordinate rollout Q1,James Liu,Not Started,Medium,2026-08-08,2026-04-30,,Operations,Not Started
T-3227,Refactor integration in EU region,Wendy Lee,Blocked,Low,2026-06-01,2026-03-30,,Finance,Blocked
T-3228,Investigate service for executive sync,Devon Park,Not Started,Critical,2026-05-01,2026-03-24,,Security,Not Started
T-3229,Configure playbook Q1,Erik Andersson,Done,High,2026-04-16,2026-02-21,2026-03-15,Sales,Done
T-3230,Optimize service phase 2,Devon Reyes,In Progress,Medium,2026-03-09,2026-01-23,,Operations,In Progress
T-3231,Negotiate migration after incident #47,Devon Park,Not Started,Low,2026-06-23,2026-03-14,,Security,Not Started
T-3232,Decommission audit phase 2,Tara Okonkwo,Not Started,Medium,2026-04-28,2026-02-21,,Operations,Not Started
T-3233,Launch rubric for Q3,Carlos Vega,In Progress,Low,2026-02-16,2026-01-06,,Marketing,In Progress
T-3234,Investigate rollout annual,Carlos Vega,Blocked,Medium,2026-05-01,2026-02-21,,Marketing,Blocked
T-3235,Audit runbook annual,Wendy Lee,Not Started,Medium,2026-02-27,2026-01-29,,Finance,Not Started
T-3236,Migrate playbook v2,Marcus Tate,Done,High,2026-03-08,2026-02-01,2026-02-11,Sales,Blocked
T-3237,Document review v2,Marcus Tate,Done,Medium,2026-04-09,2026-01-24,2026-02-25,Sales,Done
T-3238,Approve checklist phase 2,Jordan Bell,Done,Medium,2026-04-27,2026-03-24,2026-03-28,Engineering,Done
T-3239,Negotiate rollout for legal review,Devon Park,Done,Medium,2026-04-28,2026-01-30,2026-03-17,Security,In Progress
T-3240,Document integration wrap-up,Jordan West,In Progress,Low,2026-03-30,2026-01-09,,HR,Done
T-3241,Refactor pipeline across teams,Jordan West,In Progress,High,2026-05-05,2026-02-02,,HR,Done
T-3242,Update rollout wrap-up,Nina Patel,Blocked,Critical,2026-06-03,2026-04-02,,HR,Blocked
T-3243,Review runbook for legal review,Devon Reyes,Not Started,High,2026-05-28,2026-04-08,,Operations,Not Started
T-3244,Review playbook in EU region,Maya Chen,Done,Low,2026-03-06,2026-01-29,2026-03-23,Product,Done
T-3245,Coordinate spec phase 2,Carlos Vega,Not Started,Low,2026-04-01,2026-03-09,,Marketing,Not Started
T-3246,Plan playbook for executive sync,Devon Reyes,Done,Medium,2026-06-15,2026-03-05,2026-03-15,Operations,Done
T-3247,Coordinate renewal in EU region,Ben Hartley,Done,Medium,2026-05-11,2026-03-13,2026-03-21,Product,In Progress
T-3248,Review rollout consolidation,Sasha Mendel,Not Started,Medium,2026-04-24,2026-01-17,,Security,Not Started
T-3249,Document playbook follow-up,Maya Chen,Done,High,2026-07-14,2026-04-09,2026-04-16,Product,Done
T-3250,Audit rollout phase 2,Sasha Mendel,Done,Medium,2026-05-06,2026-04-13,2026-04-29,Security,Done
T-3251,Implement integration follow-up,Erik Andersson,Done,High,2026-04-01,2026-02-18,2026-04-09,Sales,Done
T-3252,Negotiate renewal Q1,Jordan West,In Progress,High,2026-04-27,2026-03-11,,HR,In Progress
T-3253,Investigate playbook for legal review,Jordan Bell,Done,Medium,2026-06-25,2026-04-06,2026-04-29,Engineering,Done
T-3254,Onboard review after incident #47,Carlos Vega,Not Started,Medium,2026-02-01,2026-01-03,,Marketing,Not Started
T-3255,Plan rollout Q1,Riley Kim,In Progress,Medium,2026-03-20,2026-02-24,,Marketing,In Progress
T-3256,Review audit phase 2,Yumi Tanaka,In Progress,Low,2026-06-23,2026-03-27,,Sales,In Progress
T-3257,Onboard spec follow-up,Erik Andersson,In Progress,Low,2026-05-05,2026-03-04,,Sales,In Progress
T-3258,Refactor framework for executive sync,Ben Hartley,Blocked,Medium,2026-06-13,2026-04-27,,Product,Blocked
T-3259,Decommission service annual,Maya Chen,In Progress,Medium,2026-02-18,2026-01-03,,Product,In Progress
T-3260,Update framework Q1,Alex Wang,Done,High,2026-03-11,2026-01-28,2026-04-02,Engineering,Blocked
T-3261,Draft integration for legal review,Devon Park,Not Started,High,2026-06-15,2026-03-24,,Security,Not Started
T-3262,Plan report after incident #47,Carlos Vega,Done,Medium,2026-02-18,2026-01-28,2026-03-15,Marketing,Done
T-3263,Implement spec phase 2,Sam Khoury,Done,Low,2026-07-03,2026-04-22,2026-04-29,Engineering,Done
T-3264,Optimize training phase 2,Cara Singh,Done,Low,2026-03-19,2026-03-05,2026-03-28,Product,Done
T-3265,Migrate rollout v2,Wendy Lee,Not Started,Medium,2026-04-19,2026-02-12,,Finance,Not Started
T-3266,Optimize dashboard wrap-up,Riley Kim,Done,Medium,2026-04-21,2026-03-31,2026-05-02,Marketing,Done
T-3267,Review training wrap-up,Riley Kim,In Progress,Medium,2026-05-29,2026-02-25,,Marketing,In Progress
T-3268,Review rollout annual,Riley Kim,In Progress,Medium,2026-05-07,2026-02-08,,Marketing,In Progress
T-3269,Validate policy for Q3,Nina Patel,Blocked,Low,2026-07-03,2026-04-28,,HR,Blocked
T-3270,Audit migration for legal review,Owen Briggs,Done,High,2026-04-22,2026-01-24,2026-04-29,HR,Done
T-3271,Negotiate spec consolidation,Tara Okonkwo,Done,Medium,2026-05-06,2026-04-15,2026-04-17,Operations,Done
T-3272,Migrate campaign across teams,Maya Park,Not Started,Low,2026-05-20,2026-04-18,,Engineering,Not Started
T-3273,Refactor dashboard for partners,Anita Rao,In Progress,Medium,2026-06-18,2026-03-10,,Finance,Done
T-3274,Validate migration for executive sync,Maya Iwata,In Progress,Medium,2026-05-06,2026-04-15,,Marketing,In Progress
T-3275,Roll out policy for partners,Nina Patel,In Progress,High,2026-04-06,2026-03-10,,HR,In Progress
T-3276,Audit campaign for Q3,Wendy Lee,In Progress,High,2026-05-24,2026-02-24,,Finance,In Progress
T-3277,Draft review for executive sync,Wendy Lee,Done,Medium,2026-02-16,2026-01-22,2026-02-12,Finance,In Progress
T-3278,Audit workflow for new hires,Sasha Mendel,Not Started,Medium,2026-02-23,2026-01-30,,Security,Not Started
T-3279,Test checklist wrap-up,Nina Patel,Done,Medium,2026-05-24,2026-02-18,2026-03-03,HR,Done
T-3280,Decommission service wrap-up,Ben Hartley,In Progress,High,2026-06-07,2026-04-08,,Product,In Progress
T-3281,Review rollout v2,Maya Chen,Done,Medium,2026-04-04,2026-01-06,2026-03-10,Product,Done
T-3282,Implement checklist for legal review,Cara Singh,Not Started,Medium,2026-06-13,2026-04-25,,Product,Not Started
T-3283,Negotiate service across teams,Nina Patel,Done,Critical,2026-02-05,2026-01-17,2026-03-18,HR,Done
T-3284,Document runbook for new hires,Tara Okonkwo,Done,Medium,2026-03-15,2026-02-02,2026-03-26,Operations,Done
T-3285,Coordinate framework for new hires,Carlos Vega,Not Started,Medium,2026-06-06,2026-03-15,,Marketing,Not Started
T-3286,Negotiate workflow after incident #47,Sasha Mendel,Not Started,Medium,2026-06-29,2026-05-01,,Security,Not Started
T-3287,Investigate campaign wrap-up,Sasha Mendel,Not Started,Low,2026-06-14,2026-04-23,,Security,Not Started
T-3288,Decommission migration for legal review,Jordan West,Not Started,Medium,2026-03-29,2026-02-22,,HR,Not Started
T-3289,Plan rollout for new hires,Maya Iwata,Done,Medium,2026-06-10,2026-03-31,2026-04-09,Marketing,Done
T-3290,Validate migration in EU region,Erik Andersson,Not Started,Low,2026-06-13,2026-04-22,,Sales,Not Started
T-3291,Update workflow for new hires,Maya Chen,In Progress,Low,2026-05-19,2026-03-28,,Product,In Progress
T-3292,Roll out rubric for executive sync,Maya Chen,In Progress,High,2026-03-17,2026-01-22,,Product,In Progress
T-3293,Refactor playbook kickoff,Nina Patel,Done,Medium,2026-04-30,2026-04-06,2026-04-17,HR,Done
T-3294,Migrate review consolidation,Carlos Vega,Blocked,Low,2026-06-02,2026-04-26,,Marketing,Blocked
T-3295,Test report phase 2,Carlos Vega,Not Started,Medium,2026-07-17,2026-04-25,,Marketing,Not Started
T-3296,Validate migration for executive sync,Cara Singh,Done,Medium,2026-06-25,2026-04-03,2026-04-06,Product,Done
T-3297,Launch integration follow-up,Wendy Lee,In Progress,Medium,2026-07-27,2026-04-22,,Finance,Not Started
T-3298,Coordinate runbook for partners,Owen Briggs,Done,Low,2026-04-20,2026-03-01,2026-04-08,HR,Done
T-3299,Test runbook for legal review,James Liu,Blocked,Medium,2026-05-14,2026-03-20,,Operations,Blocked
T-3300,Draft rubric annual,Devon Reyes,Done,High,2026-05-15,2026-04-09,2026-04-25,Operations,Done
T-3301,Review pipeline for partners,Lila Zheng,Done,Medium,2026-02-27,2026-01-24,2026-01-28,Product,Done
T-3302,Update pipeline phase 2,Marcus Tate,Done,Low,2026-06-12,2026-04-18,2026-04-20,Sales,Done
T-3303,Draft migration kickoff,Wendy Lee,In Progress,Medium,2026-07-03,2026-04-02,,Finance,Not Started
T-3304,Configure checklist annual,Wendy Lee,Done,Low,2026-07-15,2026-04-20,2026-04-22,Finance,Done
T-3305,Test runbook v2,Maya Park,In Progress,Medium,2026-05-09,2026-02-03,,Engineering,In Progress
T-3306,Decommission policy for legal review,Marcus Tate,Not Started,Medium,2026-03-10,2026-01-09,,Sales,Not Started
T-3307,Implement integration Q1,Erik Andersson,In Progress,High,2026-01-24,2026-01-08,,Sales,In Progress
T-3308,Review audit in EU region,Nina Patel,In Progress,Medium,2026-02-27,2026-01-18,,HR,In Progress
T-3309,Configure rollout for new hires,Yumi Tanaka,Done,Medium,2026-04-21,2026-03-12,2026-04-08,Sales,Done
T-3310,Audit rollout for Q3,Marcus Tate,Not Started,Medium,2026-06-12,2026-03-07,,Sales,Not Started
T-3311,Review renewal for Q3,Sam Khoury,Done,Low,2026-06-20,2026-04-03,2026-04-19,Engineering,Done
T-3312,Coordinate runbook kickoff,Yumi Tanaka,Not Started,Medium,2026-04-13,2026-01-27,,Sales,Not Started
T-3313,Onboard rollout for Q3,Maya Iwata,Done,Medium,2026-03-04,2026-02-04,2026-05-01,Marketing,Done
T-3314,Validate training for Q3,Wendy Lee,Not Started,Medium,2026-04-11,2026-01-29,,Finance,Not Started
T-3315,Investigate rollout for legal review,Anita Rao,Done,Medium,2026-06-01,2026-03-01,2026-04-27,Finance,Done
T-3316,Coordinate workflow kickoff,Anita Rao,Done,Medium,2026-05-03,2026-04-02,2026-04-22,Finance,Done
T-3317,Decommission audit across teams,Jordan West,Blocked,High,2026-05-13,2026-02-09,,HR,Blocked
T-3318,Validate dashboard v2,Erik Andersson,Done,Medium,2026-03-12,2026-02-13,2026-04-21,Sales,Done
T-3319,Test migration kickoff,Priya Nair,Done,Medium,2026-03-01,2026-01-26,2026-03-26,Engineering,Done
T-3320,Onboard playbook Q1,Riley Kim,In Progress,Medium,2026-03-12,2026-01-15,,Marketing,In Progress
T-3321,Approve service wrap-up,Devon Park,In Progress,High,2026-05-08,2026-02-16,,Security,In Progress
T-3322,Migrate dashboard annual,Maya Iwata,In Progress,High,2026-04-24,2026-02-25,,Marketing,In Progress
T-3323,Onboard migration annual,Riley Kim,In Progress,High,2026-04-04,2026-02-22,,Marketing,Done
T-3324,Approve rollout consolidation,Carlos Vega,Not Started,Medium,2026-03-30,2026-03-11,,Marketing,Not Started
T-3325,Validate rollout for partners,Anita Rao,In Progress,Low,2026-07-05,2026-04-20,,Finance,Done
T-3326,Migrate rollout for Q3,Anita Rao,Done,Medium,2026-06-13,2026-04-14,2026-04-29,Finance,Done
T-3327,Approve policy after incident #47,Maya Iwata,In Progress,Medium,2026-06-12,2026-03-11,,Marketing,In Progress
T-3328,Validate workflow for partners,Anita Rao,Not Started,Medium,2026-04-01,2026-03-12,,Finance,Not Started
T-3329,Review training phase 2,Nina Patel,In Progress,Medium,2026-05-04,2026-03-21,,HR,In Progress
T-3330,Test playbook wrap-up,Devon Reyes,Not Started,High,2026-05-24,2026-03-28,,Operations,Not Started
T-3331,Plan review phase 2,Yumi Tanaka,In Progress,Medium,2026-03-09,2026-01-17,,Sales,In Progress
T-3332,Implement rollout v2,Erik Andersson,In Progress,High,2026-04-29,2026-03-26,,Sales,Done
T-3333,Coordinate training annual,Devon Park,Done,Medium,2026-06-06,2026-03-14,2026-04-27,Security,In Progress
T-3334,Plan migration for executive sync,Riley Kim,In Progress,Medium,2026-06-10,2026-04-25,,Marketing,In Progress
T-3335,Plan workflow for Q3,Maya Chen,Not Started,Medium,2026-08-09,2026-04-30,,Product,Not Started
T-3336,Roll out runbook v2,James Liu,In Progress,Medium,2026-05-11,2026-04-20,,Operations,Not Started
T-3337,Test dashboard in EU region,Maya Iwata,In Progress,High,2026-07-26,2026-04-19,,Marketing,In Progress
T-3338,Roll out rollout phase 2,Erik Andersson,Not Started,Medium,2026-04-04,2026-01-09,,Sales,Not Started
T-3339,Launch rollout phase 2,Devon Park,In Progress,Medium,2026-06-02,2026-02-20,,Security,In Progress
T-3340,Approve runbook v2,Anita Rao,Not Started,Medium,2026-06-18,2026-04-06,,Finance,Not Started
T-3341,Optimize rubric Q1,Riley Kim,In Progress,Low,2026-06-12,2026-03-29,,Marketing,In Progress
T-3342,Launch checklist for partners,Maya Chen,Done,High,2026-04-09,2026-01-20,2026-04-25,Product,Done
T-3343,Negotiate renewal Q1,Erik Andersson,In Progress,Medium,2026-03-10,2026-01-31,,Sales,In Progress
T-3344,Audit review phase 2,Jordan West,In Progress,High,2026-06-04,2026-03-17,,HR,In Progress
T-3345,Roll out rollout for legal review,Tara Okonkwo,Done,High,2026-07-20,2026-04-26,2026-04-27,Operations,Done
T-3346,Approve playbook across teams,James Liu,Not Started,High,2026-04-14,2026-03-15,,Operations,Not Started
T-3347,Launch dashboard v2,Maya Iwata,Not Started,Medium,2026-04-04,2026-02-25,,Marketing,Not Started
T-3348,Roll out playbook for executive sync,Riley Kim,Done,Low,2026-05-23,2026-03-12,2026-03-17,Marketing,Blocked
T-3349,Audit spec Q1,Carlos Vega,Done,High,2026-04-25,2026-01-18,2026-01-23,Marketing,Done
T-3350,Coordinate checklist for Q3,Devon Reyes,Done,High,2026-03-12,2026-01-31,2026-04-19,Operations,In Progress
T-3351,Validate service across teams,Riley Kim,In Progress,Critical,2026-02-25,2026-02-04,,Marketing,In Progress
T-3352,Refactor training kickoff,Devon Reyes,Not Started,High,2026-04-20,2026-01-12,,Operations,Not Started
T-3353,Refactor dashboard for legal review,Sam Khoury,Done,Medium,2026-04-23,2026-03-04,2026-04-13,Engineering,Done
T-3354,Coordinate campaign in EU region,Devon Reyes,Blocked,Low,2026-03-04,2026-01-20,,Operations,In Progress
T-3355,Approve workflow after incident #47,Wendy Lee,Not Started,Medium,2026-05-30,2026-03-09,,Finance,Not Started
T-3356,Migrate integration for executive sync,Carlos Vega,In Progress,Medium,2026-05-13,2026-03-06,,Marketing,In Progress
T-3357,Roll out pipeline wrap-up,Lila Zheng,In Progress,Medium,2026-02-28,2026-02-03,,Product,In Progress
T-3358,Plan training across teams,Sasha Mendel,Not Started,Medium,2026-02-14,2026-01-19,,Security,Not Started
T-3359,Negotiate migration for new hires,Tara Okonkwo,In Progress,Medium,2026-05-21,2026-03-11,,Operations,In Progress
T-3360,Decommission playbook across teams,Cara Singh,Done,Medium,2026-04-28,2026-02-04,2026-02-07,Product,Done
T-3361,Roll out spec for executive sync,Carlos Vega,Not Started,Low,2026-02-20,2026-01-22,,Marketing,Not Started
T-3362,Validate policy for Q3,Wendy Lee,Not Started,Medium,2026-05-31,2026-03-22,,Finance,Not Started
T-3363,Review service for executive sync,Yumi Tanaka,Not Started,Medium,2026-07-23,2026-04-13,,Sales,Not Started
T-3364,Onboard framework v2,Alex Wang,Done,Low,2026-06-09,2026-03-27,2026-04-22,Engineering,Done
T-3365,Draft migration after incident #47,Jordan West,In Progress,Medium,2026-03-09,2026-01-04,,HR,In Progress
T-3366,Implement rollout Q1,Nina Patel,Done,Low,2026-03-03,2026-02-08,2026-02-21,HR,Done
T-3367,Implement dashboard phase 2,Owen Briggs,Done,Medium,2026-03-18,2026-02-03,2026-03-18,HR,Done
T-3368,Roll out renewal for partners,Nina Patel,In Progress,Medium,2026-04-08,2026-01-09,,HR,In Progress
T-3369,Test framework kickoff,Devon Park,Not Started,High,2026-05-15,2026-04-13,,Security,Not Started
T-3370,Investigate audit for executive sync,Devon Reyes,In Progress,High,2026-06-06,2026-04-28,,Operations,In Progress
T-3371,Implement framework v2,Lila Zheng,In Progress,Medium,2026-06-17,2026-04-09,,Product,In Progress
T-3372,Configure spec follow-up,Nina Patel,Blocked,Medium,2026-03-07,2026-02-07,,HR,Blocked
T-3373,Review framework for legal review,Devon Park,In Progress,Medium,2026-06-06,2026-04-12,,Security,In Progress
T-3374,Draft rubric for executive sync,Wendy Lee,Not Started,Medium,2026-04-18,2026-04-04,,Finance,Not Started
T-3375,Review spec phase 2,Riley Kim,Done,High,2026-03-12,2026-02-09,2026-03-29,Marketing,Done
T-3376,Optimize rollout annual,Nina Patel,In Progress,Low,2026-07-24,2026-04-12,,HR,In Progress
T-3377,Migrate integration in EU region,Anita Rao,Not Started,Medium,2026-03-16,2026-01-09,,Finance,Not Started
T-3378,Roll out training in EU region,James Liu,Not Started,Medium,2026-04-08,2026-01-16,,Operations,Not Started
T-3379,Configure runbook kickoff,Maya Iwata,Not Started,Low,2026-05-23,2026-03-27,,Marketing,Not Started
T-3380,Implement service consolidation,Priya Nair,In Progress,High,2026-03-22,2026-02-14,,Engineering,In Progress
T-3381,Document dashboard consolidation,Lila Zheng,Done,High,2026-03-20,2026-01-05,2026-02-12,Product,Done
T-3382,Validate policy in EU region,Anita Rao,In Progress,Medium,2026-02-17,2026-01-17,,Finance,Done
T-3383,Onboard rubric phase 2,Devon Reyes,In Progress,High,2026-04-16,2026-02-07,,Operations,In Progress
T-3384,Decommission framework wrap-up,Wendy Lee,Done,High,2026-02-23,2026-01-11,2026-04-23,Finance,Done
T-3385,Configure framework Q1,Jordan Bell,Done,High,2026-02-28,2026-01-30,2026-02-09,Engineering,Done
T-3386,Negotiate rubric consolidation,Priya Nair,Blocked,High,2026-03-18,2026-01-11,,Engineering,Blocked
T-3387,Launch workflow for new hires,Cara Singh,Done,Low,2026-03-09,2026-02-20,2026-03-14,Product,In Progress
T-3388,Configure playbook for partners,Alex Wang,Done,Medium,2026-06-17,2026-04-18,2026-04-29,Engineering,Done
T-3389,Roll out training wrap-up,Devon Park,In Progress,Medium,2026-03-17,2026-01-17,,Security,In Progress
T-3390,Investigate migration in EU region,Wendy Lee,Not Started,Low,2026-04-16,2026-03-20,,Finance,Not Started
T-3391,Migrate training across teams,Devon Park,In Progress,Low,2026-04-07,2026-02-14,,Security,In Progress
T-3392,Coordinate spec for new hires,Lila Zheng,Not Started,Medium,2026-07-13,2026-04-21,,Product,Not Started
T-3393,Refactor migration across teams,Sam Khoury,Not Started,Medium,2026-06-23,2026-04-11,,Engineering,Not Started
T-3394,Decommission framework kickoff,Marcus Tate,Blocked,High,2026-03-26,2026-03-01,,Sales,In Progress
T-3395,Draft policy for legal review,Devon Reyes,Blocked,Medium,2026-04-08,2026-03-13,,Operations,Blocked
T-3396,Implement workflow kickoff,Devon Park,In Progress,High,2026-04-21,2026-03-25,,Security,Done
T-3397,Implement rollout annual,Tara Okonkwo,In Progress,High,2026-05-22,2026-02-11,,Operations,In Progress
T-3398,Optimize dashboard consolidation,Anita Rao,Not Started,High,2026-07-08,2026-04-23,,Finance,Not Started
T-3399,Draft playbook for legal review,Wendy Lee,Blocked,High,2026-06-29,2026-03-19,,Finance,Blocked
T-3400,Onboard training for partners,Maya Iwata,Not Started,Medium,2026-04-29,2026-03-09,,Marketing,Not Started
T-3401,Implement framework annual,Owen Briggs,Done,High,2026-05-20,2026-04-07,2026-04-23,HR,Done
T-3402,Investigate audit in EU region,Owen Briggs,Not Started,High,2026-07-30,2026-04-27,,HR,Not Started
T-3403,Test workflow consolidation,Sasha Mendel,Done,High,2026-03-29,2026-02-11,2026-04-24,Security,Done
T-3404,Review pipeline Q1,Devon Park,Done,Medium,2026-02-26,2026-01-08,2026-03-01,Security,Done
T-3405,Negotiate report Q1,Alex Wang,Done,Medium,2026-05-12,2026-04-23,2026-05-02,Engineering,Done
T-3406,Audit pipeline follow-up,Carlos Vega,In Progress,Medium,2026-06-02,2026-03-19,,Marketing,In Progress
T-3407,Configure report phase 2,Tara Okonkwo,In Progress,Critical,2026-05-15,2026-03-26,,Operations,In Progress
T-3408,Audit integration phase 2,Riley Kim,Not Started,Medium,2026-05-20,2026-03-29,,Marketing,Not Started
T-3409,Document policy annual,Jordan Bell,Done,Medium,2026-06-14,2026-04-06,2026-04-15,Engineering,Done
T-3410,Migrate framework consolidation,Maya Park,In Progress,High,2026-02-24,2026-01-07,,Engineering,In Progress
T-3411,Test framework for legal review,Erik Andersson,Done,Medium,2026-06-15,2026-03-29,2026-04-15,Sales,Done
T-3412,Review service for legal review,Riley Kim,In Progress,Critical,2026-05-23,2026-03-27,,Marketing,In Progress
T-3413,Audit runbook v2,Maya Iwata,Done,Low,2026-03-21,2026-02-23,2026-03-06,Marketing,In Progress
T-3414,Decommission audit consolidation,Riley Kim,Done,High,2026-04-26,2026-01-27,2026-04-18,Marketing,Blocked
T-3415,Roll out audit for Q3,Maya Chen,Done,Medium,2026-03-25,2026-02-13,2026-03-05,Product,Done
T-3416,Configure training for partners,Wendy Lee,In Progress,Medium,2026-03-07,2026-01-20,,Finance,In Progress
T-3417,Audit integration v2,James Liu,Not Started,High,2026-06-04,2026-04-17,,Operations,Not Started
T-3418,Refactor rollout for Q3,Erik Andersson,In Progress,Medium,2026-04-21,2026-03-10,,Sales,In Progress
T-3419,Document report consolidation,Sam Khoury,Done,Medium,2026-05-05,2026-04-13,2026-04-16,Engineering,Done
T-3420,Test spec v2,Ben Hartley,Not Started,Medium,2026-06-01,2026-04-15,,Product,Not Started
T-3421,Decommission rollout in EU region,Cara Singh,Done,Medium,2026-02-20,2026-01-29,2026-04-14,Product,Blocked
T-3422,Plan service follow-up,Owen Briggs,In Progress,Medium,2026-04-12,2026-02-08,,HR,In Progress
T-3423,Document rollout v2,Sam Khoury,Done,Medium,2026-06-10,2026-04-16,2026-05-01,Engineering,Done
T-3424,Negotiate renewal for executive sync,Riley Kim,Not Started,High,2026-05-18,2026-04-23,,Marketing,Not Started
T-3425,Validate rollout for executive sync,Wendy Lee,Not Started,Medium,2026-06-02,2026-02-21,,Finance,Not Started
T-3426,Draft campaign for Q3,Wendy Lee,Blocked,Medium,2026-04-28,2026-01-27,,Finance,Blocked
T-3427,Validate framework kickoff,Yumi Tanaka,Done,High,2026-05-03,2026-02-14,2026-02-27,Sales,Done
T-3428,Onboard framework consolidation,Sasha Mendel,Done,High,2026-06-06,2026-04-09,2026-04-14,Security,Done
T-3429,Review report consolidation,Nina Patel,Done,Medium,2026-04-02,2026-02-15,2026-03-26,HR,Done
T-3430,Negotiate policy across teams,Maya Iwata,In Progress,Medium,2026-06-01,2026-05-02,,Marketing,In Progress
T-3431,Roll out migration phase 2,Cara Singh,Blocked,Low,2026-05-19,2026-02-17,,Product,Blocked
T-3432,Configure workflow follow-up,Owen Briggs,Done,Medium,2026-05-09,2026-02-17,2026-04-22,HR,Done
T-3433,Onboard spec phase 2,Maya Chen,Done,Medium,2026-02-13,2026-01-23,2026-04-17,Product,Done
T-3434,Negotiate migration follow-up,Sasha Mendel,In Progress,Medium,2026-07-11,2026-04-12,,Security,Not Started
T-3435,Optimize policy follow-up,Priya Nair,Done,Low,2026-02-24,2026-01-04,2026-02-18,Engineering,Done
T-3436,Decommission rollout v2,Erik Andersson,Done,Medium,2026-05-04,2026-03-22,2026-04-26,Sales,Done
T-3437,Plan runbook phase 2,Priya Nair,Done,Medium,2026-07-09,2026-03-29,2026-04-06,Engineering,Done
T-3438,Validate rollout in EU region,Riley Kim,In Progress,Medium,2026-02-08,2026-01-16,,Marketing,In Progress
T-3439,Coordinate pipeline after incident #47,Sasha Mendel,Done,Medium,2026-05-04,2026-01-21,2026-04-24,Security,In Progress
T-3440,Draft campaign v2,Marcus Tate,Not Started,High,2026-04-03,2026-01-21,,Sales,Not Started
T-3441,Onboard renewal for new hires,Maya Chen,Not Started,Medium,2026-03-07,2026-02-03,,Product,Not Started
T-3442,Migrate training for partners,Jordan West,In Progress,Medium,2026-08-03,2026-05-02,,HR,In Progress
T-3443,Onboard spec for partners,Devon Reyes,Not Started,Medium,2026-05-18,2026-04-28,,Operations,Not Started
T-3444,Review integration wrap-up,Tara Okonkwo,In Progress,High,2026-05-16,2026-04-26,,Operations,In Progress
T-3445,Refactor rollout for new hires,Marcus Tate,Done,Medium,2026-05-10,2026-02-10,2026-03-27,Sales,In Progress
T-3446,Validate rollout for executive sync,Wendy Lee,Not Started,Medium,2026-07-28,2026-04-24,,Finance,Not Started
T-3447,Launch integration for new hires,Maya Chen,Not Started,High,2026-06-01,2026-03-03,,Product,Not Started
T-3448,Configure playbook in EU region,Tara Okonkwo,Done,Medium,2026-03-27,2026-01-17,2026-01-17,Operations,Done
T-3449,Negotiate integration after incident #47,Wendy Lee,In Progress,Medium,2026-02-22,2026-01-24,,Finance,In Progress
T-3450,Review rubric for Q3,James Liu,Not Started,High,2026-04-04,2026-03-04,,Operations,Not Started
T-3451,Roll out pipeline for Q3,James Liu,Blocked,Low,2026-06-29,2026-03-22,,Operations,In Progress
T-3452,Review service phase 2,Anita Rao,Done,Medium,2026-05-06,2026-04-03,2026-04-27,Finance,Done
T-3453,Migrate campaign for partners,Ben Hartley,Done,Low,2026-03-26,2026-01-24,2026-01-30,Product,Done
T-3454,Onboard spec for executive sync,Devon Park,In Progress,High,2026-03-16,2026-02-15,,Security,In Progress
T-3455,Approve runbook annual,Jordan Bell,Blocked,High,2026-06-13,2026-04-05,,Engineering,Blocked
T-3456,Coordinate renewal for partners,Lila Zheng,Done,Low,2026-06-25,2026-05-02,2026-05-02,Product,Done
T-3457,Validate rubric for Q3,Owen Briggs,Not Started,Medium,2026-05-17,2026-05-01,,HR,Not Started
T-3458,Onboard service phase 2,Nina Patel,In Progress,Medium,2026-05-18,2026-04-04,,HR,Done
T-3459,Investigate rollout for partners,Devon Reyes,Not Started,High,2026-03-12,2026-02-06,,Operations,Not Started
T-3460,Negotiate policy annual,Devon Park,In Progress,Medium,2026-05-10,2026-03-29,,Security,In Progress
T-3461,Launch pipeline v2,Sam Khoury,In Progress,High,2026-05-23,2026-03-24,,Engineering,In Progress
T-3462,Migrate runbook for new hires,Devon Reyes,Done,Medium,2026-05-05,2026-03-01,2026-04-21,Operations,Done
T-3463,Optimize policy v2,Priya Nair,Done,Medium,2026-02-28,2026-01-16,2026-04-04,Engineering,Done
T-3464,Plan checklist for legal review,Owen Briggs,Done,Medium,2026-06-09,2026-04-28,2026-05-02,HR,Done
T-3465,Investigate spec follow-up,Jordan West,Not Started,High,2026-03-25,2026-01-21,,HR,Not Started
T-3466,Investigate pipeline v2,Priya Nair,Done,Medium,2026-06-04,2026-05-02,2026-05-02,Engineering,Done
T-3467,Approve migration phase 2,Riley Kim,Done,Medium,2026-05-25,2026-04-12,2026-04-27,Marketing,Done
T-3468,Optimize rollout annual,Wendy Lee,In Progress,High,2026-05-11,2026-04-11,,Finance,In Progress
T-3469,Launch audit kickoff,Tara Okonkwo,In Progress,High,2026-04-02,2026-03-04,,Operations,In Progress
T-3470,Coordinate spec annual,Owen Briggs,Done,Low,2026-06-21,2026-03-27,2026-03-29,HR,Done
T-3471,Migrate checklist for executive sync,Carlos Vega,In Progress,Medium,2026-03-02,2026-02-11,,Marketing,In Progress
T-3472,Document playbook for Q3,Devon Reyes,Not Started,Low,2026-05-11,2026-04-01,,Operations,Not Started
T-3473,Test migration in EU region,Priya Nair,Not Started,Medium,2026-05-26,2026-03-28,,Engineering,Not Started
T-3474,Migrate runbook annual,Yumi Tanaka,In Progress,Medium,2026-07-27,2026-05-01,,Sales,In Progress
T-3475,Update service Q1,James Liu,In Progress,High,2026-05-07,2026-02-20,,Operations,In Progress
T-3476,Audit review for legal review,Devon Park,Done,High,2026-06-03,2026-03-29,2026-04-03,Security,Done
T-3477,Audit playbook after incident #47,Owen Briggs,Blocked,Medium,2026-05-06,2026-02-26,,HR,Blocked
T-3478,Roll out policy for partners,Erik Andersson,Not Started,Critical,2026-03-12,2026-01-04,,Sales,Not Started
T-3479,Update workflow for Q3,Jordan Bell,Done,High,2026-03-14,2026-01-19,2026-02-08,Engineering,Done
T-3480,Implement rubric in EU region,James Liu,Done,Medium,2026-04-18,2026-01-11,2026-04-04,Operations,Blocked
T-3481,Configure review phase 2,Tara Okonkwo,Blocked,Medium,2026-05-13,2026-02-22,,Operations,Blocked
T-3482,Decommission report for new hires,Riley Kim,In Progress,Medium,2026-06-16,2026-03-09,,Marketing,In Progress
T-3483,Implement rollout Q1,Sam Khoury,Done,Low,2026-08-03,2026-05-01,2026-05-01,Engineering,In Progress
T-3484,Migrate report for executive sync,Lila Zheng,Done,Medium,2026-06-05,2026-04-17,2026-04-18,Product,Done
T-3485,Update dashboard v2,Tara Okonkwo,Not Started,Medium,2026-05-21,2026-03-01,,Operations,Not Started
T-3486,Approve integration for new hires,Nina Patel,Not Started,Medium,2026-06-23,2026-04-06,,HR,Not Started
T-3487,Implement workflow v2,Ben Hartley,Done,High,2026-05-10,2026-03-14,2026-04-10,Product,Done
T-3488,Configure framework for new hires,Jordan West,In Progress,Medium,2026-04-03,2026-01-19,,HR,In Progress
T-3489,Investigate workflow Q1,Wendy Lee,Done,Medium,2026-04-11,2026-03-16,2026-04-21,Finance,Done
T-3490,Onboard rubric consolidation,Jordan West,Blocked,High,2026-05-29,2026-03-17,,HR,Blocked
T-3491,Approve spec kickoff,Yumi Tanaka,In Progress,Medium,2026-03-26,2026-01-29,,Sales,In Progress
T-3492,Plan service consolidation,Anita Rao,Done,Medium,2026-02-22,2026-01-11,2026-04-05,Finance,Done
T-3493,Roll out playbook for new hires,Riley Kim,In Progress,Medium,2026-06-17,2026-04-05,,Marketing,In Progress
T-3494,Configure service for partners,Erik Andersson,Not Started,Medium,2026-05-17,2026-04-05,,Sales,Not Started
T-3495,Test campaign for executive sync,Anita Rao,In Progress,Medium,2026-03-27,2026-01-28,,Finance,In Progress
T-3496,Decommission rollout follow-up,Owen Briggs,Done,Medium,2026-06-17,2026-03-26,2026-03-29,HR,In Progress
T-3497,Approve rubric for Q3,James Liu,Not Started,Low,2026-03-23,2026-02-14,,Operations,Not Started
T-3498,Onboard campaign v2,Owen Briggs,In Progress,Low,2026-04-20,2026-03-23,,HR,In Progress
T-3499,Update audit follow-up,Maya Park,Not Started,High,2026-06-29,2026-04-10,,Engineering,Not Started
T-3500,Configure integration Q1,Anita Rao,Not Started,Medium,2026-03-18,2026-02-06,,Finance,Not Started
T-3501,Roll out rollout for partners,Cara Singh,Not Started,Medium,2026-01-24,2026-01-10,,Product,Not Started
T-3502,Decommission rollout consolidation,James Liu,Not Started,Low,2026-05-26,2026-04-06,,Operations,Not Started
T-3503,Investigate rollout v2,Maya Chen,Not Started,Medium,2026-03-19,2026-02-25,,Product,Not Started
T-3504,Decommission campaign in EU region,Devon Park,Not Started,Medium,2026-05-27,2026-02-23,,Security,Not Started
T-3505,Implement workflow phase 2,James Liu,Not Started,Low,2026-03-28,2026-02-20,,Operations,Not Started
T-3506,Roll out renewal annual,Maya Chen,In Progress,Critical,2026-06-18,2026-03-12,,Product,In Progress
T-3507,Refactor dashboard follow-up,Erik Andersson,In Progress,Medium,2026-02-22,2026-02-08,,Sales,In Progress
T-3508,Configure dashboard consolidation,Ben Hartley,Not Started,Low,2026-04-19,2026-03-19,,Product,Not Started
T-3509,Investigate framework Q1,Carlos Vega,Not Started,Low,2026-04-20,2026-04-06,,Marketing,Not Started
T-3510,Update runbook for Q3,Owen Briggs,In Progress,Medium,2026-05-11,2026-03-01,,HR,Done
T-3511,Update runbook v2,Jordan Bell,In Progress,High,2026-05-20,2026-04-27,,Engineering,In Progress
T-3512,Document rubric annual,Riley Kim,Not Started,Low,2026-07-08,2026-04-01,,Marketing,Not Started
T-3513,Decommission runbook after incident #47,Devon Park,Blocked,Critical,2026-06-24,2026-04-14,,Security,Blocked
T-3514,Roll out pipeline Q1,James Liu,Done,Medium,2026-04-19,2026-03-11,2026-04-18,Operations,Blocked
T-3515,Onboard review follow-up,Wendy Lee,Done,High,2026-07-30,2026-05-02,2026-05-02,Finance,Done
T-3516,Negotiate training v2,Devon Park,Not Started,Medium,2026-03-14,2026-02-25,,Security,Not Started
T-3517,Investigate migration phase 2,Devon Reyes,Blocked,Medium,2026-06-27,2026-04-08,,Operations,In Progress
T-3518,Draft checklist for legal review,Maya Park,In Progress,Medium,2026-06-14,2026-03-25,,Engineering,In Progress
T-3519,Audit workflow annual,Priya Nair,Blocked,Medium,2026-03-20,2026-01-14,,Engineering,Blocked
T-3520,Decommission runbook for legal review,Lila Zheng,Done,Low,2026-05-16,2026-04-21,2026-05-02,Product,Done
T-3521,Coordinate rubric Q1,Yumi Tanaka,Blocked,High,2026-05-23,2026-03-17,,Sales,Blocked
T-3522,Document review phase 2,Yumi Tanaka,Done,Low,2026-06-13,2026-04-07,2026-04-12,Sales,Done
T-3523,Onboard integration for executive sync,Sasha Mendel,In Progress,Medium,2026-05-12,2026-03-01,,Security,Done
T-3524,Approve pipeline across teams,Jordan West,Not Started,Medium,2026-07-16,2026-05-01,,HR,Not Started
T-3525,Decommission report Q1,Yumi Tanaka,Done,Low,2026-06-14,2026-03-30,2026-04-01,Sales,Done
T-3526,Implement framework annual,Tara Okonkwo,In Progress,Medium,2026-06-06,2026-04-06,,Operations,In Progress
T-3527,Document policy v2,Jordan West,Done,Medium,2026-06-29,2026-04-04,2026-04-21,HR,Done
T-3528,Draft report v2,Lila Zheng,In Progress,Low,2026-07-16,2026-04-23,,Product,In Progress
T-3529,Draft migration across teams,Sasha Mendel,Not Started,Low,2026-05-20,2026-02-20,,Security,Not Started
T-3530,Migrate renewal kickoff,Devon Reyes,In Progress,Medium,2026-03-18,2026-01-24,,Operations,Not Started
T-3531,Investigate dashboard after incident #47,James Liu,Done,Low,2026-03-22,2026-01-25,2026-03-20,Operations,Done
T-3532,Update integration for new hires,Anita Rao,In Progress,Medium,2026-04-28,2026-02-26,,Finance,In Progress
T-3533,Configure audit for partners,Marcus Tate,Done,Medium,2026-04-11,2026-01-12,2026-02-04,Sales,Done
T-3534,Draft migration for partners,Yumi Tanaka,Not Started,Medium,2026-07-15,2026-04-03,,Sales,Not Started
T-3535,Document campaign consolidation,Jordan Bell,Done,High,2026-05-22,2026-04-06,2026-04-08,Engineering,Done
T-3536,Review checklist annual,Sasha Mendel,Not Started,Medium,2026-06-13,2026-04-06,,Security,Not Started
T-3537,Validate runbook kickoff,Marcus Tate,Done,Medium,2026-06-02,2026-03-21,2026-04-11,Sales,Done
T-3538,Decommission migration in EU region,Tara Okonkwo,Not Started,Low,2026-02-18,2026-01-03,,Operations,Not Started
T-3539,Draft policy in EU region,Alex Wang,Done,Medium,2026-05-20,2026-04-02,2026-04-06,Engineering,Done
T-3540,Audit campaign phase 2,Cara Singh,In Progress,Medium,2026-06-11,2026-03-23,,Product,In Progress
T-3541,Review rollout in EU region,Riley Kim,Not Started,Critical,2026-07-01,2026-04-13,,Marketing,Not Started
T-3542,Negotiate spec for new hires,Erik Andersson,Done,Medium,2026-04-19,2026-01-07,2026-04-13,Sales,Done
T-3543,Document runbook across teams,Anita Rao,Blocked,Low,2026-06-18,2026-03-17,,Finance,Blocked
T-3544,Validate rollout follow-up,Anita Rao,Not Started,Critical,2026-04-19,2026-03-28,,Finance,Not Started
T-3545,Test campaign v2,Lila Zheng,Done,Medium,2026-05-17,2026-04-08,2026-04-18,Product,Done
T-3546,Plan playbook for new hires,Maya Chen,In Progress,Medium,2026-03-20,2026-01-25,,Product,In Progress
T-3547,Migrate integration v2,Sam Khoury,In Progress,Medium,2026-05-04,2026-01-23,,Engineering,In Progress
T-3548,Plan audit follow-up,Anita Rao,In Progress,Medium,2026-02-02,2026-01-17,,Finance,In Progress
T-3549,Negotiate rollout wrap-up,Tara Okonkwo,Done,Medium,2026-06-24,2026-04-18,2026-04-29,Operations,Done
T-3550,Test review for Q3,Maya Park,In Progress,Medium,2026-05-05,2026-02-01,,Engineering,Done
T-3551,Refactor campaign v2,Lila Zheng,In Progress,Medium,2026-05-04,2026-03-04,,Product,In Progress
T-3552,Validate policy for legal review,James Liu,Not Started,Medium,2026-02-28,2026-01-11,,Operations,Not Started
T-3553,Configure renewal Q1,Sasha Mendel,Blocked,Medium,2026-07-05,2026-04-21,,Security,Blocked
T-3554,Coordinate training across teams,Sam Khoury,In Progress,Medium,2026-03-18,2026-02-06,,Engineering,Not Started
T-3555,Onboard audit for Q3,Wendy Lee,In Progress,Medium,2026-05-15,2026-03-14,,Finance,In Progress
T-3556,Migrate rubric for executive sync,Yumi Tanaka,In Progress,High,2026-04-17,2026-01-30,,Sales,In Progress
T-3557,Negotiate workflow after incident #47,Riley Kim,Blocked,Low,2026-02-08,2026-01-21,,Marketing,In Progress
T-3558,Plan migration v2,Wendy Lee,Blocked,Medium,2026-04-02,2026-02-05,,Finance,Blocked
T-3559,Review integration wrap-up,Devon Park,In Progress,High,2026-03-03,2026-02-07,,Security,In Progress
T-3560,Update integration follow-up,Jordan West,Done,High,2026-06-13,2026-03-21,2026-04-22,HR,Done
T-3561,Decommission migration annual,Nina Patel,In Progress,Medium,2026-05-17,2026-02-19,,HR,In Progress
T-3562,Draft runbook for Q3,Maya Park,Done,Low,2026-06-03,2026-03-27,2026-04-10,Engineering,In Progress
T-3563,Negotiate dashboard follow-up,Sasha Mendel,Done,Medium,2026-04-11,2026-03-02,2026-04-08,Security,Done
T-3564,Roll out renewal for Q3,Tara Okonkwo,In Progress,Low,2026-05-27,2026-04-14,,Operations,In Progress
T-3565,Audit rubric consolidation,Tara Okonkwo,Not Started,Medium,2026-04-19,2026-04-03,,Operations,Not Started
T-3566,Onboard rollout v2,Nina Patel,Blocked,Medium,2026-05-25,2026-03-21,,HR,Blocked
T-3567,Configure integration for new hires,Erik Andersson,Blocked,Medium,2026-02-16,2026-01-24,,Sales,Blocked
T-3568,Coordinate dashboard Q1,Anita Rao,Done,Medium,2026-06-04,2026-04-06,2026-04-23,Finance,Done
T-3569,Review dashboard kickoff,Alex Wang,Not Started,Medium,2026-02-08,2026-01-10,,Engineering,Not Started
T-3570,Review spec for new hires,Yumi Tanaka,In Progress,Medium,2026-08-03,2026-04-28,,Sales,In Progress
T-3571,Implement migration across teams,Erik Andersson,Done,Medium,2026-05-26,2026-02-16,2026-03-20,Sales,Done
T-3572,Review runbook after incident #47,Anita Rao,In Progress,Medium,2026-04-13,2026-03-04,,Finance,In Progress
T-3573,Launch review Q1,Sasha Mendel,Done,Medium,2026-05-30,2026-04-04,2026-04-13,Security,Done
T-3574,Update report for legal review,Devon Park,Done,Medium,2026-03-20,2026-02-12,2026-03-29,Security,Done
T-3575,Decommission migration follow-up,Anita Rao,In Progress,Medium,2026-06-18,2026-03-07,,Finance,Done
T-3576,Negotiate training for executive sync,Sasha Mendel,In Progress,High,2026-05-27,2026-04-10,,Security,Not Started
T-3577,Roll out migration annual,Yumi Tanaka,Done,Low,2026-05-13,2026-03-13,2026-05-01,Sales,Done
T-3578,Review service for executive sync,Nina Patel,Done,Medium,2026-04-05,2026-01-19,2026-04-28,HR,Done
T-3579,Draft checklist kickoff,Riley Kim,In Progress,Medium,2026-04-29,2026-01-29,,Marketing,In Progress
T-3580,Test service for new hires,Maya Iwata,Not Started,Medium,2026-04-20,2026-01-21,,Marketing,Not Started
T-3581,Test campaign phase 2,Erik Andersson,In Progress,Medium,2026-06-08,2026-04-03,,Sales,Done
T-3582,Document migration for executive sync,Ben Hartley,Not Started,Medium,2026-02-13,2026-01-26,,Product,Not Started
T-3583,Audit renewal consolidation,Maya Iwata,Blocked,Medium,2026-04-28,2026-04-14,,Marketing,Blocked
T-3584,Negotiate service for legal review,Maya Iwata,Done,Low,2026-05-13,2026-02-10,2026-04-27,Marketing,In Progress
T-3585,Configure campaign for Q3,Nina Patel,Done,Medium,2026-04-09,2026-01-05,2026-03-09,HR,Done
T-3586,Launch rollout kickoff,Marcus Tate,In Progress,Low,2026-03-29,2026-02-22,,Sales,In Progress
T-3587,Launch rubric follow-up,Cara Singh,Done,Medium,2026-06-10,2026-03-14,2026-04-22,Product,Done
T-3588,Plan migration Q1,Sasha Mendel,Done,High,2026-05-18,2026-04-24,2026-05-01,Security,Done
T-3589,Decommission checklist for new hires,Yumi Tanaka,In Progress,High,2026-07-03,2026-03-30,,Sales,In Progress
T-3590,Validate playbook for partners,Anita Rao,Done,Medium,2026-03-20,2026-01-31,2026-02-02,Finance,Done
T-3591,Negotiate integration consolidation,Yumi Tanaka,In Progress,Low,2026-02-28,2026-02-11,,Sales,In Progress
T-3592,Update service consolidation,Owen Briggs,Done,Medium,2026-03-31,2026-03-05,2026-03-05,HR,Done
T-3593,Update playbook v2,Owen Briggs,Done,Medium,2026-07-12,2026-04-24,2026-04-27,HR,Done
T-3594,Roll out rubric for new hires,Ben Hartley,Done,Medium,2026-04-28,2026-01-15,2026-04-26,Product,Done
T-3595,Refactor renewal for Q3,Anita Rao,In Progress,Medium,2026-04-03,2026-03-16,,Finance,In Progress
T-3596,Refactor playbook annual,Jordan Bell,Done,High,2026-04-24,2026-03-26,2026-04-17,Engineering,Done
T-3597,Plan report across teams,Maya Iwata,In Progress,Critical,2026-03-15,2026-01-22,,Marketing,In Progress
T-3598,Launch integration phase 2,Ben Hartley,Not Started,Critical,2026-04-12,2026-01-11,,Product,Not Started
T-3599,Launch service for legal review,Devon Park,In Progress,Medium,2026-05-17,2026-04-04,,Security,In Progress
T-3600,Audit migration for executive sync,Nina Patel,In Progress,High,2026-02-11,2026-01-19,,HR,In Progress
T-3601,Decommission spec consolidation,Wendy Lee,Done,Low,2026-06-05,2026-03-05,2026-03-20,Finance,Done
T-3602,Test review follow-up,Maya Iwata,In Progress,Low,2026-02-21,2026-01-25,,Marketing,In Progress
T-3603,Optimize playbook for partners,Owen Briggs,In Progress,Medium,2026-08-04,2026-05-01,,HR,In Progress
T-3604,Review spec wrap-up,Riley Kim,Not Started,Medium,2026-04-15,2026-02-01,,Marketing,Not Started
T-3605,Document framework v2,Tara Okonkwo,Done,Low,2026-04-11,2026-01-04,2026-01-09,Operations,Done
T-3606,Optimize spec for legal review,Jordan West,Done,Medium,2026-05-18,2026-03-07,2026-04-24,HR,Done
T-3607,Validate report kickoff,Anita Rao,Not Started,Low,2026-03-26,2026-02-16,,Finance,Not Started
T-3608,Document review after incident #47,Devon Park,Not Started,High,2026-05-04,2026-03-06,,Security,Not Started
T-3609,Plan integration for partners,Jordan Bell,Blocked,Medium,2026-05-31,2026-04-22,,Engineering,Blocked
T-3610,Approve campaign across teams,Yumi Tanaka,Not Started,Medium,2026-03-04,2026-01-04,,Sales,Not Started
T-3611,Plan report for partners,Devon Park,Blocked,Low,2026-06-12,2026-04-23,,Security,Blocked
T-3612,Migrate review annual,Wendy Lee,In Progress,Low,2026-05-27,2026-04-02,,Finance,In Progress
T-3613,Document framework for Q3,Erik Andersson,Done,Low,2026-04-12,2026-03-21,2026-04-27,Sales,Done
T-3614,Update rollout wrap-up,Sasha Mendel,In Progress,High,2026-05-22,2026-03-02,,Security,In Progress
T-3615,Onboard rollout for partners,Yumi Tanaka,Not Started,Low,2026-05-19,2026-02-08,,Sales,Not Started
T-3616,Optimize runbook after incident #47,Alex Wang,Not Started,Medium,2026-05-17,2026-02-25,,Engineering,Not Started
T-3617,Decommission policy across teams,Tara Okonkwo,Done,High,2026-05-30,2026-04-02,2026-04-14,Operations,Blocked
T-3618,Approve integration after incident #47,Owen Briggs,Done,Low,2026-03-12,2026-02-05,2026-02-05,HR,Done
T-3619,Launch policy consolidation,Sam Khoury,Done,Critical,2026-05-25,2026-04-12,2026-05-01,Engineering,Done
T-3620,Validate framework for Q3,Carlos Vega,In Progress,Medium,2026-05-03,2026-02-06,,Marketing,In Progress
T-3621,Refactor renewal wrap-up,Anita Rao,Done,Medium,2026-04-20,2026-04-02,2026-04-07,Finance,Done
T-3622,Validate spec kickoff,Ben Hartley,In Progress,Medium,2026-04-09,2026-01-19,,Product,In Progress
T-3623,Migrate migration wrap-up,Nina Patel,Done,High,2026-07-12,2026-04-13,2026-04-25,HR,Done
T-3624,Launch playbook for new hires,Devon Park,In Progress,Medium,2026-05-02,2026-01-29,,Security,Done
T-3625,Migrate campaign for Q3,Nina Patel,Done,Medium,2026-07-12,2026-04-06,2026-05-01,HR,Done
T-3626,Launch service phase 2,Jordan Bell,Done,Low,2026-05-13,2026-04-08,2026-04-25,Engineering,Done
T-3627,Coordinate checklist in EU region,Anita Rao,Done,Medium,2026-03-02,2026-01-31,2026-03-19,Finance,Blocked
T-3628,Validate service wrap-up,Maya Iwata,Done,Medium,2026-02-08,2026-01-08,2026-01-11,Marketing,In Progress
T-3629,Draft runbook wrap-up,Devon Park,In Progress,Medium,2026-04-16,2026-01-18,,Security,In Progress
T-3630,Plan workflow v2,Marcus Tate,Done,High,2026-05-27,2026-03-10,2026-03-22,Sales,In Progress
T-3631,Validate dashboard wrap-up,Devon Park,Done,Medium,2026-04-05,2026-02-21,2026-04-28,Security,Done
T-3632,Launch workflow after incident #47,Nina Patel,In Progress,High,2026-04-09,2026-02-13,,HR,In Progress
T-3633,Plan service wrap-up,Owen Briggs,Not Started,Medium,2026-06-05,2026-03-25,,HR,Not Started
T-3634,Validate playbook in EU region,Devon Reyes,In Progress,High,2026-05-01,2026-03-15,,Operations,In Progress
T-3635,Test policy in EU region,James Liu,Done,High,2026-06-07,2026-04-15,2026-04-26,Operations,Done
T-3636,Draft rollout phase 2,Maya Park,Not Started,Low,2026-02-19,2026-02-02,,Engineering,Not Started
T-3637,Audit runbook for new hires,Sam Khoury,Done,Low,2026-05-21,2026-03-19,2026-03-27,Engineering,Done
T-3638,Negotiate rubric consolidation,Carlos Vega,Not Started,Medium,2026-06-11,2026-03-18,,Marketing,Not Started
T-3639,Decommission review for Q3,Cara Singh,Done,Low,2026-06-27,2026-03-27,2026-04-20,Product,Done
T-3640,Onboard rubric for executive sync,Jordan West,In Progress,Critical,2026-06-23,2026-03-23,,HR,In Progress
T-3641,Negotiate framework for legal review,Sam Khoury,Done,Medium,2026-01-20,2026-01-05,2026-02-27,Engineering,Blocked
T-3642,Migrate integration for Q3,Sasha Mendel,In Progress,Medium,2026-04-21,2026-02-25,,Security,In Progress
T-3643,Validate rollout for legal review,Anita Rao,Done,Medium,2026-04-11,2026-01-12,2026-03-19,Finance,Done
T-3644,Decommission rollout for legal review,Devon Park,Not Started,Medium,2026-03-11,2026-01-24,,Security,Not Started
T-3645,Decommission dashboard phase 2,Owen Briggs,Not Started,Medium,2026-04-20,2026-01-23,,HR,Not Started
T-3646,Roll out rollout for new hires,Anita Rao,Done,Low,2026-02-09,2026-01-07,2026-04-17,Finance,Done
T-3647,Decommission dashboard for partners,Cara Singh,In Progress,Medium,2026-05-17,2026-04-30,,Product,Not Started
T-3648,Audit checklist for legal review,Tara Okonkwo,In Progress,High,2026-06-05,2026-04-30,,Operations,In Progress
T-3649,Plan checklist kickoff,Jordan West,In Progress,Medium,2026-07-27,2026-05-02,,HR,Not Started
T-3650,Decommission integration kickoff,Anita Rao,In Progress,Medium,2026-02-18,2026-01-10,,Finance,In Progress
T-3651,Configure migration for Q3,Tara Okonkwo,In Progress,Low,2026-05-08,2026-02-21,,Operations,In Progress
T-3652,Document workflow follow-up,Sasha Mendel,Done,High,2026-05-23,2026-03-09,2026-03-13,Security,Done
T-3653,Review migration phase 2,Sasha Mendel,In Progress,Medium,2026-06-01,2026-04-10,,Security,Done
T-3654,Launch runbook kickoff,Riley Kim,Done,Medium,2026-07-09,2026-04-08,2026-04-30,Marketing,Done
T-3655,Document rollout Q1,Alex Wang,Not Started,Low,2026-03-29,2026-02-14,,Engineering,Not Started
T-3656,Investigate review follow-up,Owen Briggs,Not Started,Critical,2026-06-10,2026-03-12,,HR,Not Started
T-3657,Roll out pipeline v2,Sasha Mendel,In Progress,Medium,2026-06-10,2026-03-15,,Security,Done
T-3658,Coordinate pipeline phase 2,Sasha Mendel,Done,Low,2026-06-10,2026-04-10,2026-04-24,Security,Done
T-3659,Validate workflow consolidation,Marcus Tate,In Progress,Low,2026-04-21,2026-01-09,,Sales,In Progress
T-3660,Refactor audit v2,Yumi Tanaka,Done,High,2026-04-30,2026-02-21,2026-04-02,Sales,Done
T-3661,Launch integration in EU region,Maya Iwata,Done,Medium,2026-04-11,2026-01-14,2026-01-21,Marketing,Done
T-3662,Onboard spec for Q3,Nina Patel,Done,Medium,2026-05-20,2026-04-07,2026-04-24,HR,Done
T-3663,Review framework phase 2,Devon Park,In Progress,Medium,2026-04-12,2026-02-10,,Security,In Progress
T-3664,Launch rollout annual,Carlos Vega,Done,Medium,2026-05-18,2026-03-09,2026-04-29,Marketing,Done
T-3665,Negotiate pipeline across teams,Sasha Mendel,Done,Medium,2026-04-13,2026-01-30,2026-02-05,Security,Done
T-3666,Review framework after incident #47,Cara Singh,Blocked,Medium,2026-04-24,2026-01-28,,Product,Blocked
T-3667,Roll out service for legal review,Maya Park,In Progress,Medium,2026-05-23,2026-04-14,,Engineering,Done
T-3668,Configure framework phase 2,Riley Kim,Not Started,Medium,2026-04-16,2026-03-12,,Marketing,Not Started
T-3669,Launch playbook for executive sync,Owen Briggs,Done,Medium,2026-05-21,2026-04-23,2026-04-24,HR,Done
T-3670,Decommission rubric v2,Yumi Tanaka,Not Started,High,2026-02-12,2026-01-14,,Sales,Not Started
T-3671,Onboard framework after incident #47,Priya Nair,Done,Low,2026-04-16,2026-03-26,2026-03-29,Engineering,Done
T-3672,Investigate runbook annual,Priya Nair,Not Started,Low,2026-04-20,2026-01-29,,Engineering,Not Started
T-3673,Document dashboard annual,Yumi Tanaka,In Progress,Low,2026-06-22,2026-03-23,,Sales,In Progress
T-3674,Configure workflow for partners,Priya Nair,Not Started,Low,2026-05-16,2026-02-25,,Engineering,Not Started
T-3675,Optimize rollout kickoff,Ben Hartley,Done,Medium,2026-04-13,2026-03-07,2026-04-03,Product,Done
T-3676,Approve training for new hires,James Liu,Blocked,Critical,2026-02-26,2026-01-22,,Operations,Blocked
T-3677,Decommission runbook for partners,Marcus Tate,In Progress,Medium,2026-04-10,2026-01-03,,Sales,In Progress
T-3678,Draft workflow for executive sync,Anita Rao,In Progress,Low,2026-07-16,2026-04-27,,Finance,In Progress
T-3679,Onboard migration wrap-up,Wendy Lee,Done,Low,2026-07-24,2026-04-15,2026-04-15,Finance,Done
T-3680,Negotiate migration for Q3,Priya Nair,Not Started,Medium,2026-03-07,2026-01-05,,Engineering,Not Started
T-3681,Decommission renewal for Q3,Maya Park,Done,Medium,2026-04-02,2026-03-05,2026-03-22,Engineering,Done
T-3682,Document pipeline for new hires,Nina Patel,Blocked,Low,2026-02-10,2026-01-20,,HR,Blocked
T-3683,Validate service for partners,Devon Park,Blocked,High,2026-06-06,2026-04-06,,Security,Blocked
T-3684,Decommission pipeline for executive sync,Maya Iwata,Not Started,High,2026-05-05,2026-01-26,,Marketing,Not Started
T-3685,Migrate framework wrap-up,Riley Kim,In Progress,High,2026-03-25,2026-02-28,,Marketing,In Progress
T-3686,Negotiate integration kickoff,Sasha Mendel,In Progress,Low,2026-05-16,2026-04-10,,Security,In Progress
T-3687,Launch spec phase 2,Marcus Tate,In Progress,Medium,2026-06-24,2026-04-04,,Sales,In Progress
T-3688,Draft campaign for partners,Anita Rao,Blocked,Medium,2026-05-07,2026-02-24,,Finance,In Progress
T-3689,Refactor checklist phase 2,Tara Okonkwo,In Progress,Critical,2026-04-04,2026-02-20,,Operations,In Progress
T-3690,Launch rollout for executive sync,James Liu,Done,Medium,2026-06-07,2026-04-06,2026-04-18,Operations,Done
T-3691,Coordinate playbook for new hires,Anita Rao,In Progress,Critical,2026-06-09,2026-03-24,,Finance,In Progress
T-3692,Onboard migration v2,Erik Andersson,In Progress,Low,2026-06-22,2026-03-14,,Sales,Done
T-3693,Refactor review v2,Jordan Bell,In Progress,Medium,2026-04-30,2026-03-06,,Engineering,In Progress
T-3694,Decommission pipeline kickoff,Tara Okonkwo,Done,Medium,2026-04-19,2026-02-25,2026-03-07,Operations,Done
T-3695,Approve framework consolidation,Devon Park,Not Started,High,2026-05-16,2026-02-28,,Security,Not Started
T-3696,Launch renewal kickoff,Wendy Lee,Done,Low,2026-03-29,2026-03-11,2026-04-25,Finance,Done
T-3697,Draft renewal phase 2,Devon Park,Done,Medium,2026-04-29,2026-01-22,2026-02-16,Security,Blocked
T-3698,Roll out dashboard for executive sync,Maya Iwata,Blocked,Medium,2026-04-27,2026-02-08,,Marketing,Blocked
T-3699,Approve runbook consolidation,Yumi Tanaka,Blocked,Medium,2026-05-08,2026-02-23,,Sales,Blocked
T-3700,Approve runbook wrap-up,Nina Patel,Done,Low,2026-06-14,2026-04-23,2026-04-23,HR,Done
T-3701,Configure playbook for partners,Devon Park,Not Started,Medium,2026-05-12,2026-02-22,,Security,Not Started
T-3702,Roll out rollout v2,Marcus Tate,Done,Medium,2026-03-04,2026-02-05,2026-04-19,Sales,In Progress
T-3703,Document playbook annual,Nina Patel,Blocked,Medium,2026-03-08,2026-01-18,,HR,Blocked
T-3704,Optimize training follow-up,Marcus Tate,In Progress,Medium,2026-02-20,2026-01-05,,Sales,In Progress
T-3705,Document rollout v2,Yumi Tanaka,In Progress,Medium,2026-02-28,2026-02-07,,Sales,In Progress
T-3706,Negotiate renewal after incident #47,Owen Briggs,Done,Medium,2026-06-21,2026-03-24,2026-04-24,HR,Done
T-3707,Migrate rubric for partners,Carlos Vega,In Progress,Medium,2026-04-22,2026-01-11,,Marketing,In Progress
T-3708,Test dashboard after incident #47,Carlos Vega,Not Started,Medium,2026-06-24,2026-04-09,,Marketing,Not Started
T-3709,Launch framework for executive sync,Yumi Tanaka,Done,Low,2026-05-26,2026-03-02,2026-05-02,Sales,Done
T-3710,Draft training annual,Cara Singh,In Progress,High,2026-06-04,2026-03-29,,Product,In Progress
T-3711,Refactor rollout wrap-up,Owen Briggs,Not Started,Medium,2026-04-24,2026-03-11,,HR,Not Started
T-3712,Investigate migration phase 2,Cara Singh,Done,Medium,2026-06-21,2026-04-18,2026-04-20,Product,Done
T-3713,Approve spec v2,Devon Park,In Progress,Medium,2026-04-01,2026-02-21,,Security,In Progress
T-3714,Investigate runbook for legal review,Jordan West,In Progress,Medium,2026-04-23,2026-03-20,,HR,In Progress
T-3715,Launch rollout in EU region,Nina Patel,Blocked,High,2026-05-03,2026-02-17,,HR,Blocked
T-3716,Migrate audit for Q3,Yumi Tanaka,Not Started,Medium,2026-04-24,2026-02-07,,Sales,Not Started
T-3717,Implement review v2,Yumi Tanaka,Blocked,High,2026-04-21,2026-02-06,,Sales,Blocked
T-3718,Onboard workflow in EU region,Riley Kim,In Progress,Low,2026-06-20,2026-03-22,,Marketing,In Progress
T-3719,Audit rollout for partners,Anita Rao,Blocked,Medium,2026-07-21,2026-04-25,,Finance,In Progress
T-3720,Decommission integration for executive sync,Ben Hartley,Done,Medium,2026-05-27,2026-03-19,2026-04-15,Product,Done
T-3721,Investigate pipeline kickoff,Devon Reyes,Done,Medium,2026-05-10,2026-02-23,2026-03-16,Operations,Done
T-3722,Implement rollout for executive sync,Devon Park,Not Started,Medium,2026-07-19,2026-04-09,,Security,Not Started
T-3723,Validate playbook consolidation,James Liu,In Progress,Medium,2026-05-04,2026-03-20,,Operations,In Progress
T-3724,Coordinate service for Q3,Cara Singh,In Progress,Medium,2026-04-11,2026-02-24,,Product,In Progress
T-3725,Negotiate renewal phase 2,Jordan West,Done,Medium,2026-03-21,2026-01-29,2026-03-19,HR,Done
T-3726,Update dashboard after incident #47,Riley Kim,Done,Medium,2026-07-02,2026-03-30,2026-04-15,Marketing,Blocked
T-3727,Migrate rubric for new hires,Devon Reyes,In Progress,Low,2026-07-04,2026-03-29,,Operations,In Progress
T-3728,Coordinate spec v2,Wendy Lee,Blocked,Medium,2026-04-30,2026-02-28,,Finance,Blocked
T-3729,Implement rubric Q1,Nina Patel,Done,High,2026-04-20,2026-02-14,2026-03-12,HR,Done
T-3730,Negotiate runbook Q1,Yumi Tanaka,Done,High,2026-06-27,2026-03-22,2026-03-29,Sales,Done
T-3731,Launch audit for new hires,James Liu,Done,High,2026-04-30,2026-03-10,2026-04-22,Operations,Done
T-3732,Review pipeline for Q3,Riley Kim,Not Started,Medium,2026-03-06,2026-02-19,,Marketing,Not Started
T-3733,Refactor training across teams,Erik Andersson,In Progress,Medium,2026-03-11,2026-02-14,,Sales,In Progress
T-3734,Audit training for new hires,Anita Rao,In Progress,Medium,2026-05-14,2026-03-08,,Finance,In Progress
T-3735,Investigate rubric after incident #47,Owen Briggs,Done,Medium,2026-04-07,2026-01-22,2026-04-10,HR,Done
T-3736,Decommission checklist v2,Yumi Tanaka,In Progress,Low,2026-04-16,2026-02-04,,Sales,In Progress
T-3737,Update integration consolidation,Sasha Mendel,Done,Medium,2026-05-10,2026-03-03,2026-03-24,Security,Done
T-3738,Negotiate renewal for legal review,Tara Okonkwo,Not Started,Medium,2026-05-12,2026-02-14,,Operations,Not Started
T-3739,Optimize pipeline phase 2,Wendy Lee,Not Started,Medium,2026-04-15,2026-01-30,,Finance,Not Started
T-3740,Migrate runbook consolidation,Wendy Lee,Blocked,Medium,2026-05-04,2026-01-26,,Finance,Blocked
T-3741,Launch rollout v2,Ben Hartley,Done,High,2026-04-01,2026-01-27,2026-04-12,Product,Done
T-3742,Refactor training consolidation,Erik Andersson,In Progress,High,2026-05-31,2026-02-28,,Sales,In Progress
T-3743,Onboard checklist phase 2,James Liu,Not Started,Medium,2026-04-19,2026-03-01,,Operations,Not Started
T-3744,Review playbook annual,Maya Park,In Progress,Medium,2026-06-06,2026-02-25,,Engineering,In Progress
T-3745,Decommission rollout Q1,Wendy Lee,Done,Medium,2026-04-11,2026-02-12,2026-03-01,Finance,Done
T-3746,Validate dashboard consolidation,Nina Patel,Not Started,Medium,2026-06-20,2026-03-19,,HR,Not Started
T-3747,Decommission framework follow-up,Nina Patel,Done,Medium,2026-04-15,2026-01-17,2026-02-05,HR,Done
T-3748,Coordinate rollout kickoff,Devon Park,Done,Medium,2026-03-05,2026-01-18,2026-03-02,Security,Done
T-3749,Test rollout kickoff,Sasha Mendel,Done,Medium,2026-06-08,2026-05-01,2026-05-02,Security,In Progress
T-3750,Launch report in EU region,Erik Andersson,Done,Medium,2026-04-28,2026-02-10,2026-03-06,Sales,Done
T-3751,Draft pipeline after incident #47,Sasha Mendel,In Progress,Medium,2026-04-14,2026-01-29,,Security,In Progress
T-3752,Migrate campaign for partners,Riley Kim,Blocked,Low,2026-07-19,2026-04-26,,Marketing,Blocked
T-3753,Launch service annual,Lila Zheng,Not Started,High,2026-06-20,2026-04-03,,Product,Not Started
T-3754,Investigate pipeline Q1,Yumi Tanaka,Done,Medium,2026-03-01,2026-01-17,2026-03-04,Sales,Done
T-3755,Plan spec consolidation,Maya Iwata,Blocked,Medium,2026-05-04,2026-03-27,,Marketing,Blocked
T-3756,Decommission rollout v2,Tara Okonkwo,In Progress,Medium,2026-06-06,2026-03-06,,Operations,In Progress
T-3757,Roll out rollout for partners,Devon Park,Done,High,2026-03-10,2026-01-31,2026-03-23,Security,Done
T-3758,Configure runbook consolidation,Jordan West,Done,Medium,2026-03-30,2026-01-23,2026-02-11,HR,Done
T-3759,Approve pipeline wrap-up,Devon Reyes,Not Started,High,2026-03-18,2026-03-03,,Operations,Not Started
T-3760,Configure spec for legal review,Devon Park,In Progress,Medium,2026-04-15,2026-02-01,,Security,In Progress
T-3761,Launch renewal for legal review,Sam Khoury,In Progress,Low,2026-07-10,2026-04-30,,Engineering,In Progress
T-3762,Coordinate renewal Q1,Cara Singh,In Progress,High,2026-06-02,2026-04-18,,Product,In Progress
T-3763,Migrate playbook for new hires,Anita Rao,In Progress,Medium,2026-06-27,2026-04-07,,Finance,In Progress
T-3764,Launch checklist phase 2,Anita Rao,Done,Low,2026-06-06,2026-04-14,2026-04-17,Finance,Done
T-3765,Decommission service phase 2,Anita Rao,In Progress,Medium,2026-04-20,2026-02-26,,Finance,Done
T-3766,Update renewal annual,Marcus Tate,Done,Medium,2026-06-08,2026-03-25,2026-04-21,Sales,Done
T-3767,Migrate framework in EU region,Maya Iwata,Done,Medium,2026-04-02,2026-01-15,2026-04-19,Marketing,Done
T-3768,Coordinate integration follow-up,Cara Singh,Not Started,High,2026-06-18,2026-03-22,,Product,Not Started
T-3769,Migrate framework after incident #47,Marcus Tate,In Progress,High,2026-05-09,2026-01-27,,Sales,In Progress
T-3770,Roll out migration for partners,Yumi Tanaka,Done,Low,2026-05-15,2026-03-28,2026-04-11,Sales,Done
T-3771,Update rubric annual,Maya Chen,In Progress,Low,2026-07-10,2026-04-07,,Product,In Progress
T-3772,Draft campaign in EU region,Wendy Lee,In Progress,Medium,2026-04-12,2026-01-13,,Finance,In Progress
T-3773,Draft policy after incident #47,Riley Kim,Not Started,High,2026-04-04,2026-03-08,,Marketing,Not Started
T-3774,Optimize checklist for partners,Wendy Lee,Done,High,2026-05-15,2026-02-08,2026-03-06,Finance,Done
T-3775,Decommission rollout in EU region,Maya Iwata,Not Started,Medium,2026-05-04,2026-03-19,,Marketing,Not Started
T-3776,Review framework after incident #47,Devon Park,Blocked,Low,2026-04-04,2026-02-28,,Security,Blocked
T-3777,Negotiate checklist phase 2,Sasha Mendel,Blocked,High,2026-02-18,2026-01-11,,Security,Blocked
T-3778,Optimize audit v2,Devon Park,Not Started,Medium,2026-05-03,2026-02-20,,Security,Not Started
T-3779,Update dashboard in EU region,Jordan Bell,Blocked,High,2026-04-26,2026-03-11,,Engineering,Blocked
T-3780,Decommission report annual,James Liu,Not Started,Medium,2026-05-22,2026-02-25,,Operations,Not Started
T-3781,Validate workflow annual,Jordan West,Done,Medium,2026-05-17,2026-03-07,2026-04-30,HR,Done
T-3782,Coordinate dashboard after incident #47,Devon Park,Done,Medium,2026-04-25,2026-03-04,2026-03-04,Security,Done
T-3783,Configure rollout across teams,Wendy Lee,Done,High,2026-06-01,2026-02-19,2026-04-27,Finance,Done
T-3784,Onboard pipeline phase 2,Tara Okonkwo,Not Started,Medium,2026-03-17,2026-01-14,,Operations,Not Started
T-3785,Implement policy v2,Sam Khoury,Done,Medium,2026-04-28,2026-02-04,2026-02-18,Engineering,Blocked
T-3786,Document training follow-up,Marcus Tate,In Progress,Low,2026-03-27,2026-03-01,,Sales,In Progress
T-3787,Draft audit Q1,Anita Rao,Blocked,Medium,2026-06-30,2026-04-13,,Finance,Blocked
T-3788,Investigate pipeline follow-up,Maya Chen,In Progress,High,2026-04-23,2026-02-13,,Product,In Progress
T-3789,Configure review for Q3,Nina Patel,Not Started,Medium,2026-05-10,2026-04-23,,HR,Not Started
T-3790,Migrate playbook for new hires,James Liu,Not Started,High,2026-02-02,2026-01-04,,Operations,Not Started
T-3791,Coordinate rollout wrap-up,Jordan West,Done,Low,2026-05-09,2026-04-05,2026-04-11,HR,In Progress
T-3792,Document playbook for new hires,Devon Park,In Progress,High,2026-03-23,2026-02-24,,Security,In Progress
T-3793,Investigate service for partners,Marcus Tate,In Progress,Critical,2026-06-19,2026-03-19,,Sales,In Progress
T-3794,Audit spec for Q3,Anita Rao,In Progress,High,2026-04-02,2026-02-20,,Finance,In Progress
T-3795,Launch rollout wrap-up,Yumi Tanaka,Not Started,Low,2026-05-14,2026-02-17,,Sales,Not Started
T-3796,Validate report for new hires,Anita Rao,Not Started,Medium,2026-04-05,2026-01-07,,Finance,Not Started
T-3797,Decommission rubric for new hires,Jordan West,Done,Low,2026-04-19,2026-01-22,2026-02-15,HR,Done
T-3798,Roll out framework annual,Marcus Tate,Blocked,High,2026-03-05,2026-02-05,,Sales,In Progress
T-3799,Migrate spec after incident #47,Riley Kim,Done,Medium,2026-05-27,2026-02-13,2026-04-29,Marketing,Done
T-3800,Coordinate rubric across teams,Devon Park,Not Started,High,2026-03-18,2026-02-26,,Security,Not Started
T-3801,Audit rubric for new hires,James Liu,Not Started,Medium,2026-07-25,2026-04-29,,Operations,Not Started
T-3802,Audit workflow wrap-up,Owen Briggs,Done,Medium,2026-05-16,2026-04-12,2026-04-23,HR,Blocked
T-3803,Review runbook phase 2,Erik Andersson,Not Started,High,2026-05-01,2026-02-17,,Sales,Not Started
T-3804,Review rollout in EU region,Devon Reyes,In Progress,Low,2026-04-15,2026-03-20,,Operations,In Progress
T-3805,Decommission pipeline in EU region,Owen Briggs,In Progress,Medium,2026-05-21,2026-03-29,,HR,In Progress
T-3806,Update dashboard Q1,Devon Reyes,Done,High,2026-06-06,2026-04-18,2026-04-28,Operations,In Progress
T-3807,Onboard report annual,Yumi Tanaka,In Progress,High,2026-05-20,2026-02-19,,Sales,In Progress
T-3808,Launch workflow in EU region,Tara Okonkwo,Done,Medium,2026-03-07,2026-02-14,2026-04-10,Operations,Done
T-3809,Implement runbook for new hires,Wendy Lee,In Progress,Low,2026-06-14,2026-03-06,,Finance,In Progress
T-3810,Coordinate policy for executive sync,Maya Iwata,Not Started,High,2026-04-12,2026-02-23,,Marketing,Not Started
T-3811,Document training for Q3,Maya Chen,Done,High,2026-04-15,2026-02-07,2026-03-16,Product,Done
T-3812,Document playbook for legal review,Devon Reyes,Done,Medium,2026-06-05,2026-03-30,2026-05-02,Operations,Done
T-3813,Coordinate integration for new hires,Tara Okonkwo,In Progress,Low,2026-05-14,2026-03-22,,Operations,In Progress
T-3814,Test pipeline follow-up,Devon Park,In Progress,Low,2026-02-15,2026-01-30,,Security,In Progress
T-3815,Coordinate campaign Q1,Maya Park,Blocked,Medium,2026-01-27,2026-01-09,,Engineering,Blocked
T-3816,Refactor workflow annual,Wendy Lee,In Progress,Medium,2026-05-12,2026-01-29,,Finance,Not Started
T-3817,Negotiate spec in EU region,Anita Rao,Not Started,Medium,2026-02-01,2026-01-09,,Finance,Not Started
T-3818,Investigate report in EU region,Devon Reyes,In Progress,High,2026-02-22,2026-01-09,,Operations,In Progress
T-3819,Update audit phase 2,Wendy Lee,Not Started,Medium,2026-05-19,2026-04-14,,Finance,Not Started
T-3820,Optimize checklist annual,Cara Singh,Done,High,2026-04-08,2026-01-29,2026-04-23,Product,In Progress
T-3821,Document renewal annual,Sasha Mendel,Done,Medium,2026-07-15,2026-04-11,2026-04-25,Security,Blocked
T-3822,Audit rollout kickoff,Alex Wang,Done,Low,2026-06-13,2026-04-12,2026-04-14,Engineering,Done
T-3823,Coordinate service for new hires,Anita Rao,Done,Medium,2026-03-16,2026-02-12,2026-04-17,Finance,Done
T-3824,Configure rollout Q1,Devon Park,Done,Medium,2026-06-16,2026-04-28,2026-05-01,Security,Done
T-3825,Optimize report for executive sync,Owen Briggs,Not Started,Medium,2026-05-30,2026-03-12,,HR,Not Started
T-3826,Investigate workflow after incident #47,Lila Zheng,Not Started,Low,2026-03-04,2026-01-24,,Product,Not Started
T-3827,Configure review follow-up,Sasha Mendel,Done,Low,2026-02-26,2026-01-25,2026-03-10,Security,Blocked
T-3828,Negotiate pipeline phase 2,Lila Zheng,In Progress,Medium,2026-03-22,2026-02-26,,Product,In Progress
T-3829,Test playbook annual,Wendy Lee,Not Started,High,2026-04-07,2026-02-09,,Finance,Not Started
T-3830,Test integration wrap-up,Maya Park,Done,Critical,2026-05-02,2026-03-29,2026-04-10,Engineering,Done
T-3831,Launch dashboard v2,Yumi Tanaka,Done,Low,2026-04-06,2026-03-06,2026-04-12,Sales,Done
T-3832,Test dashboard phase 2,Anita Rao,Done,Medium,2026-05-29,2026-03-11,2026-04-19,Finance,In Progress
T-3833,Audit review kickoff,Lila Zheng,Done,High,2026-06-23,2026-04-18,2026-04-30,Product,Done
T-3834,Approve rollout for new hires,Priya Nair,Done,High,2026-04-16,2026-02-25,2026-04-26,Engineering,Done
T-3835,Decommission training for Q3,Sasha Mendel,Blocked,Medium,2026-05-22,2026-03-17,,Security,Blocked
T-3836,Document spec kickoff,Sasha Mendel,Blocked,High,2026-04-29,2026-03-12,,Security,Blocked
T-3837,Launch training after incident #47,Devon Park,In Progress,Medium,2026-05-27,2026-04-04,,Security,In Progress
T-3838,Review rubric Q1,Owen Briggs,Done,High,2026-05-04,2026-03-23,2026-04-08,HR,Done
T-3839,Approve framework v2,Riley Kim,Done,Medium,2026-04-16,2026-03-15,2026-04-25,Marketing,Done
T-3840,Approve playbook follow-up,Marcus Tate,Not Started,Low,2026-04-03,2026-02-12,,Sales,Not Started
T-3841,Document dashboard for Q3,Jordan West,Not Started,High,2026-05-30,2026-03-04,,HR,Not Started
T-3842,Optimize renewal consolidation,Marcus Tate,Not Started,Medium,2026-02-20,2026-01-28,,Sales,Not Started
T-3843,Roll out checklist kickoff,Sasha Mendel,Not Started,Medium,2026-07-13,2026-04-30,,Security,Not Started
T-3844,Decommission runbook annual,Ben Hartley,Not Started,Medium,2026-04-15,2026-04-01,,Product,Not Started
T-3845,Document framework for partners,Sasha Mendel,In Progress,High,2026-03-24,2026-01-28,,Security,In Progress
T-3846,Refactor runbook consolidation,Wendy Lee,In Progress,Medium,2026-05-06,2026-02-02,,Finance,Done
T-3847,Validate integration for executive sync,Devon Park,In Progress,Medium,2026-08-04,2026-04-28,,Security,In Progress
T-3848,Migrate review after incident #47,Anita Rao,In Progress,Medium,2026-01-24,2026-01-08,,Finance,In Progress
T-3849,Update report v2,Lila Zheng,Done,Medium,2026-04-30,2026-03-28,2026-03-30,Product,Done
T-3850,Plan service consolidation,Ben Hartley,In Progress,Medium,2026-03-29,2026-01-08,,Product,In Progress
T-3851,Launch checklist phase 2,Cara Singh,Done,High,2026-05-28,2026-02-25,2026-04-22,Product,In Progress
T-3852,Coordinate training kickoff,Erik Andersson,In Progress,Medium,2026-05-12,2026-03-17,,Sales,In Progress
T-3853,Coordinate training consolidation,Maya Iwata,Blocked,Medium,2026-06-21,2026-04-15,,Marketing,Blocked
T-3854,Audit rollout for Q3,Yumi Tanaka,Done,Medium,2026-02-09,2026-01-23,2026-03-25,Sales,Done
T-3855,Coordinate pipeline Q1,Wendy Lee,Done,Medium,2026-05-18,2026-03-28,2026-04-09,Finance,Done
T-3856,Plan audit for new hires,Maya Iwata,Not Started,Medium,2026-08-01,2026-04-26,,Marketing,Not Started
T-3857,Negotiate checklist for legal review,Wendy Lee,In Progress,Medium,2026-06-06,2026-03-21,,Finance,In Progress
T-3858,Implement review for executive sync,Marcus Tate,Done,Medium,2026-04-26,2026-02-04,2026-03-15,Sales,Done
T-3859,Refactor workflow across teams,Devon Park,Not Started,Medium,2026-04-06,2026-01-12,,Security,Not Started
T-3860,Roll out review Q1,Devon Park,In Progress,Medium,2026-06-07,2026-03-01,,Security,In Progress
T-3861,Roll out pipeline consolidation,Owen Briggs,Done,Medium,2026-04-15,2026-01-09,2026-01-17,HR,Blocked
T-3862,Implement rollout Q1,Wendy Lee,In Progress,Low,2026-07-12,2026-04-23,,Finance,In Progress
T-3863,Roll out integration follow-up,Sasha Mendel,Done,Low,2026-07-17,2026-04-20,2026-04-30,Security,Done
T-3864,Document spec consolidation,James Liu,Done,High,2026-02-21,2026-01-13,2026-05-02,Operations,Done
T-3865,Onboard pipeline in EU region,Jordan Bell,Blocked,Low,2026-03-27,2026-02-12,,Engineering,Blocked
T-3866,Approve integration consolidation,Anita Rao,Done,High,2026-06-01,2026-04-09,2026-04-09,Finance,In Progress
T-3867,Roll out playbook for legal review,Carlos Vega,In Progress,Medium,2026-04-03,2026-02-05,,Marketing,In Progress
T-3868,Audit report consolidation,Devon Park,In Progress,High,2026-04-24,2026-01-23,,Security,In Progress
T-3869,Review training for partners,Jordan West,In Progress,Medium,2026-06-04,2026-03-22,,HR,In Progress
T-3870,Audit renewal kickoff,Devon Reyes,Not Started,Medium,2026-04-22,2026-03-18,,Operations,Not Started
T-3871,Decommission dashboard follow-up,Devon Reyes,Done,Medium,2026-02-07,2026-01-15,2026-04-06,Operations,Done
T-3872,Validate campaign for new hires,Jordan Bell,Not Started,Medium,2026-05-15,2026-04-14,,Engineering,Not Started
T-3873,Configure rubric for Q3,Riley Kim,Done,High,2026-01-31,2026-01-04,2026-02-02,Marketing,Done
T-3874,Coordinate checklist follow-up,Cara Singh,In Progress,High,2026-07-17,2026-04-22,,Product,Not Started
T-3875,Approve migration kickoff,Marcus Tate,In Progress,Low,2026-05-29,2026-03-17,,Sales,In Progress
T-3876,Implement training for new hires,Sam Khoury,Done,Medium,2026-03-12,2026-01-04,2026-03-08,Engineering,Done
T-3877,Update dashboard annual,Lila Zheng,In Progress,Medium,2026-05-03,2026-04-19,,Product,In Progress
T-3878,Launch dashboard Q1,Devon Park,In Progress,Medium,2026-04-27,2026-02-08,,Security,In Progress
T-3879,Test dashboard after incident #47,Erik Andersson,Done,High,2026-06-24,2026-03-18,2026-04-02,Sales,Done
T-3880,Onboard dashboard Q1,Devon Reyes,Blocked,High,2026-04-20,2026-01-07,,Operations,Blocked
T-3881,Approve dashboard for Q3,Maya Iwata,Done,High,2026-04-10,2026-02-02,2026-03-07,Marketing,Done
T-3882,Configure integration after incident #47,Sasha Mendel,In Progress,Medium,2026-04-28,2026-01-25,,Security,In Progress
T-3883,Investigate rollout for executive sync,Carlos Vega,Not Started,Medium,2026-06-09,2026-04-14,,Marketing,Not Started
T-3884,Optimize service consolidation,Anita Rao,Not Started,High,2026-06-20,2026-04-24,,Finance,Not Started
T-3885,Review renewal after incident #47,Jordan West,In Progress,Medium,2026-06-29,2026-04-05,,HR,In Progress
T-3886,Migrate training annual,Sasha Mendel,Not Started,Medium,2026-05-13,2026-03-20,,Security,Not Started
T-3887,Roll out training for executive sync,Lila Zheng,In Progress,Medium,2026-05-02,2026-02-06,,Product,In Progress
T-3888,Coordinate runbook for legal review,Owen Briggs,Blocked,Medium,2026-05-07,2026-04-05,,HR,Blocked
T-3889,Coordinate training for legal review,Cara Singh,In Progress,Medium,2026-03-30,2026-01-23,,Product,In Progress
T-3890,Optimize audit for partners,Marcus Tate,In Progress,High,2026-06-01,2026-02-20,,Sales,In Progress
T-3891,Migrate report consolidation,Devon Park,In Progress,High,2026-05-17,2026-04-06,,Security,In Progress
T-3892,Implement campaign for partners,Carlos Vega,Done,Low,2026-05-26,2026-03-24,2026-04-13,Marketing,Done
T-3893,Coordinate integration for executive sync,Sasha Mendel,Blocked,Medium,2026-04-24,2026-02-17,,Security,Blocked
T-3894,Implement review in EU region,James Liu,In Progress,Medium,2026-04-28,2026-02-25,,Operations,Done
T-3895,Launch spec for partners,Ben Hartley,Done,Medium,2026-07-06,2026-04-26,2026-04-29,Product,Done
T-3896,Negotiate integration after incident #47,Devon Park,Not Started,Medium,2026-03-01,2026-02-04,,Security,Not Started
T-3897,Validate framework consolidation,Marcus Tate,Not Started,Medium,2026-06-15,2026-03-24,,Sales,Not Started
T-3898,Implement migration after incident #47,Yumi Tanaka,In Progress,Medium,2026-05-03,2026-02-14,,Sales,In Progress
T-3899,Validate rubric for executive sync,Erik Andersson,In Progress,Medium,2026-06-10,2026-03-10,,Sales,In Progress
T-3900,Onboard rubric in EU region,Alex Wang,In Progress,Low,2026-03-23,2026-02-16,,Engineering,In Progress
T-3901,Decommission migration consolidation,Yumi Tanaka,In Progress,Low,2026-04-07,2026-01-13,,Sales,In Progress
T-3902,Approve migration consolidation,Maya Iwata,In Progress,High,2026-06-09,2026-04-25,,Marketing,In Progress
T-3903,Launch pipeline across teams,Maya Park,In Progress,High,2026-02-02,2026-01-18,,Engineering,In Progress
T-3904,Validate spec consolidation,Anita Rao,Done,Medium,2026-04-21,2026-01-21,2026-02-09,Finance,Done
T-3905,Migrate dashboard for Q3,Owen Briggs,Not Started,High,2026-03-01,2026-02-11,,HR,Not Started
T-3906,Validate policy for new hires,Jordan Bell,In Progress,High,2026-03-26,2026-02-04,,Engineering,In Progress
T-3907,Validate review for partners,Carlos Vega,Not Started,Medium,2026-03-19,2026-01-16,,Marketing,Not Started
T-3908,Draft campaign kickoff,Tara Okonkwo,Not Started,Medium,2026-07-15,2026-04-06,,Operations,Not Started
T-3909,Refactor report for new hires,Cara Singh,Not Started,Medium,2026-06-12,2026-04-15,,Product,Not Started
T-3910,Approve playbook for legal review,Riley Kim,In Progress,Medium,2026-03-09,2026-01-05,,Marketing,In Progress
T-3911,Implement dashboard after incident #47,Devon Park,In Progress,Medium,2026-05-11,2026-04-27,,Security,In Progress
T-3912,Audit training for Q3,Riley Kim,Done,Medium,2026-04-20,2026-03-14,2026-03-23,Marketing,Done
T-3913,Investigate spec in EU region,Yumi Tanaka,In Progress,Medium,2026-03-10,2026-01-03,,Sales,In Progress
T-3914,Draft rollout in EU region,Jordan West,Done,High,2026-06-06,2026-04-23,2026-04-26,HR,Done
T-3915,Audit framework consolidation,Devon Park,Not Started,Medium,2026-06-08,2026-04-04,,Security,Not Started
T-3916,Refactor playbook across teams,Sam Khoury,Done,Medium,2026-06-03,2026-03-20,2026-04-14,Engineering,Done
T-3917,Document pipeline for legal review,Riley Kim,In Progress,Medium,2026-05-14,2026-02-14,,Marketing,In Progress
T-3918,Negotiate integration for Q3,Riley Kim,Not Started,Medium,2026-05-02,2026-03-02,,Marketing,Not Started
T-3919,Investigate campaign Q1,Anita Rao,In Progress,High,2026-05-04,2026-04-03,,Finance,In Progress
T-3920,Refactor rubric phase 2,Owen Briggs,In Progress,Medium,2026-02-13,2026-01-15,,HR,In Progress
T-3921,Configure workflow for partners,Yumi Tanaka,In Progress,High,2026-04-18,2026-01-05,,Sales,In Progress
T-3922,Migrate review kickoff,Devon Reyes,Not Started,High,2026-07-03,2026-04-23,,Operations,Not Started
T-3923,Update spec Q1,Anita Rao,Not Started,High,2026-05-16,2026-03-18,,Finance,Not Started
T-3924,Draft rollout consolidation,Ben Hartley,In Progress,High,2026-05-16,2026-04-16,,Product,In Progress
T-3925,Launch checklist after incident #47,Ben Hartley,In Progress,High,2026-03-29,2026-02-07,,Product,In Progress
T-3926,Update campaign across teams,Priya Nair,Not Started,High,2026-07-15,2026-04-25,,Engineering,Not Started
T-3927,Draft rollout for executive sync,Tara Okonkwo,Done,Low,2026-02-26,2026-01-14,2026-04-14,Operations,Done
T-3928,Investigate playbook for new hires,Jordan West,In Progress,High,2026-04-06,2026-02-08,,HR,In Progress
T-3929,Configure dashboard kickoff,Erik Andersson,Not Started,Medium,2026-04-07,2026-03-04,,Sales,Not Started
T-3930,Validate workflow in EU region,Ben Hartley,Done,Medium,2026-04-17,2026-02-05,2026-02-09,Product,Blocked
T-3931,Refactor migration in EU region,Ben Hartley,Done,Medium,2026-04-08,2026-02-26,2026-03-20,Product,Done
T-3932,Update spec v2,Erik Andersson,In Progress,Medium,2026-05-19,2026-02-16,,Sales,In Progress
T-3933,Migrate campaign follow-up,Tara Okonkwo,Done,Medium,2026-04-23,2026-02-27,2026-03-26,Operations,Done
T-3934,Validate runbook v2,Lila Zheng,Done,Medium,2026-06-23,2026-03-22,2026-03-26,Product,Done
T-3935,Refactor report for legal review,Anita Rao,Done,Low,2026-05-30,2026-04-11,2026-04-23,Finance,Done
T-3936,Roll out service v2,Erik Andersson,In Progress,Medium,2026-03-04,2026-02-14,,Sales,In Progress
T-3937,Audit service annual,Jordan Bell,Done,Medium,2026-05-05,2026-03-04,2026-03-18,Engineering,Blocked
T-3938,Decommission spec Q1,Tara Okonkwo,Not Started,High,2026-06-04,2026-03-17,,Operations,Not Started
T-3939,Coordinate spec for Q3,Owen Briggs,Done,Medium,2026-06-07,2026-03-11,2026-03-30,HR,Done
T-3940,Test checklist for new hires,Anita Rao,Done,High,2026-04-18,2026-02-25,2026-02-28,Finance,Done
T-3941,Migrate rollout across teams,Marcus Tate,Not Started,Medium,2026-06-01,2026-04-05,,Sales,Not Started
T-3942,Document rubric consolidation,Yumi Tanaka,Blocked,Low,2026-04-13,2026-03-03,,Sales,Blocked
T-3943,Decommission campaign for executive sync,Riley Kim,Done,Medium,2026-07-08,2026-04-28,2026-05-02,Marketing,Done
T-3944,Test pipeline kickoff,Sasha Mendel,In Progress,High,2026-05-29,2026-03-29,,Security,In Progress
T-3945,Review report annual,Erik Andersson,In Progress,Medium,2026-03-17,2026-01-05,,Sales,In Progress
T-3946,Roll out campaign phase 2,Marcus Tate,Done,High,2026-04-20,2026-02-06,2026-03-24,Sales,Done
T-3947,Configure migration after incident #47,Devon Reyes,In Progress,Medium,2026-06-25,2026-04-01,,Operations,Not Started
T-3948,Decommission rollout for new hires,Carlos Vega,Blocked,Low,2026-04-26,2026-02-23,,Marketing,In Progress
T-3949,Onboard service for legal review,Lila Zheng,In Progress,High,2026-04-05,2026-01-23,,Product,In Progress
T-3950,Refactor checklist for Q3,Maya Chen,Not Started,Critical,2026-04-10,2026-03-06,,Product,Not Started
T-3951,Coordinate campaign in EU region,Anita Rao,Not Started,Medium,2026-05-21,2026-05-02,,Finance,Not Started
T-3952,Decommission report kickoff,Tara Okonkwo,Not Started,Medium,2026-03-17,2026-02-15,,Operations,Not Started
T-3953,Onboard policy in EU region,Owen Briggs,Not Started,Low,2026-03-12,2026-01-17,,HR,Not Started
T-3954,Optimize rubric v2,Yumi Tanaka,Not Started,Medium,2026-05-21,2026-04-22,,Sales,Not Started
T-3955,Configure review phase 2,Anita Rao,In Progress,Medium,2026-08-05,2026-04-24,,Finance,In Progress
T-3956,Validate migration after incident #47,Jordan Bell,Not Started,High,2026-06-24,2026-03-17,,Engineering,Not Started
T-3957,Document workflow after incident #47,James Liu,Done,Low,2026-04-30,2026-02-11,2026-03-25,Operations,Done
T-3958,Decommission rollout for executive sync,Anita Rao,Done,Critical,2026-05-03,2026-03-22,2026-03-31,Finance,Done
T-3959,Investigate dashboard across teams,Lila Zheng,Done,Low,2026-04-13,2026-02-23,2026-03-06,Product,Done
T-3960,Refactor workflow annual,Owen Briggs,Done,Medium,2026-04-17,2026-03-10,2026-04-06,HR,Done
T-3961,Roll out integration for executive sync,Priya Nair,Not Started,Low,2026-03-10,2026-02-19,,Engineering,Not Started
T-3962,Optimize rollout follow-up,Maya Iwata,Done,High,2026-05-27,2026-02-26,2026-02-28,Marketing,In Progress
T-3963,Investigate checklist phase 2,Ben Hartley,Done,High,2026-06-14,2026-03-20,2026-04-30,Product,Done
T-3964,Migrate pipeline after incident #47,Lila Zheng,In Progress,Medium,2026-03-23,2026-01-17,,Product,In Progress
T-3965,Draft campaign for executive sync,Erik Andersson,Done,Medium,2026-04-19,2026-02-01,2026-03-05,Sales,Done
T-3966,Optimize review v2,Tara Okonkwo,Blocked,Low,2026-03-30,2026-02-16,,Operations,In Progress
T-3967,Review pipeline wrap-up,Erik Andersson,Not Started,Medium,2026-06-12,2026-03-29,,Sales,Not Started
T-3968,Validate migration in EU region,Devon Reyes,In Progress,Low,2026-05-03,2026-03-29,,Operations,In Progress
T-3969,Launch training in EU region,Erik Andersson,In Progress,Low,2026-05-25,2026-02-22,,Sales,In Progress
T-3970,Test audit v2,Carlos Vega,Done,Medium,2026-02-12,2026-01-24,2026-03-11,Marketing,Done
T-3971,Test rollout kickoff,Maya Chen,Done,Medium,2026-03-29,2026-03-13,2026-03-21,Product,Done
T-3972,Negotiate rubric for legal review,Maya Iwata,In Progress,Medium,2026-05-23,2026-02-15,,Marketing,In Progress
T-3973,Document rollout phase 2,Carlos Vega,Not Started,Low,2026-04-23,2026-01-12,,Marketing,Not Started
T-3974,Audit runbook in EU region,Yumi Tanaka,Done,Medium,2026-04-28,2026-02-28,2026-05-01,Sales,Done
T-3975,Approve review phase 2,Maya Iwata,In Progress,Medium,2026-03-17,2026-02-25,,Marketing,In Progress
T-3976,Implement report for Q3,Anita Rao,Not Started,High,2026-05-20,2026-04-26,,Finance,Not Started
T-3977,Optimize pipeline phase 2,Jordan Bell,In Progress,Medium,2026-08-11,2026-05-01,,Engineering,In Progress
T-3978,Approve spec for executive sync,Cara Singh,Not Started,Low,2026-04-15,2026-02-11,,Product,Not Started
T-3979,Launch report annual,Wendy Lee,Done,Low,2026-06-16,2026-04-17,2026-05-01,Finance,Done
T-3980,Investigate checklist Q1,Tara Okonkwo,In Progress,Low,2026-07-16,2026-04-30,,Operations,Not Started
T-3981,Optimize campaign annual,Tara Okonkwo,Done,High,2026-05-14,2026-02-24,2026-03-28,Operations,Done
T-3982,Update playbook for executive sync,Sasha Mendel,In Progress,High,2026-03-15,2026-02-24,,Security,In Progress
T-3983,Implement campaign in EU region,Sasha Mendel,In Progress,Medium,2026-05-30,2026-04-08,,Security,Not Started
T-3984,Onboard spec after incident #47,Jordan West,In Progress,High,2026-06-04,2026-02-25,,HR,In Progress
T-3985,Roll out dashboard v2,Lila Zheng,Not Started,Low,2026-04-20,2026-03-26,,Product,Not Started
T-3986,Plan workflow phase 2,Anita Rao,In Progress,Low,2026-05-13,2026-04-13,,Finance,In Progress
T-3987,Optimize policy in EU region,Yumi Tanaka,In Progress,High,2026-06-25,2026-04-03,,Sales,In Progress
T-3988,Launch rollout for new hires,Riley Kim,In Progress,High,2026-03-22,2026-01-25,,Marketing,Done
T-3989,Test policy for Q3,Wendy Lee,In Progress,Medium,2026-05-06,2026-03-20,,Finance,In Progress
T-3990,Decommission review annual,Wendy Lee,Not Started,Medium,2026-06-30,2026-04-30,,Finance,Not Started
T-3991,Approve renewal for new hires,Maya Iwata,In Progress,Medium,2026-03-25,2026-02-17,,Marketing,Done
T-3992,Approve dashboard annual,Sasha Mendel,Done,Medium,2026-03-22,2026-01-22,2026-03-11,Security,Done
T-3993,Plan rubric kickoff,Wendy Lee,Done,Medium,2026-04-16,2026-04-01,2026-04-25,Finance,Blocked
T-3994,Update runbook follow-up,Owen Briggs,Done,Medium,2026-02-20,2026-02-06,2026-03-12,HR,Done
T-3995,Draft spec after incident #47,Owen Briggs,Blocked,Medium,2026-06-21,2026-04-17,,HR,Blocked
T-3996,Update rubric v2,Anita Rao,Not Started,Low,2026-04-28,2026-03-26,,Finance,Not Started
T-3997,Roll out runbook follow-up,Tara Okonkwo,Not Started,Medium,2026-06-04,2026-03-12,,Operations,Not Started
T-3998,Review rubric kickoff,Devon Park,Done,Low,2026-03-08,2026-01-05,2026-02-10,Security,Done
T-3999,Implement audit across teams,Alex Wang,Done,Medium,2026-02-14,2026-01-11,2026-01-17,Engineering,Done
T-4000,Negotiate service consolidation,Erik Andersson,Blocked,Medium,2026-07-12,2026-04-13,,Sales,Blocked
T-4001,Optimize service after incident #47,Priya Nair,In Progress,Low,2026-04-04,2026-02-15,,Engineering,In Progress
T-4002,Investigate pipeline for partners,Owen Briggs,Done,Low,2026-04-16,2026-01-03,2026-02-26,HR,Done
T-4003,Update report across teams,Erik Andersson,Done,High,2026-05-02,2026-04-11,2026-04-21,Sales,Done
T-4004,Negotiate integration for new hires,Wendy Lee,Not Started,High,2026-05-05,2026-03-18,,Finance,Not Started
T-4005,Negotiate migration for legal review,Devon Park,Not Started,High,2026-07-17,2026-04-30,,Security,Not Started
T-4006,Review dashboard across teams,Wendy Lee,Not Started,Low,2026-05-16,2026-03-21,,Finance,Not Started
T-4007,Document pipeline for new hires,Lila Zheng,Not Started,Medium,2026-03-08,2026-02-21,,Product,Not Started
T-4008,Update rubric wrap-up,Carlos Vega,In Progress,Low,2026-06-14,2026-03-10,,Marketing,In Progress
T-4009,Launch runbook in EU region,Owen Briggs,Done,Medium,2026-05-24,2026-02-11,2026-04-11,HR,Done
T-4010,Document checklist for new hires,Sam Khoury,Done,Medium,2026-03-13,2026-02-07,2026-04-24,Engineering,Done
T-4011,Roll out pipeline for Q3,Maya Chen,Not Started,Medium,2026-05-04,2026-03-12,,Product,Not Started
T-4012,Validate campaign Q1,Ben Hartley,In Progress,Low,2026-02-17,2026-01-14,,Product,In Progress
T-4013,Plan checklist Q1,Wendy Lee,Done,Medium,2026-06-17,2026-03-12,2026-04-19,Finance,Done
T-4014,Audit review for legal review,Devon Park,In Progress,High,2026-05-03,2026-03-14,,Security,In Progress
T-4015,Audit renewal Q1,Devon Reyes,In Progress,Critical,2026-06-20,2026-03-29,,Operations,Done
T-4016,Document report across teams,Tara Okonkwo,In Progress,Medium,2026-04-15,2026-02-05,,Operations,In Progress
T-4017,Investigate renewal wrap-up,Nina Patel,Blocked,Low,2026-03-13,2026-01-10,,HR,In Progress
T-4018,Roll out training across teams,Tara Okonkwo,In Progress,Medium,2026-05-30,2026-03-30,,Operations,Done
T-4019,Decommission training phase 2,Marcus Tate,Not Started,High,2026-03-20,2026-02-06,,Sales,Not Started
T-4020,Investigate training Q1,Nina Patel,Done,Medium,2026-07-18,2026-04-21,2026-04-29,HR,Done
T-4021,Decommission framework kickoff,Alex Wang,Done,High,2026-05-18,2026-02-13,2026-04-17,Engineering,Blocked
T-4022,Decommission migration consolidation,Maya Chen,Done,Medium,2026-04-20,2026-03-08,2026-03-27,Product,Done
T-4023,Investigate policy v2,Maya Chen,Done,Medium,2026-02-18,2026-01-21,2026-04-22,Product,Blocked
T-4024,Implement pipeline in EU region,Nina Patel,Done,Medium,2026-03-18,2026-02-19,2026-04-17,HR,Done
T-4025,Onboard campaign after incident #47,Nina Patel,In Progress,Low,2026-02-08,2026-01-06,,HR,Not Started
T-4026,Optimize review Q1,Tara Okonkwo,Not Started,High,2026-05-04,2026-02-24,,Operations,Not Started
T-4027,Draft workflow phase 2,Riley Kim,Not Started,Low,2026-03-27,2026-01-22,,Marketing,Not Started
T-4028,Roll out audit wrap-up,Alex Wang,Not Started,Medium,2026-02-28,2026-01-20,,Engineering,Not Started
T-4029,Investigate playbook for legal review,Wendy Lee,In Progress,Critical,2026-06-26,2026-03-31,,Finance,In Progress
T-4030,Draft training across teams,Tara Okonkwo,Done,Critical,2026-05-15,2026-02-13,2026-03-22,Operations,Done
T-4031,Test pipeline Q1,Anita Rao,Done,High,2026-06-04,2026-04-06,2026-04-27,Finance,Done
T-4032,Launch audit in EU region,Devon Park,Done,Low,2026-05-16,2026-04-24,2026-05-01,Security,Done
T-4033,Coordinate workflow follow-up,Cara Singh,In Progress,Low,2026-06-17,2026-04-05,,Product,In Progress
T-4034,Coordinate spec for executive sync,Devon Park,Done,Medium,2026-02-24,2026-01-09,2026-02-10,Security,In Progress
T-4035,Decommission pipeline v2,Wendy Lee,Not Started,Medium,2026-04-07,2026-02-04,,Finance,Not Started
T-4036,Roll out rollout phase 2,Lila Zheng,Done,Medium,2026-06-23,2026-04-12,2026-04-30,Product,Blocked
T-4037,Investigate framework after incident #47,Maya Iwata,Done,Critical,2026-04-06,2026-02-10,2026-03-31,Marketing,Done
T-4038,Onboard renewal for executive sync,Yumi Tanaka,Done,Medium,2026-06-10,2026-04-09,2026-04-19,Sales,Done
T-4039,Draft rollout for partners,Sasha Mendel,Not Started,Medium,2026-05-02,2026-03-21,,Security,Not Started
T-4040,Optimize audit for partners,Maya Iwata,Done,Medium,2026-07-15,2026-04-26,2026-05-01,Marketing,Done
T-4041,Migrate review consolidation,Nina Patel,In Progress,High,2026-03-20,2026-01-11,,HR,In Progress
T-4042,Plan review v2,Ben Hartley,Not Started,Low,2026-04-02,2026-03-07,,Product,Not Started
T-4043,Roll out framework after incident #47,Nina Patel,In Progress,Medium,2026-06-20,2026-03-19,,HR,In Progress
T-4044,Decommission rollout for new hires,Owen Briggs,In Progress,Medium,2026-03-19,2026-02-05,,HR,In Progress
T-4045,Test checklist for legal review,Tara Okonkwo,Done,Medium,2026-04-20,2026-03-22,2026-04-15,Operations,Done
T-4046,Launch review kickoff,Maya Park,Done,Medium,2026-03-22,2026-02-05,2026-02-22,Engineering,Done
T-4047,Draft rollout follow-up,Anita Rao,Not Started,Medium,2026-04-02,2026-02-04,,Finance,Not Started
T-4048,Coordinate rollout v2,Sasha Mendel,Not Started,Medium,2026-06-04,2026-03-30,,Security,Not Started
T-4049,Validate renewal wrap-up,Alex Wang,Not Started,High,2026-07-23,2026-04-18,,Engineering,Not Started
T-4050,Migrate runbook after incident #47,Sasha Mendel,In Progress,Medium,2026-06-22,2026-03-17,,Security,In Progress
T-4051,Coordinate migration phase 2,Maya Iwata,Not Started,Low,2026-06-30,2026-04-26,,Marketing,Not Started
T-4052,Refactor service v2,Ben Hartley,In Progress,High,2026-05-08,2026-04-22,,Product,In Progress
T-4053,Audit dashboard wrap-up,Marcus Tate,Blocked,Medium,2026-05-04,2026-01-27,,Sales,Blocked
T-4054,Optimize review Q1,Wendy Lee,Not Started,Critical,2026-02-08,2026-01-13,,Finance,Not Started
T-4055,Plan report for legal review,Yumi Tanaka,Not Started,Low,2026-03-04,2026-02-15,,Sales,Not Started
T-4056,Launch runbook annual,Maya Iwata,Not Started,Medium,2026-06-15,2026-03-22,,Marketing,Not Started
T-4057,Roll out service annual,Maya Iwata,Not Started,Low,2026-05-10,2026-04-02,,Marketing,Not Started
T-4058,Document integration consolidation,Priya Nair,Blocked,Low,2026-08-02,2026-05-02,,Engineering,Blocked
T-4059,Approve rubric for Q3,Marcus Tate,Done,Medium,2026-02-24,2026-01-19,2026-04-21,Sales,Done
T-4060,Onboard policy annual,Lila Zheng,Done,Medium,2026-05-27,2026-03-27,2026-04-23,Product,Done
T-4061,Review framework v2,Maya Park,Done,High,2026-04-09,2026-01-21,2026-04-24,Engineering,In Progress
T-4062,Coordinate service across teams,Tara Okonkwo,In Progress,High,2026-04-26,2026-04-01,,Operations,In Progress
T-4063,Configure playbook for Q3,Sam Khoury,Not Started,Medium,2026-03-17,2026-02-15,,Engineering,Not Started
T-4064,Implement pipeline wrap-up,Nina Patel,In Progress,High,2026-06-24,2026-03-16,,HR,Not Started
T-4065,Draft policy annual,Anita Rao,Done,Medium,2026-08-06,2026-04-30,2026-04-30,Finance,In Progress
T-4066,Onboard renewal after incident #47,Carlos Vega,In Progress,High,2026-06-01,2026-04-02,,Marketing,In Progress
T-4067,Coordinate review consolidation,Erik Andersson,In Progress,Medium,2026-04-24,2026-02-27,,Sales,In Progress
T-4068,Migrate training consolidation,Wendy Lee,In Progress,Low,2026-04-30,2026-02-19,,Finance,In Progress
T-4069,Launch review follow-up,Priya Nair,Done,Medium,2026-04-03,2026-01-28,2026-03-18,Engineering,Done
T-4070,Update rollout wrap-up,Ben Hartley,In Progress,Critical,2026-04-21,2026-03-07,,Product,In Progress
T-4071,Optimize report Q1,Sasha Mendel,In Progress,Medium,2026-06-21,2026-04-28,,Security,Done
T-4072,Optimize runbook Q1,Nina Patel,Done,Medium,2026-06-16,2026-03-27,2026-04-20,HR,Done
T-4073,Implement report kickoff,Ben Hartley,Not Started,Medium,2026-03-13,2026-01-21,,Product,Not Started
T-4074,Launch policy wrap-up,Yumi Tanaka,Not Started,High,2026-04-30,2026-03-04,,Sales,Not Started
T-4075,Review playbook v2,Devon Reyes,Not Started,Medium,2026-04-04,2026-01-28,,Operations,Not Started
T-4076,Validate review v2,Sasha Mendel,Done,Medium,2026-03-19,2026-03-05,2026-05-01,Security,Done
T-4077,Approve workflow v2,Anita Rao,Done,Medium,2026-05-08,2026-02-12,2026-03-29,Finance,Done
T-4078,Audit pipeline for new hires,Carlos Vega,Done,Medium,2026-07-21,2026-04-20,2026-04-24,Marketing,Done
T-4079,Optimize integration for new hires,Cara Singh,In Progress,High,2026-04-30,2026-02-22,,Product,In Progress
T-4080,Negotiate report kickoff,Owen Briggs,Not Started,Medium,2026-04-25,2026-04-04,,HR,Not Started
T-4081,Approve service for Q3,Jordan Bell,In Progress,Critical,2026-04-07,2026-02-01,,Engineering,In Progress
T-4082,Optimize rollout consolidation,Anita Rao,Done,Medium,2026-03-27,2026-03-01,2026-04-11,Finance,Done
T-4083,Onboard integration for new hires,Riley Kim,Not Started,Low,2026-03-08,2026-01-17,,Marketing,Not Started
T-4084,Approve rollout follow-up,Devon Park,In Progress,Medium,2026-05-06,2026-02-02,,Security,In Progress
T-4085,Configure rollout follow-up,Wendy Lee,Done,Medium,2026-03-17,2026-02-28,2026-03-28,Finance,Blocked
T-4086,Decommission pipeline v2,James Liu,In Progress,Low,2026-05-28,2026-04-26,,Operations,In Progress
T-4087,Implement dashboard consolidation,Maya Chen,Not Started,Medium,2026-03-05,2026-01-18,,Product,Not Started
T-4088,Implement integration phase 2,Maya Iwata,In Progress,Low,2026-05-19,2026-04-29,,Marketing,In Progress
T-4089,Draft dashboard for legal review,Riley Kim,In Progress,High,2026-06-27,2026-03-31,,Marketing,In Progress
T-4090,Test service consolidation,Jordan West,In Progress,High,2026-05-14,2026-02-14,,HR,In Progress
T-4091,Test rollout for new hires,Lila Zheng,Done,High,2026-06-16,2026-03-05,2026-03-14,Product,Done
T-4092,Audit service across teams,Owen Briggs,Done,Medium,2026-04-27,2026-03-16,2026-03-22,HR,Done
T-4093,Migrate checklist follow-up,Tara Okonkwo,In Progress,High,2026-04-05,2026-03-09,,Operations,In Progress
T-4094,Negotiate migration v2,Jordan West,Blocked,Medium,2026-03-14,2026-02-01,,HR,Blocked
T-4095,Approve audit in EU region,Yumi Tanaka,In Progress,Medium,2026-05-21,2026-04-24,,Sales,Not Started
T-4096,Draft audit for new hires,Wendy Lee,Done,Low,2026-05-29,2026-04-25,2026-04-27,Finance,Done
T-4097,Optimize integration kickoff,Riley Kim,In Progress,Low,2026-03-24,2026-01-12,,Marketing,Not Started
T-4098,Roll out review for legal review,Carlos Vega,Not Started,Medium,2026-05-13,2026-04-11,,Marketing,Not Started
T-4099,Optimize pipeline after incident #47,Anita Rao,In Progress,Critical,2026-05-27,2026-02-25,,Finance,In Progress
T-4100,Draft framework v2,Sam Khoury,Done,Medium,2026-07-20,2026-04-14,2026-04-30,Engineering,In Progress
T-4101,Coordinate checklist for Q3,Wendy Lee,Blocked,Medium,2026-06-02,2026-04-18,,Finance,Blocked
T-4102,Update audit for Q3,Devon Reyes,In Progress,High,2026-01-31,2026-01-06,,Operations,In Progress
T-4103,Audit workflow across teams,Sasha Mendel,Done,Medium,2026-04-05,2026-01-13,2026-03-20,Security,Done
T-4104,Update pipeline for legal review,Sasha Mendel,Done,Medium,2026-05-01,2026-02-26,2026-03-26,Security,Done
T-4105,Decommission runbook v2,Wendy Lee,Done,Medium,2026-04-29,2026-03-22,2026-04-30,Finance,Done
T-4106,Audit framework annual,Sasha Mendel,Done,Low,2026-03-16,2026-03-01,2026-03-24,Security,Done
T-4107,Update dashboard after incident #47,Jordan West,Done,Medium,2026-05-02,2026-02-06,2026-02-19,HR,Done
T-4108,Configure rollout kickoff,Carlos Vega,Blocked,Medium,2026-04-16,2026-02-28,,Marketing,Blocked
T-4109,Draft rubric for partners,Owen Briggs,Not Started,Medium,2026-06-20,2026-04-09,,HR,Not Started
T-4110,Roll out renewal annual,Jordan West,Not Started,Medium,2026-05-01,2026-03-21,,HR,Not Started
T-4111,Review migration for partners,Wendy Lee,Not Started,Low,2026-04-28,2026-01-16,,Finance,Not Started
T-4112,Investigate report for executive sync,Tara Okonkwo,In Progress,Medium,2026-06-27,2026-04-15,,Operations,In Progress
T-4113,Negotiate migration Q1,Devon Park,Not Started,Medium,2026-05-03,2026-04-12,,Security,Not Started
T-4114,Roll out pipeline for executive sync,Devon Park,In Progress,Low,2026-04-01,2026-03-04,,Security,In Progress
T-4115,Document rollout for partners,Yumi Tanaka,Not Started,Medium,2026-04-23,2026-02-19,,Sales,Not Started
T-4116,Implement campaign across teams,Owen Briggs,In Progress,Low,2026-02-22,2026-01-17,,HR,In Progress
T-4117,Update playbook across teams,Devon Reyes,In Progress,Medium,2026-06-06,2026-04-24,,Operations,In Progress
T-4118,Approve review for executive sync,Devon Park,In Progress,Critical,2026-04-20,2026-03-16,,Security,In Progress
T-4119,Draft service for executive sync,Owen Briggs,Not Started,Low,2026-05-25,2026-04-06,,HR,Not Started
T-4120,Configure checklist for executive sync,Nina Patel,Done,Medium,2026-04-11,2026-02-02,2026-04-09,HR,Done
T-4121,Configure review Q1,Sasha Mendel,In Progress,Low,2026-02-21,2026-01-04,,Security,In Progress
T-4122,Launch playbook phase 2,Wendy Lee,Done,Medium,2026-03-16,2026-01-26,2026-02-27,Finance,Done
T-4123,Configure workflow for legal review,Lila Zheng,In Progress,Medium,2026-06-12,2026-04-28,,Product,In Progress
T-4124,Approve review in EU region,Owen Briggs,In Progress,Medium,2026-05-18,2026-03-12,,HR,In Progress
T-4125,Configure dashboard wrap-up,Tara Okonkwo,Done,Medium,2026-07-13,2026-04-20,2026-05-02,Operations,Done
T-4126,Implement policy for new hires,Yumi Tanaka,Done,High,2026-02-11,2026-01-10,2026-03-14,Sales,Blocked
T-4127,Negotiate framework for new hires,Sam Khoury,Done,Medium,2026-01-25,2026-01-05,2026-02-03,Engineering,Done
T-4128,Plan renewal for Q3,Owen Briggs,Blocked,Medium,2026-06-14,2026-04-21,,HR,In Progress
T-4129,Migrate audit v2,Sasha Mendel,In Progress,Medium,2026-06-22,2026-04-26,,Security,In Progress
T-4130,Investigate migration for new hires,Jordan Bell,Done,Medium,2026-07-19,2026-04-30,2026-05-02,Engineering,Done
T-4131,Test report Q1,Jordan West,Not Started,Medium,2026-03-27,2026-01-11,,HR,Not Started
T-4132,Decommission renewal for partners,Anita Rao,Done,Medium,2026-02-15,2026-01-16,2026-03-15,Finance,In Progress
T-4133,Audit renewal phase 2,Anita Rao,Done,Medium,2026-06-10,2026-03-14,2026-03-22,Finance,Blocked
T-4134,Onboard audit phase 2,Lila Zheng,In Progress,High,2026-03-31,2026-01-12,,Product,In Progress
T-4135,Approve report for legal review,Maya Park,In Progress,High,2026-05-03,2026-04-06,,Engineering,In Progress
T-4136,Approve campaign follow-up,Wendy Lee,In Progress,High,2026-04-04,2026-01-14,,Finance,In Progress
T-4137,Decommission training for legal review,Jordan West,Not Started,High,2026-07-25,2026-04-14,,HR,Not Started
T-4138,Update report across teams,Nina Patel,Not Started,High,2026-04-23,2026-04-03,,HR,Not Started
T-4139,Update migration v2,Carlos Vega,Done,Medium,2026-05-09,2026-04-25,2026-04-30,Marketing,Done
T-4140,Onboard service consolidation,Erik Andersson,Done,Low,2026-03-22,2026-02-03,2026-02-05,Sales,Blocked
T-4141,Implement policy for new hires,Cara Singh,Done,Medium,2026-04-15,2026-03-05,2026-03-05,Product,Done
T-4142,Onboard runbook for partners,Maya Iwata,Not Started,Medium,2026-04-08,2026-02-02,,Marketing,Not Started
T-4143,Test training for partners,Devon Park,In Progress,Medium,2026-06-30,2026-04-22,,Security,Not Started
T-4144,Draft rubric in EU region,Riley Kim,Done,High,2026-04-14,2026-02-08,2026-03-16,Marketing,Blocked
T-4145,Update service in EU region,Maya Iwata,Blocked,Medium,2026-05-08,2026-03-20,,Marketing,Blocked
T-4146,Update rubric follow-up,Lila Zheng,In Progress,Low,2026-05-08,2026-02-24,,Product,In Progress
T-4147,Configure rollout follow-up,Maya Iwata,In Progress,Medium,2026-03-03,2026-01-30,,Marketing,Not Started
T-4148,Validate spec across teams,Marcus Tate,Blocked,Medium,2026-06-17,2026-03-10,,Sales,Blocked
T-4149,Configure pipeline for partners,Devon Reyes,In Progress,Low,2026-03-26,2026-01-14,,Operations,In Progress
T-4150,Approve service for new hires,Ben Hartley,In Progress,Low,2026-02-18,2026-01-16,,Product,In Progress
T-4151,Coordinate workflow follow-up,Erik Andersson,Blocked,Medium,2026-06-05,2026-04-25,,Sales,Blocked
T-4152,Test review for legal review,Maya Park,In Progress,Low,2026-05-17,2026-04-22,,Engineering,In Progress
T-4153,Refactor playbook wrap-up,Tara Okonkwo,In Progress,Medium,2026-05-10,2026-03-31,,Operations,Not Started
T-4154,Roll out spec after incident #47,Devon Park,Done,Medium,2026-04-29,2026-02-05,2026-02-06,Security,Done
T-4155,Configure campaign follow-up,Lila Zheng,Done,Medium,2026-05-30,2026-05-02,2026-05-02,Product,Done
T-4156,Onboard rubric Q1,Marcus Tate,In Progress,Critical,2026-04-29,2026-03-17,,Sales,In Progress
T-4157,Test renewal consolidation,Cara Singh,Not Started,High,2026-05-17,2026-04-21,,Product,Not Started
T-4158,Update workflow kickoff,Devon Reyes,In Progress,Medium,2026-03-26,2026-02-13,,Operations,In Progress
T-4159,Onboard policy annual,Devon Park,Done,Low,2026-04-28,2026-01-22,2026-03-30,Security,Done
T-4160,Review spec follow-up,Maya Chen,Done,High,2026-04-06,2026-02-15,2026-04-27,Product,Done
T-4161,Coordinate rollout kickoff,Tara Okonkwo,Not Started,Medium,2026-02-06,2026-01-11,,Operations,Not Started
T-4162,Document integration for new hires,Devon Park,Done,Low,2026-04-19,2026-01-18,2026-04-22,Security,Done
T-4163,Validate spec across teams,Sam Khoury,In Progress,Low,2026-07-18,2026-04-14,,Engineering,In Progress
T-4164,Plan training Q1,Wendy Lee,Done,Medium,2026-02-17,2026-01-30,2026-04-09,Finance,Done
T-4165,Negotiate audit for partners,Jordan West,In Progress,Medium,2026-02-05,2026-01-08,,HR,Not Started
T-4166,Decommission training for Q3,Devon Park,In Progress,Medium,2026-04-15,2026-03-09,,Security,In Progress
T-4167,Negotiate audit across teams,Riley Kim,In Progress,Medium,2026-03-21,2026-02-19,,Marketing,Not Started
T-4168,Optimize integration for legal review,Devon Park,Not Started,Medium,2026-02-18,2026-01-22,,Security,Not Started
T-4169,Implement service in EU region,Erik Andersson,Blocked,High,2026-03-19,2026-03-01,,Sales,Blocked
T-4170,Optimize spec across teams,Yumi Tanaka,Done,Low,2026-07-09,2026-04-18,2026-05-01,Sales,Blocked
T-4171,Validate rollout phase 2,Jordan Bell,Blocked,Medium,2026-06-28,2026-04-08,,Engineering,Blocked
T-4172,Negotiate dashboard kickoff,Wendy Lee,In Progress,Medium,2026-03-23,2026-01-12,,Finance,Not Started
T-4173,Review checklist follow-up,Devon Park,In Progress,Medium,2026-06-08,2026-04-28,,Security,In Progress
T-4174,Validate migration after incident #47,Jordan Bell,Done,Medium,2026-02-18,2026-02-01,2026-04-23,Engineering,Done
T-4175,Investigate integration consolidation,Maya Iwata,Done,Medium,2026-05-21,2026-04-26,2026-04-29,Marketing,Done
T-4176,Document workflow phase 2,Maya Iwata,In Progress,Medium,2026-06-27,2026-04-25,,Marketing,In Progress
T-4177,Migrate framework Q1,Sasha Mendel,In Progress,High,2026-03-29,2026-01-04,,Security,Done
T-4178,Test framework annual,Riley Kim,Done,High,2026-05-30,2026-03-23,2026-04-05,Marketing,Done
T-4179,Migrate training consolidation,Alex Wang,Blocked,Medium,2026-04-09,2026-01-04,,Engineering,Blocked
T-4180,Test dashboard consolidation,Sam Khoury,In Progress,High,2026-03-17,2026-02-07,,Engineering,Not Started
T-4181,Roll out workflow for new hires,Devon Park,In Progress,Medium,2026-05-08,2026-03-21,,Security,Done
T-4182,Review workflow v2,Riley Kim,In Progress,High,2026-04-21,2026-04-03,,Marketing,In Progress
T-4183,Refactor report for Q3,Owen Briggs,Done,High,2026-03-19,2026-01-17,2026-03-29,HR,Done
T-4184,Configure dashboard annual,Maya Iwata,In Progress,Low,2026-06-04,2026-03-27,,Marketing,In Progress
T-4185,Validate rollout consolidation,Lila Zheng,Blocked,Medium,2026-04-05,2026-02-18,,Product,Blocked
T-4186,Configure campaign Q1,Carlos Vega,Done,High,2026-04-14,2026-03-19,2026-04-22,Marketing,Done
T-4187,Decommission runbook wrap-up,Owen Briggs,Not Started,Medium,2026-05-10,2026-03-23,,HR,Not Started
T-4188,Audit checklist for executive sync,Riley Kim,In Progress,Medium,2026-04-04,2026-03-18,,Marketing,In Progress
T-4189,Plan rollout for Q3,Nina Patel,Done,Medium,2026-03-22,2026-01-22,2026-04-28,HR,Done
T-4190,Optimize checklist for Q3,Carlos Vega,Done,Medium,2026-02-18,2026-01-20,2026-02-11,Marketing,Done
T-4191,Test renewal follow-up,Sam Khoury,In Progress,High,2026-06-03,2026-04-05,,Engineering,In Progress
T-4192,Optimize pipeline for new hires,Cara Singh,Not Started,Medium,2026-03-12,2026-01-15,,Product,Not Started
T-4193,Plan framework phase 2,Wendy Lee,In Progress,Low,2026-06-01,2026-05-02,,Finance,In Progress
T-4194,Configure policy across teams,Nina Patel,Done,High,2026-03-18,2026-01-20,2026-03-15,HR,Done
T-4195,Plan service follow-up,Maya Iwata,In Progress,Medium,2026-07-18,2026-04-18,,Marketing,In Progress
T-4196,Coordinate renewal in EU region,Carlos Vega,Not Started,Medium,2026-03-01,2026-02-01,,Marketing,Not Started
T-4197,Update training in EU region,Sasha Mendel,Done,Medium,2026-04-27,2026-03-18,2026-04-30,Security,Done
T-4198,Investigate playbook for partners,Carlos Vega,In Progress,Medium,2026-04-11,2026-02-24,,Marketing,Not Started
T-4199,Review pipeline for legal review,Carlos Vega,In Progress,Medium,2026-06-15,2026-04-18,,Marketing,In Progress
T-4200,Negotiate campaign consolidation,Ben Hartley,Done,Low,2026-03-17,2026-01-05,2026-04-23,Product,Done
T-4201,Negotiate checklist wrap-up,Owen Briggs,In Progress,Medium,2026-05-08,2026-04-03,,HR,In Progress
T-4202,Document rollout for partners,Yumi Tanaka,In Progress,Medium,2026-04-06,2026-02-24,,Sales,In Progress
T-4203,Launch framework follow-up,Cara Singh,Done,Medium,2026-04-13,2026-02-22,2026-04-30,Product,Done
T-4204,Configure service for new hires,Wendy Lee,Done,Medium,2026-04-05,2026-02-15,2026-04-18,Finance,Done
T-4205,Draft rollout v2,Tara Okonkwo,Done,Low,2026-06-13,2026-04-07,2026-04-18,Operations,Done
T-4206,Coordinate runbook Q1,Tara Okonkwo,Not Started,High,2026-05-20,2026-04-13,,Operations,Not Started
T-4207,Launch migration across teams,Sasha Mendel,In Progress,Medium,2026-06-04,2026-03-30,,Security,In Progress
T-4208,Approve checklist for partners,Owen Briggs,Done,Medium,2026-02-06,2026-01-17,2026-04-26,HR,Done
T-4209,Test pipeline across teams,Tara Okonkwo,Done,Medium,2026-05-30,2026-03-29,2026-04-20,Operations,In Progress
T-4210,Update framework kickoff,Sam Khoury,In Progress,Medium,2026-05-19,2026-04-06,,Engineering,In Progress
T-4211,Validate report across teams,Jordan West,Done,Medium,2026-05-04,2026-03-23,2026-04-07,HR,Done
T-4212,Roll out training v2,Devon Reyes,Not Started,Low,2026-03-14,2026-01-29,,Operations,Not Started
T-4213,Draft runbook consolidation,James Liu,Blocked,Medium,2026-03-14,2026-01-08,,Operations,Blocked
T-4214,Coordinate rollout for partners,Wendy Lee,In Progress,Medium,2026-05-20,2026-04-26,,Finance,In Progress
T-4215,Optimize spec after incident #47,Erik Andersson,Done,Medium,2026-05-30,2026-03-04,2026-04-27,Sales,Done
T-4216,Onboard checklist Q1,Riley Kim,Not Started,High,2026-04-27,2026-02-10,,Marketing,Not Started
T-4217,Configure service follow-up,Jordan Bell,Done,Low,2026-04-21,2026-03-02,2026-04-17,Engineering,Done
T-4218,Review audit kickoff,Devon Park,Done,Critical,2026-06-26,2026-03-25,2026-04-01,Security,Done
T-4219,Validate integration for new hires,James Liu,Blocked,Medium,2026-04-24,2026-04-01,,Operations,Blocked
T-4220,Plan dashboard wrap-up,James Liu,Done,High,2026-05-07,2026-03-26,2026-04-07,Operations,Done
T-4221,Implement report wrap-up,James Liu,In Progress,Low,2026-06-16,2026-04-17,,Operations,In Progress
T-4222,Approve migration for partners,Sasha Mendel,In Progress,Low,2026-05-07,2026-02-25,,Security,Not Started
T-4223,Plan playbook after incident #47,Wendy Lee,Done,Low,2026-06-26,2026-03-24,2026-04-23,Finance,Done
T-4224,Draft runbook kickoff,Devon Park,In Progress,Medium,2026-05-04,2026-03-11,,Security,Not Started
T-4225,Roll out migration wrap-up,James Liu,Done,High,2026-03-15,2026-01-06,2026-04-07,Operations,Done
T-4226,Review integration in EU region,Devon Park,Done,Medium,2026-05-02,2026-03-23,2026-05-02,Security,Done
T-4227,Update integration v2,Riley Kim,Not Started,Medium,2026-05-26,2026-03-15,,Marketing,Not Started
T-4228,Negotiate playbook consolidation,Nina Patel,Not Started,Medium,2026-04-20,2026-01-07,,HR,Not Started
T-4229,Configure rubric wrap-up,Tara Okonkwo,In Progress,Low,2026-04-16,2026-01-05,,Operations,In Progress
T-4230,Validate playbook consolidation,Marcus Tate,Done,Medium,2026-05-16,2026-03-01,2026-04-15,Sales,Done
T-4231,Roll out checklist after incident #47,Marcus Tate,Done,Medium,2026-05-16,2026-02-05,2026-04-21,Sales,Done
T-4232,Plan campaign for new hires,Riley Kim,Done,High,2026-03-01,2026-01-28,2026-03-27,Marketing,Blocked
T-4233,Approve rubric after incident #47,Tara Okonkwo,Not Started,High,2026-06-06,2026-04-15,,Operations,Not Started
T-4234,Draft spec consolidation,Wendy Lee,Not Started,Medium,2026-04-16,2026-01-23,,Finance,Not Started
T-4235,Coordinate integration phase 2,James Liu,Done,High,2026-04-06,2026-03-10,2026-03-30,Operations,Done
T-4236,Onboard audit for Q3,Alex Wang,Not Started,Medium,2026-02-27,2026-01-06,,Engineering,Not Started
T-4237,Draft runbook for legal review,Sam Khoury,Done,Low,2026-03-21,2026-02-04,2026-04-24,Engineering,Done
T-4238,Draft service for legal review,Devon Park,In Progress,Low,2026-02-23,2026-01-10,,Security,In Progress
T-4239,Validate integration in EU region,Carlos Vega,In Progress,Medium,2026-03-14,2026-01-17,,Marketing,In Progress
T-4240,Draft checklist kickoff,Devon Park,Done,High,2026-04-19,2026-03-30,2026-04-30,Security,Done
T-4241,Decommission workflow Q1,Yumi Tanaka,Not Started,High,2026-06-09,2026-05-01,,Sales,Not Started
T-4242,Validate pipeline follow-up,Yumi Tanaka,Done,Medium,2026-06-01,2026-04-21,2026-04-28,Sales,Done
T-4243,Update runbook annual,Carlos Vega,Not Started,Low,2026-05-03,2026-03-20,,Marketing,Not Started
T-4244,Plan playbook annual,Lila Zheng,Not Started,High,2026-07-03,2026-03-22,,Product,Not Started
T-4245,Document review for new hires,Devon Park,Done,Medium,2026-05-20,2026-03-25,2026-03-30,Security,Done
T-4246,Validate rollout for Q3,Cara Singh,Not Started,Medium,2026-04-10,2026-01-12,,Product,Not Started
T-4247,Coordinate policy wrap-up,Priya Nair,Not Started,Medium,2026-03-24,2026-01-31,,Engineering,Not Started
T-4248,Migrate training consolidation,Jordan West,Done,High,2026-04-13,2026-01-07,2026-02-14,HR,Done
T-4249,Audit checklist phase 2,Erik Andersson,Blocked,Medium,2026-07-05,2026-04-28,,Sales,Blocked
T-4250,Validate service across teams,James Liu,Done,High,2026-07-19,2026-04-16,2026-04-27,Operations,Done
T-4251,Review audit consolidation,Sasha Mendel,In Progress,Medium,2026-04-14,2026-01-07,,Security,In Progress
T-4252,Refactor checklist across teams,Devon Reyes,In Progress,High,2026-03-23,2026-01-16,,Operations,In Progress
T-4253,Plan policy consolidation,Maya Iwata,Done,Low,2026-03-30,2026-01-14,2026-03-28,Marketing,In Progress
T-4254,Configure integration for executive sync,Anita Rao,Not Started,High,2026-05-10,2026-04-01,,Finance,Not Started
T-4255,Roll out integration in EU region,Maya Iwata,In Progress,Medium,2026-02-16,2026-01-22,,Marketing,In Progress
T-4256,Validate dashboard for partners,Erik Andersson,In Progress,Medium,2026-06-30,2026-04-14,,Sales,In Progress
T-4257,Document rollout consolidation,Lila Zheng,Blocked,Medium,2026-01-29,2026-01-05,,Product,Blocked
T-4258,Document rollout for executive sync,Devon Reyes,Done,Medium,2026-06-19,2026-04-26,2026-04-30,Operations,Done
T-4259,Document rollout for executive sync,James Liu,Not Started,Low,2026-03-13,2026-02-04,,Operations,Not Started
T-4260,Update spec phase 2,Nina Patel,In Progress,High,2026-03-22,2026-02-12,,HR,In Progress
T-4261,Draft campaign follow-up,Maya Chen,In Progress,Medium,2026-02-21,2026-01-25,,Product,In Progress
T-4262,Investigate checklist for new hires,Jordan West,Done,Medium,2026-04-23,2026-04-07,2026-04-29,HR,Done
T-4263,Update report for legal review,Riley Kim,In Progress,Low,2026-04-24,2026-04-09,,Marketing,In Progress
T-4264,Migrate policy Q1,Anita Rao,Not Started,Medium,2026-05-04,2026-03-19,,Finance,Not Started
T-4265,Test rollout consolidation,Sasha Mendel,Blocked,Low,2026-04-13,2026-02-14,,Security,Blocked
T-4266,Roll out checklist v2,Sasha Mendel,Not Started,Medium,2026-05-14,2026-03-28,,Security,Not Started
T-4267,Draft renewal for executive sync,Alex Wang,Not Started,Medium,2026-04-06,2026-01-29,,Engineering,Not Started
T-4268,Test renewal follow-up,Anita Rao,In Progress,Medium,2026-02-05,2026-01-08,,Finance,In Progress
T-4269,Audit playbook for executive sync,Devon Park,Done,Medium,2026-03-11,2026-02-22,2026-02-24,Security,In Progress
T-4270,Launch runbook in EU region,Maya Iwata,In Progress,Medium,2026-05-03,2026-02-23,,Marketing,Done
T-4271,Negotiate checklist follow-up,Devon Reyes,Done,Medium,2026-02-13,2026-01-15,2026-04-23,Operations,Done
T-4272,Test rollout for executive sync,Yumi Tanaka,In Progress,Medium,2026-04-08,2026-02-26,,Sales,In Progress
T-4273,Negotiate training in EU region,Priya Nair,Not Started,Medium,2026-02-22,2026-01-09,,Engineering,Not Started
T-4274,Validate rubric for executive sync,Riley Kim,In Progress,Low,2026-04-27,2026-03-24,,Marketing,In Progress
T-4275,Audit renewal Q1,Marcus Tate,Not Started,Critical,2026-04-15,2026-01-20,,Sales,Not Started
T-4276,Plan policy for partners,Tara Okonkwo,Done,Medium,2026-07-11,2026-04-08,2026-04-12,Operations,Done
T-4277,Implement rubric for partners,Marcus Tate,In Progress,Low,2026-03-01,2026-01-08,,Sales,In Progress
T-4278,Configure playbook consolidation,Yumi Tanaka,Done,High,2026-05-29,2026-04-30,2026-05-01,Sales,Done
T-4279,Plan rollout in EU region,Marcus Tate,Not Started,Low,2026-07-15,2026-05-02,,Sales,Not Started
T-4280,Roll out playbook v2,Wendy Lee,Done,High,2026-04-21,2026-03-11,2026-04-05,Finance,Done
T-4281,Configure review across teams,Wendy Lee,Not Started,Medium,2026-04-02,2026-02-10,,Finance,Not Started
T-4282,Update audit consolidation,Maya Iwata,Not Started,Medium,2026-06-07,2026-04-03,,Marketing,Not Started
T-4283,Launch workflow consolidation,Marcus Tate,Done,High,2026-06-02,2026-03-13,2026-04-17,Sales,Done
T-4284,Configure policy for new hires,Anita Rao,Not Started,Low,2026-04-12,2026-02-21,,Finance,Not Started
T-4285,Approve service for legal review,Nina Patel,In Progress,Medium,2026-05-20,2026-04-06,,HR,In Progress
T-4286,Test pipeline in EU region,Priya Nair,In Progress,Medium,2026-04-09,2026-03-19,,Engineering,Not Started
T-4287,Document framework phase 2,Owen Briggs,Not Started,Medium,2026-07-23,2026-04-16,,HR,Not Started
T-4288,Plan rubric for partners,Devon Park,In Progress,High,2026-05-23,2026-03-27,,Security,Done
T-4289,Refactor playbook across teams,Cara Singh,Done,Critical,2026-05-06,2026-03-30,2026-04-27,Product,Blocked
T-4290,Refactor training after incident #47,Lila Zheng,Done,Medium,2026-07-06,2026-03-30,2026-04-25,Product,Blocked
T-4291,Validate campaign for executive sync,Anita Rao,In Progress,Critical,2026-03-07,2026-01-28,,Finance,In Progress
T-4292,Validate service for executive sync,Cara Singh,In Progress,Medium,2026-04-13,2026-03-29,,Product,In Progress
T-4293,Coordinate pipeline for legal review,Sasha Mendel,Not Started,High,2026-02-09,2026-01-25,,Security,Not Started
T-4294,Review runbook kickoff,Anita Rao,In Progress,Medium,2026-04-16,2026-01-14,,Finance,In Progress
T-4295,Approve review annual,Erik Andersson,In Progress,Medium,2026-07-22,2026-04-14,,Sales,In Progress
T-4296,Validate spec in EU region,Devon Reyes,In Progress,Medium,2026-05-06,2026-03-06,,Operations,In Progress
T-4297,Migrate framework for executive sync,Owen Briggs,Blocked,Medium,2026-03-01,2026-02-12,,HR,Blocked
T-4298,Launch policy v2,Owen Briggs,Done,Low,2026-06-25,2026-04-23,2026-04-30,HR,Done
T-4299,Draft rollout v2,Yumi Tanaka,In Progress,Low,2026-05-11,2026-02-16,,Sales,Done
T-4300,Onboard dashboard kickoff,Sam Khoury,Done,Medium,2026-04-28,2026-03-13,2026-03-23,Engineering,Blocked
T-4301,Audit playbook for new hires,Maya Park,Done,High,2026-03-28,2026-01-23,2026-01-30,Engineering,Done
T-4302,Decommission workflow for executive sync,Marcus Tate,Not Started,Medium,2026-05-09,2026-02-19,,Sales,Not Started
T-4303,Approve integration v2,Sam Khoury,Done,Medium,2026-05-07,2026-02-24,2026-04-25,Engineering,Done
T-4304,Migrate rollout annual,Jordan West,Not Started,High,2026-02-21,2026-01-15,,HR,Not Started
T-4305,Coordinate checklist for Q3,Wendy Lee,Not Started,Low,2026-04-10,2026-01-10,,Finance,Not Started
T-4306,Test playbook wrap-up,James Liu,Not Started,Medium,2026-06-12,2026-04-15,,Operations,Not Started
T-4307,Onboard rubric for legal review,Devon Reyes,Blocked,Medium,2026-04-22,2026-04-05,,Operations,Blocked
T-4308,Implement workflow Q1,Wendy Lee,Done,Medium,2026-06-03,2026-02-21,2026-04-18,Finance,Done
T-4309,Draft rollout wrap-up,Sasha Mendel,In Progress,Medium,2026-02-19,2026-01-18,,Security,In Progress
T-4310,Test framework across teams,Wendy Lee,In Progress,Medium,2026-06-03,2026-02-24,,Finance,In Progress
T-4311,Approve playbook annual,Maya Iwata,Done,Medium,2026-07-09,2026-04-05,2026-04-27,Marketing,Done
T-4312,Coordinate audit for executive sync,Maya Chen,Done,High,2026-05-14,2026-02-10,2026-04-18,Product,In Progress
T-4313,Onboard renewal follow-up,Lila Zheng,Done,Low,2026-06-27,2026-03-21,2026-04-11,Product,Done
T-4314,Roll out runbook kickoff,Yumi Tanaka,Done,Medium,2026-05-07,2026-04-19,2026-04-29,Sales,Done
T-4315,Document spec follow-up,Sam Khoury,Blocked,Medium,2026-05-11,2026-01-30,,Engineering,Blocked
T-4316,Update rollout for new hires,Priya Nair,In Progress,Medium,2026-06-20,2026-04-09,,Engineering,In Progress
T-4317,Investigate policy wrap-up,Marcus Tate,In Progress,High,2026-05-06,2026-03-18,,Sales,In Progress
T-4318,Launch report phase 2,Maya Chen,Blocked,Medium,2026-04-17,2026-01-14,,Product,Blocked
T-4319,Roll out report consolidation,Yumi Tanaka,Not Started,High,2026-04-30,2026-03-16,,Sales,Not Started
T-4320,Validate campaign kickoff,Riley Kim,Done,Low,2026-06-05,2026-03-11,2026-04-15,Marketing,Done
T-4321,Approve training for new hires,Sam Khoury,In Progress,Medium,2026-02-04,2026-01-18,,Engineering,In Progress
T-4322,Audit framework consolidation,Wendy Lee,Not Started,Medium,2026-02-27,2026-01-04,,Finance,Not Started
T-4323,Update spec across teams,Devon Park,In Progress,Medium,2026-06-14,2026-04-15,,Security,In Progress
T-4324,Review rubric Q1,Wendy Lee,In Progress,Medium,2026-08-04,2026-04-23,,Finance,Not Started
T-4325,Validate service wrap-up,Ben Hartley,Not Started,Critical,2026-04-28,2026-02-12,,Product,Not Started
T-4326,Optimize workflow for legal review,James Liu,Not Started,High,2026-03-01,2026-01-11,,Operations,Not Started
T-4327,Plan playbook kickoff,Nina Patel,Done,Low,2026-04-15,2026-03-05,2026-04-11,HR,Done
T-4328,Coordinate campaign phase 2,Jordan West,In Progress,Low,2026-05-08,2026-03-30,,HR,In Progress
T-4329,Coordinate policy for executive sync,Yumi Tanaka,Not Started,High,2026-04-02,2026-01-05,,Sales,Not Started
T-4330,Investigate runbook for partners,Erik Andersson,In Progress,Medium,2026-02-09,2026-01-09,,Sales,In Progress
T-4331,Update report for legal review,Owen Briggs,In Progress,Medium,2026-05-08,2026-04-10,,HR,In Progress
T-4332,Optimize campaign for executive sync,Marcus Tate,Not Started,Medium,2026-06-08,2026-03-07,,Sales,Not Started
T-4333,Document playbook in EU region,Yumi Tanaka,In Progress,Medium,2026-04-24,2026-02-11,,Sales,In Progress
T-4334,Decommission campaign v2,Yumi Tanaka,Done,Low,2026-06-25,2026-03-17,2026-03-30,Sales,Done
T-4335,Plan spec v2,Sam Khoury,In Progress,High,2026-01-23,2026-01-05,,Engineering,Done
T-4336,Validate renewal phase 2,Wendy Lee,Not Started,High,2026-03-27,2026-02-22,,Finance,Not Started
T-4337,Validate policy consolidation,Anita Rao,Done,Medium,2026-04-20,2026-02-13,2026-03-30,Finance,Done
T-4338,Implement migration annual,Yumi Tanaka,Not Started,Medium,2026-04-13,2026-02-13,,Sales,Not Started
T-4339,Migrate report for executive sync,Sasha Mendel,Blocked,Medium,2026-05-20,2026-03-16,,Security,Blocked
T-4340,Audit rollout for partners,Devon Park,Done,Medium,2026-04-29,2026-04-04,2026-04-28,Security,Done
T-4341,Review dashboard for new hires,Sam Khoury,Not Started,Medium,2026-04-29,2026-03-28,,Engineering,Not Started
T-4342,Coordinate spec kickoff,Wendy Lee,In Progress,High,2026-06-02,2026-03-12,,Finance,In Progress
T-4343,Investigate policy phase 2,Carlos Vega,In Progress,Medium,2026-04-19,2026-02-27,,Marketing,In Progress
T-4344,Refactor audit wrap-up,Riley Kim,Done,Medium,2026-02-04,2026-01-10,2026-01-18,Marketing,Done
T-4345,Refactor workflow kickoff,Yumi Tanaka,Blocked,High,2026-07-23,2026-04-21,,Sales,Blocked
T-4346,Migrate audit for legal review,Devon Park,In Progress,High,2026-02-26,2026-01-30,,Security,Not Started
T-4347,Refactor dashboard for legal review,Maya Iwata,In Progress,High,2026-04-14,2026-01-23,,Marketing,In Progress
T-4348,Onboard rollout consolidation,Marcus Tate,Done,Medium,2026-06-30,2026-04-02,2026-04-05,Sales,Done
T-4349,Document service in EU region,James Liu,In Progress,Medium,2026-04-04,2026-03-13,,Operations,In Progress
T-4350,Coordinate runbook wrap-up,James Liu,In Progress,Medium,2026-03-03,2026-01-28,,Operations,In Progress
T-4351,Onboard rollout for executive sync,Owen Briggs,Blocked,Medium,2026-04-29,2026-04-11,,HR,In Progress
T-4352,Validate pipeline consolidation,Riley Kim,In Progress,Medium,2026-03-31,2026-02-25,,Marketing,In Progress
T-4353,Onboard migration for new hires,Riley Kim,Done,Medium,2026-04-19,2026-03-13,2026-04-13,Marketing,Done
T-4354,Configure checklist phase 2,Wendy Lee,Done,Medium,2026-04-26,2026-01-20,2026-01-27,Finance,Done
T-4355,Configure runbook in EU region,Anita Rao,In Progress,Medium,2026-05-07,2026-04-09,,Finance,In Progress
T-4356,Review review for legal review,Lila Zheng,Done,Low,2026-03-01,2026-01-23,2026-04-05,Product,Done
T-4357,Update service phase 2,Erik Andersson,Done,Medium,2026-04-28,2026-03-26,2026-03-29,Sales,Done
T-4358,Decommission checklist follow-up,James Liu,Done,High,2026-06-26,2026-03-15,2026-04-02,Operations,Blocked
T-4359,Decommission training phase 2,Riley Kim,In Progress,High,2026-03-09,2026-02-02,,Marketing,Not Started
T-4360,Document framework consolidation,Yumi Tanaka,Not Started,Low,2026-01-29,2026-01-14,,Sales,Not Started
T-4361,Document rubric v2,Sasha Mendel,Not Started,Medium,2026-07-21,2026-04-12,,Security,Not Started
T-4362,Negotiate renewal v2,Carlos Vega,Blocked,High,2026-02-25,2026-01-12,,Marketing,Blocked
T-4363,Onboard policy for new hires,Anita Rao,Done,Medium,2026-07-12,2026-04-21,2026-04-23,Finance,Done
T-4364,Decommission audit wrap-up,Devon Park,Done,High,2026-06-09,2026-04-04,2026-04-04,Security,Done
T-4365,Coordinate framework v2,Devon Park,Not Started,High,2026-04-02,2026-03-13,,Security,Not Started
T-4366,Plan rollout wrap-up,Erik Andersson,In Progress,Medium,2026-03-19,2026-01-24,,Sales,In Progress
T-4367,Migrate campaign follow-up,James Liu,Done,Medium,2026-03-14,2026-02-16,2026-03-24,Operations,Done
T-4368,Validate rollout across teams,Owen Briggs,Done,Medium,2026-04-27,2026-01-25,2026-02-04,HR,Done
T-4369,Migrate migration consolidation,Anita Rao,Blocked,Medium,2026-02-09,2026-01-11,,Finance,Blocked
T-4370,Test spec after incident #47,Wendy Lee,Done,Medium,2026-03-18,2026-02-05,2026-02-08,Finance,Done
T-4371,Audit integration phase 2,Sasha Mendel,Not Started,Low,2026-05-24,2026-02-27,,Security,Not Started
T-4372,Validate playbook for Q3,Nina Patel,Done,Medium,2026-04-01,2026-01-18,2026-04-25,HR,Done
T-4373,Onboard rubric consolidation,Maya Chen,Done,Medium,2026-05-24,2026-02-23,2026-03-29,Product,Done
T-4374,Decommission pipeline v2,Riley Kim,Done,Medium,2026-03-25,2026-02-21,2026-04-12,Marketing,Done
T-4375,Migrate integration for legal review,Ben Hartley,In Progress,High,2026-03-19,2026-02-26,,Product,In Progress
T-4376,Optimize campaign annual,Erik Andersson,Not Started,Medium,2026-06-03,2026-04-30,,Sales,Not Started
T-4377,Refactor training for legal review,Maya Iwata,Not Started,Medium,2026-04-19,2026-03-01,,Marketing,Not Started
T-4378,Decommission integration Q1,Wendy Lee,In Progress,High,2026-06-11,2026-03-22,,Finance,In Progress
T-4379,Draft checklist v2,Owen Briggs,In Progress,High,2026-04-27,2026-02-17,,HR,In Progress
T-4380,Investigate playbook in EU region,Nina Patel,Not Started,Medium,2026-06-15,2026-03-15,,HR,Not Started
T-4381,Test audit in EU region,Sam Khoury,Not Started,Medium,2026-04-08,2026-02-23,,Engineering,Not Started
T-4382,Optimize checklist Q1,Devon Reyes,Done,Medium,2026-03-27,2026-01-25,2026-03-05,Operations,Done
T-4383,Approve runbook v2,Maya Iwata,In Progress,Low,2026-06-20,2026-03-25,,Marketing,In Progress
T-4384,Validate spec for legal review,James Liu,In Progress,Medium,2026-06-06,2026-03-24,,Operations,In Progress
T-4385,Coordinate spec v2,Tara Okonkwo,Blocked,Medium,2026-06-11,2026-03-24,,Operations,Blocked
T-4386,Onboard dashboard after incident #47,Anita Rao,Done,High,2026-06-23,2026-04-24,2026-04-25,Finance,Done
T-4387,Refactor review across teams,Erik Andersson,Not Started,Medium,2026-04-23,2026-01-12,,Sales,Not Started
T-4388,Decommission dashboard annual,Sam Khoury,In Progress,Medium,2026-04-09,2026-03-06,,Engineering,In Progress
T-4389,Plan renewal kickoff,Priya Nair,In Progress,Medium,2026-06-21,2026-04-11,,Engineering,In Progress
T-4390,Update framework for new hires,Wendy Lee,Not Started,High,2026-03-02,2026-01-30,,Finance,Not Started
T-4391,Validate service Q1,Ben Hartley,Not Started,Medium,2026-04-09,2026-01-17,,Product,Not Started
T-4392,Test service annual,Anita Rao,Not Started,High,2026-03-13,2026-01-25,,Finance,Not Started
T-4393,Audit rubric across teams,Devon Park,Done,Medium,2026-02-18,2026-01-21,2026-03-04,Security,Done
T-4394,Configure rollout follow-up,Devon Park,In Progress,Medium,2026-04-10,2026-03-13,,Security,In Progress
T-4395,Implement policy after incident #47,Anita Rao,Not Started,Medium,2026-04-04,2026-03-13,,Finance,Not Started
T-4396,Decommission report annual,James Liu,In Progress,Medium,2026-06-03,2026-03-30,,Operations,In Progress
T-4397,Plan migration for new hires,Owen Briggs,Not Started,Low,2026-05-17,2026-02-04,,HR,Not Started
T-4398,Negotiate checklist consolidation,Erik Andersson,In Progress,High,2026-05-18,2026-03-18,,Sales,In Progress
T-4399,Plan audit annual,Tara Okonkwo,Not Started,High,2026-05-25,2026-03-31,,Operations,Not Started
T-4400,Migrate playbook annual,Sasha Mendel,Done,Low,2026-04-15,2026-03-02,2026-03-20,Security,In Progress
T-4401,Negotiate migration phase 2,Sam Khoury,In Progress,Medium,2026-06-25,2026-04-14,,Engineering,In Progress
T-4402,Launch migration for executive sync,Marcus Tate,Done,Critical,2026-05-10,2026-02-20,2026-04-28,Sales,Done
T-4403,Implement campaign after incident #47,Erik Andersson,Done,Critical,2026-03-19,2026-01-31,2026-05-01,Sales,Done
T-4404,Onboard rubric in EU region,Yumi Tanaka,In Progress,Medium,2026-05-22,2026-02-27,,Sales,Not Started
T-4405,Test pipeline kickoff,Sam Khoury,Done,Critical,2026-02-10,2026-01-10,2026-03-24,Engineering,Done
T-4406,Test framework for partners,Maya Iwata,Not Started,Low,2026-04-27,2026-03-08,,Marketing,Not Started
T-4407,Audit integration for executive sync,Maya Park,Blocked,Medium,2026-04-07,2026-02-03,,Engineering,Blocked
T-4408,Investigate renewal follow-up,Yumi Tanaka,Done,High,2026-05-03,2026-04-09,2026-04-30,Sales,Blocked
T-4409,Investigate integration wrap-up,Devon Reyes,In Progress,High,2026-03-17,2026-02-03,,Operations,In Progress
T-4410,Configure workflow for new hires,Alex Wang,In Progress,Critical,2026-07-04,2026-03-25,,Engineering,In Progress
T-4411,Decommission audit follow-up,Anita Rao,In Progress,Medium,2026-03-26,2026-02-08,,Finance,Not Started
T-4412,Coordinate training in EU region,Marcus Tate,Done,Medium,2026-06-14,2026-04-17,2026-04-20,Sales,Done
T-4413,Roll out migration after incident #47,James Liu,In Progress,Critical,2026-06-30,2026-03-19,,Operations,Done
T-4414,Configure playbook for partners,Alex Wang,Done,Low,2026-05-06,2026-04-10,2026-04-13,Engineering,Done
T-4415,Plan renewal for Q3,Carlos Vega,Not Started,Medium,2026-03-26,2026-02-18,,Marketing,Not Started
T-4416,Coordinate runbook across teams,Anita Rao,Done,Medium,2026-06-03,2026-03-09,2026-03-19,Finance,In Progress
T-4417,Review service consolidation,James Liu,In Progress,High,2026-05-19,2026-04-05,,Operations,In Progress
T-4418,Review integration follow-up,Anita Rao,In Progress,Medium,2026-07-12,2026-04-19,,Finance,Not Started
T-4419,Migrate training Q1,Cara Singh,Done,High,2026-04-24,2026-03-19,2026-04-16,Product,Blocked
T-4420,Approve renewal for new hires,Maya Chen,Done,Medium,2026-03-31,2026-01-27,2026-02-22,Product,Done
T-4421,Approve framework in EU region,Carlos Vega,Done,Medium,2026-04-09,2026-01-30,2026-04-18,Marketing,Done
T-4422,Approve campaign kickoff,Yumi Tanaka,Done,High,2026-04-15,2026-01-18,2026-01-19,Sales,Done
T-4423,Configure rollout consolidation,Wendy Lee,Not Started,Medium,2026-05-11,2026-03-11,,Finance,Not Started
T-4424,Onboard review for legal review,Anita Rao,In Progress,Medium,2026-04-26,2026-02-09,,Finance,Done
T-4425,Audit rollout wrap-up,Wendy Lee,Done,Medium,2026-04-02,2026-01-17,2026-04-14,Finance,Done
T-4426,Decommission dashboard across teams,Nina Patel,Blocked,Medium,2026-04-14,2026-01-12,,HR,Blocked
T-4427,Configure rubric in EU region,James Liu,In Progress,Medium,2026-04-26,2026-03-20,,Operations,In Progress
T-4428,Implement playbook across teams,Jordan Bell,Blocked,Medium,2026-06-03,2026-03-05,,Engineering,In Progress
T-4429,Migrate audit across teams,Nina Patel,In Progress,High,2026-06-26,2026-04-04,,HR,In Progress
T-4430,Test training consolidation,Erik Andersson,Blocked,Low,2026-04-26,2026-02-09,,Sales,Blocked
T-4431,Audit rollout after incident #47,Jordan Bell,Done,Medium,2026-05-13,2026-04-24,2026-05-02,Engineering,Blocked
T-4432,Audit review Q1,Owen Briggs,Blocked,Medium,2026-05-19,2026-02-15,,HR,Blocked
T-4433,Migrate pipeline in EU region,Erik Andersson,Done,Medium,2026-04-29,2026-03-19,2026-04-02,Sales,Done
T-4434,Update training Q1,Sasha Mendel,Not Started,High,2026-05-02,2026-03-04,,Security,Not Started
T-4435,Plan campaign for new hires,Jordan Bell,Not Started,Low,2026-06-04,2026-04-16,,Engineering,Not Started
T-4436,Onboard audit after incident #47,Maya Iwata,In Progress,Medium,2026-05-14,2026-04-04,,Marketing,In Progress
T-4437,Plan renewal across teams,Devon Reyes,Blocked,Low,2026-03-28,2026-01-26,,Operations,Blocked
T-4438,Coordinate workflow Q1,Ben Hartley,Not Started,Medium,2026-04-03,2026-03-18,,Product,Not Started
T-4439,Decommission migration wrap-up,Jordan Bell,In Progress,Low,2026-04-23,2026-01-15,,Engineering,In Progress
T-4440,Update runbook for Q3,Cara Singh,Not Started,Medium,2026-03-13,2026-01-04,,Product,Not Started
T-4441,Implement integration in EU region,Nina Patel,Not Started,Low,2026-04-06,2026-02-24,,HR,Not Started
T-4442,Launch training consolidation,Nina Patel,In Progress,Medium,2026-03-04,2026-01-06,,HR,In Progress
T-4443,Migrate training for new hires,Owen Briggs,Not Started,Medium,2026-03-15,2026-02-09,,HR,Not Started
T-4444,Launch review follow-up,Tara Okonkwo,Blocked,Medium,2026-04-11,2026-01-20,,Operations,Blocked
T-4445,Update playbook follow-up,Sasha Mendel,Not Started,Medium,2026-05-20,2026-04-11,,Security,Not Started
T-4446,Implement review for partners,Jordan Bell,Done,Medium,2026-04-21,2026-04-03,2026-04-24,Engineering,Done
T-4447,Refactor workflow for Q3,Lila Zheng,Not Started,Low,2026-02-07,2026-01-13,,Product,Not Started
T-4448,Coordinate campaign Q1,Jordan West,Not Started,High,2026-07-31,2026-04-23,,HR,Not Started
T-4449,Test service kickoff,Devon Reyes,Done,High,2026-06-04,2026-03-13,2026-04-15,Operations,Done
T-4450,Optimize runbook for Q3,Wendy Lee,Done,Low,2026-03-29,2026-02-24,2026-02-27,Finance,Done
T-4451,Optimize checklist for new hires,Devon Reyes,Not Started,High,2026-05-02,2026-03-29,,Operations,Not Started
T-4452,Configure pipeline for Q3,Owen Briggs,Not Started,Medium,2026-02-12,2026-01-22,,HR,Not Started
T-4453,Negotiate rollout phase 2,Devon Reyes,Blocked,High,2026-06-02,2026-04-19,,Operations,Blocked
T-4454,Draft campaign wrap-up,Maya Iwata,Not Started,High,2026-05-26,2026-03-28,,Marketing,Not Started
T-4455,Implement workflow follow-up,Riley Kim,Done,Medium,2026-06-01,2026-03-02,2026-03-07,Marketing,Done
T-4456,Draft dashboard Q1,Wendy Lee,Done,Critical,2026-04-13,2026-01-22,2026-04-24,Finance,Done
T-4457,Plan checklist for Q3,Riley Kim,In Progress,Medium,2026-07-14,2026-04-15,,Marketing,In Progress
T-4458,Refactor playbook phase 2,Anita Rao,Not Started,Medium,2026-06-22,2026-03-14,,Finance,Not Started
T-4459,Draft framework for executive sync,Anita Rao,In Progress,Medium,2026-05-26,2026-04-20,,Finance,In Progress
T-4460,Configure integration follow-up,Devon Park,In Progress,Critical,2026-04-08,2026-03-10,,Security,In Progress
T-4461,Refactor pipeline consolidation,Anita Rao,Done,Medium,2026-06-03,2026-03-09,2026-04-08,Finance,Done
T-4462,Roll out rollout consolidation,Devon Park,Not Started,High,2026-02-22,2026-01-09,,Security,Not Started
T-4463,Decommission playbook v2,Cara Singh,In Progress,High,2026-04-04,2026-01-23,,Product,Done
T-4464,Launch migration annual,James Liu,Done,Medium,2026-06-23,2026-05-02,2026-05-02,Operations,Done
T-4465,Review integration kickoff,Ben Hartley,In Progress,High,2026-03-27,2026-03-05,,Product,In Progress
T-4466,Migrate playbook kickoff,Yumi Tanaka,Blocked,Low,2026-05-29,2026-03-01,,Sales,Blocked
T-4467,Update review wrap-up,Maya Chen,In Progress,Low,2026-03-20,2026-01-25,,Product,In Progress
T-4468,Approve renewal in EU region,Riley Kim,Done,Medium,2026-04-08,2026-03-17,2026-04-27,Marketing,Done
T-4469,Approve policy for legal review,Sasha Mendel,Blocked,Medium,2026-04-23,2026-04-01,,Security,In Progress
T-4470,Validate pipeline kickoff,Jordan Bell,In Progress,Critical,2026-05-07,2026-01-25,,Engineering,In Progress
T-4471,Update rollout v2,Maya Iwata,In Progress,Low,2026-04-10,2026-02-12,,Marketing,In Progress
T-4472,Configure report kickoff,Sasha Mendel,In Progress,Low,2026-04-06,2026-03-14,,Security,In Progress
T-4473,Review integration for legal review,Anita Rao,Not Started,Medium,2026-03-07,2026-02-14,,Finance,Not Started
T-4474,Launch spec for legal review,Sasha Mendel,Blocked,Low,2026-03-06,2026-02-02,,Security,Blocked
T-4475,Optimize rollout for new hires,Lila Zheng,In Progress,Low,2026-04-16,2026-02-20,,Product,Not Started
T-4476,Review training for legal review,Tara Okonkwo,Done,High,2026-03-14,2026-02-16,2026-03-24,Operations,Done
T-4477,Document policy wrap-up,Carlos Vega,Done,Medium,2026-05-13,2026-02-20,2026-03-16,Marketing,Done
T-4478,Plan migration v2,Maya Park,Not Started,High,2026-07-03,2026-04-26,,Engineering,Not Started
T-4479,Investigate pipeline for Q3,Jordan Bell,Not Started,Low,2026-04-26,2026-01-17,,Engineering,Not Started
T-4480,Plan workflow follow-up,Anita Rao,Not Started,Medium,2026-05-18,2026-03-08,,Finance,Not Started
T-4481,Draft review consolidation,Sam Khoury,Done,Medium,2026-04-07,2026-01-10,2026-02-01,Engineering,Done
T-4482,Approve integration kickoff,Nina Patel,In Progress,High,2026-03-10,2026-01-23,,HR,In Progress
T-4483,Test rollout for legal review,James Liu,In Progress,High,2026-02-25,2026-01-31,,Operations,In Progress
T-4484,Review integration consolidation,Marcus Tate,In Progress,Medium,2026-03-05,2026-01-25,,Sales,In Progress
T-4485,Launch playbook consolidation,Anita Rao,In Progress,Medium,2026-06-25,2026-04-21,,Finance,In Progress
T-4486,Update runbook for executive sync,Ben Hartley,Done,Medium,2026-06-25,2026-04-11,2026-04-13,Product,Done
T-4487,Approve playbook across teams,Devon Park,In Progress,Medium,2026-05-03,2026-02-27,,Security,In Progress
T-4488,Review workflow across teams,Anita Rao,In Progress,Medium,2026-05-19,2026-03-08,,Finance,In Progress
T-4489,Plan audit for new hires,Maya Chen,In Progress,High,2026-04-13,2026-02-04,,Product,In Progress
T-4490,Audit dashboard after incident #47,Ben Hartley,Not Started,High,2026-06-14,2026-04-26,,Product,Not Started
T-4491,Document service wrap-up,Owen Briggs,Done,Low,2026-03-21,2026-02-23,2026-04-18,HR,Done
T-4492,Draft service phase 2,Maya Chen,Not Started,Critical,2026-05-13,2026-03-01,,Product,Not Started
T-4493,Audit framework across teams,Nina Patel,In Progress,Medium,2026-05-13,2026-03-31,,HR,Done
T-4494,Decommission policy for executive sync,Riley Kim,Done,High,2026-06-04,2026-04-17,2026-04-23,Marketing,Done
T-4495,Configure playbook for legal review,Devon Park,Not Started,Medium,2026-06-14,2026-03-30,,Security,Not Started
T-4496,Refactor review for executive sync,Devon Park,In Progress,Medium,2026-07-19,2026-04-28,,Security,Done
T-4497,Roll out audit for new hires,Ben Hartley,Done,High,2026-06-10,2026-04-01,2026-04-19,Product,Done
T-4498,Audit dashboard for new hires,Erik Andersson,Done,Medium,2026-05-18,2026-02-13,2026-04-30,Sales,Done
T-4499,Launch audit consolidation,Anita Rao,Done,Medium,2026-06-07,2026-03-07,2026-04-23,Finance,Done
T-4500,Review review phase 2,Maya Iwata,In Progress,Medium,2026-05-08,2026-01-31,,Marketing,In Progress
T-4501,Migrate checklist for partners,Nina Patel,In Progress,Medium,2026-08-08,2026-04-30,,HR,In Progress
T-4502,Migrate rubric Q1,Maya Iwata,Not Started,Medium,2026-05-13,2026-03-02,,Marketing,Not Started
T-4503,Investigate policy for executive sync,Marcus Tate,Done,Medium,2026-03-23,2026-03-03,2026-03-25,Sales,Done
T-4504,Validate audit Q1,Jordan Bell,In Progress,Critical,2026-03-28,2026-02-20,,Engineering,In Progress
T-4505,Onboard rubric for Q3,Jordan West,Blocked,Medium,2026-02-25,2026-01-17,,HR,Blocked
T-4506,Onboard rollout for legal review,Maya Chen,Done,Medium,2026-04-09,2026-02-19,2026-04-12,Product,Blocked
T-4507,Test rollout v2,Yumi Tanaka,In Progress,Medium,2026-03-25,2026-01-12,,Sales,In Progress
T-4508,Migrate framework follow-up,Ben Hartley,Blocked,Low,2026-06-22,2026-03-21,,Product,In Progress
T-4509,Refactor pipeline wrap-up,James Liu,Blocked,Medium,2026-05-23,2026-04-22,,Operations,In Progress
T-4510,Review audit follow-up,Sasha Mendel,Done,Medium,2026-06-02,2026-03-16,2026-03-27,Security,Done
T-4511,Roll out migration follow-up,Riley Kim,Not Started,Medium,2026-05-15,2026-02-14,,Marketing,Not Started
T-4512,Coordinate runbook v2,Sasha Mendel,In Progress,Low,2026-05-15,2026-02-05,,Security,In Progress
T-4513,Roll out service kickoff,Tara Okonkwo,Done,Medium,2026-05-05,2026-03-09,2026-03-11,Operations,Done
T-4514,Roll out service annual,Sasha Mendel,Blocked,Medium,2026-04-17,2026-01-29,,Security,Blocked
T-4515,Optimize spec for partners,Carlos Vega,Done,Low,2026-04-26,2026-04-06,2026-04-15,Marketing,In Progress
T-4516,Decommission playbook annual,James Liu,Not Started,High,2026-04-19,2026-03-20,,Operations,Not Started
T-4517,Document training for Q3,Maya Iwata,In Progress,Low,2026-03-29,2026-03-04,,Marketing,Done
T-4518,Configure pipeline in EU region,Anita Rao,Done,Medium,2026-02-21,2026-01-06,2026-04-16,Finance,Done
T-4519,Update integration follow-up,Ben Hartley,Done,Medium,2026-05-01,2026-04-10,2026-04-10,Product,Done
T-4520,Negotiate workflow for Q3,Nina Patel,In Progress,Medium,2026-06-08,2026-04-16,,HR,Not Started
T-4521,Approve renewal in EU region,Alex Wang,Blocked,Medium,2026-07-02,2026-05-01,,Engineering,In Progress
T-4522,Coordinate rollout for executive sync,Maya Park,In Progress,Medium,2026-07-08,2026-03-29,,Engineering,Not Started
T-4523,Decommission rollout annual,Devon Park,Not Started,Medium,2026-03-18,2026-02-22,,Security,Not Started
T-4524,Test dashboard Q1,Cara Singh,Not Started,High,2026-04-08,2026-01-13,,Product,Not Started
T-4525,Audit training after incident #47,Carlos Vega,Not Started,Critical,2026-03-21,2026-01-18,,Marketing,Not Started
T-4526,Roll out campaign for partners,Sasha Mendel,Not Started,Medium,2026-06-24,2026-04-02,,Security,Not Started
T-4527,Validate spec follow-up,Erik Andersson,In Progress,Medium,2026-06-14,2026-03-03,,Sales,In Progress
T-4528,Test review wrap-up,Cara Singh,In Progress,Low,2026-06-08,2026-03-27,,Product,In Progress
T-4529,Coordinate rollout for legal review,Yumi Tanaka,In Progress,High,2026-06-01,2026-02-25,,Sales,Done
T-4530,Roll out audit v2,James Liu,Not Started,Critical,2026-06-03,2026-03-26,,Operations,Not Started
T-4531,Optimize framework v2,Marcus Tate,Not Started,Medium,2026-06-21,2026-03-10,,Sales,Not Started
T-4532,Investigate dashboard for new hires,Alex Wang,Done,Medium,2026-02-05,2026-01-05,2026-04-12,Engineering,Done
T-4533,Coordinate review across teams,Devon Park,Not Started,Low,2026-04-19,2026-01-23,,Security,Not Started
T-4534,Investigate service after incident #47,Lila Zheng,Done,Low,2026-03-05,2026-01-23,2026-04-06,Product,Done
T-4535,Review framework v2,Lila Zheng,Done,Medium,2026-06-11,2026-03-04,2026-04-27,Product,Done
T-4536,Implement service v2,Erik Andersson,Not Started,Medium,2026-05-19,2026-03-04,,Sales,Not Started
T-4537,Implement migration kickoff,Devon Reyes,Done,Low,2026-05-08,2026-02-07,2026-03-20,Operations,Done
T-4538,Optimize workflow across teams,Ben Hartley,In Progress,High,2026-05-31,2026-02-27,,Product,In Progress
T-4539,Roll out pipeline after incident #47,Wendy Lee,Done,Low,2026-02-28,2026-02-02,2026-02-02,Finance,Done
T-4540,Update dashboard after incident #47,Devon Reyes,Done,High,2026-06-28,2026-03-28,2026-04-21,Operations,Done
T-4541,Refactor checklist in EU region,Sasha Mendel,Blocked,Medium,2026-02-28,2026-02-13,,Security,Blocked
T-4542,Onboard integration in EU region,Anita Rao,In Progress,Medium,2026-06-04,2026-03-26,,Finance,In Progress
T-4543,Onboard framework consolidation,Alex Wang,In Progress,Medium,2026-04-24,2026-02-24,,Engineering,Not Started
T-4544,Decommission pipeline for new hires,Wendy Lee,Done,High,2026-04-30,2026-02-28,2026-04-29,Finance,In Progress
T-4545,Document runbook for executive sync,Nina Patel,Not Started,Medium,2026-04-01,2026-03-13,,HR,Not Started
T-4546,Draft checklist for Q3,Lila Zheng,Not Started,Medium,2026-07-15,2026-04-11,,Product,Not Started
T-4547,Refactor pipeline annual,Sasha Mendel,In Progress,Medium,2026-05-25,2026-02-27,,Security,In Progress
T-4548,Implement dashboard for Q3,Devon Park,Blocked,Medium,2026-03-26,2026-03-03,,Security,In Progress
T-4549,Review dashboard after incident #47,Devon Park,Done,Medium,2026-04-12,2026-03-22,2026-04-29,Security,Done
T-4550,Validate rubric for legal review,Wendy Lee,Not Started,Medium,2026-07-21,2026-04-19,,Finance,Not Started
T-4551,Coordinate audit across teams,Marcus Tate,Blocked,Low,2026-03-29,2026-01-08,,Sales,Blocked
T-4552,Plan service kickoff,Devon Park,Done,Medium,2026-04-26,2026-03-24,2026-04-02,Security,In Progress
T-4553,Approve campaign wrap-up,Sasha Mendel,Not Started,Low,2026-07-03,2026-04-25,,Security,Not Started
T-4554,Migrate service follow-up,Yumi Tanaka,Not Started,Low,2026-04-30,2026-03-10,,Sales,Not Started
T-4555,Configure playbook for new hires,Priya Nair,Done,Medium,2026-05-24,2026-04-16,2026-04-29,Engineering,Done
T-4556,Coordinate pipeline wrap-up,Yumi Tanaka,Not Started,Medium,2026-04-19,2026-02-01,,Sales,Not Started
T-4557,Audit migration Q1,Tara Okonkwo,In Progress,Low,2026-06-09,2026-04-27,,Operations,In Progress
T-4558,Implement spec across teams,Ben Hartley,Not Started,Medium,2026-04-21,2026-01-25,,Product,Not Started
T-4559,Launch rollout after incident #47,Erik Andersson,Not Started,Medium,2026-05-27,2026-04-12,,Sales,Not Started
T-4560,Onboard dashboard annual,Sasha Mendel,Not Started,Medium,2026-04-27,2026-03-03,,Security,Not Started
T-4561,Investigate rollout for legal review,Anita Rao,Done,Low,2026-06-06,2026-04-09,2026-04-13,Finance,Done
T-4562,Negotiate service consolidation,Cara Singh,Done,Medium,2026-06-01,2026-04-12,2026-04-25,Product,Done
T-4563,Test pipeline phase 2,Owen Briggs,Blocked,Medium,2026-06-11,2026-04-14,,HR,Blocked
T-4564,Optimize rollout for legal review,Alex Wang,In Progress,Medium,2026-03-25,2026-01-18,,Engineering,In Progress
T-4565,Coordinate spec for legal review,Owen Briggs,Not Started,Low,2026-03-07,2026-01-18,,HR,Not Started
T-4566,Audit workflow in EU region,Cara Singh,In Progress,High,2026-07-22,2026-04-21,,Product,In Progress
T-4567,Configure audit for executive sync,Devon Park,In Progress,High,2026-06-30,2026-04-03,,Security,In Progress
T-4568,Decommission dashboard for Q3,Wendy Lee,In Progress,Low,2026-04-29,2026-04-07,,Finance,Not Started
T-4569,Plan migration wrap-up,Jordan Bell,Not Started,Medium,2026-02-03,2026-01-18,,Engineering,Not Started
T-4570,Decommission campaign across teams,Priya Nair,In Progress,Medium,2026-03-31,2026-02-20,,Engineering,In Progress
T-4571,Investigate campaign annual,Devon Park,In Progress,Medium,2026-07-07,2026-04-07,,Security,In Progress
T-4572,Decommission integration for partners,Nina Patel,Blocked,Medium,2026-04-03,2026-03-06,,HR,Blocked
T-4573,Onboard pipeline Q1,Devon Reyes,In Progress,High,2026-04-04,2026-03-02,,Operations,In Progress
T-4574,Coordinate campaign after incident #47,Devon Park,In Progress,Low,2026-07-22,2026-04-11,,Security,In Progress
T-4575,Audit framework v2,Nina Patel,Done,Medium,2026-04-06,2026-01-19,2026-02-17,HR,Blocked
T-4576,Investigate playbook v2,Devon Reyes,Blocked,Medium,2026-04-13,2026-01-29,,Operations,Blocked
T-4577,Update report for partners,Anita Rao,Done,Medium,2026-07-23,2026-04-18,2026-04-19,Finance,Done
T-4578,Onboard policy across teams,Carlos Vega,In Progress,Medium,2026-05-19,2026-04-05,,Marketing,In Progress
T-4579,Configure migration for legal review,Maya Iwata,In Progress,Medium,2026-06-27,2026-03-29,,Marketing,In Progress
T-4580,Test rubric Q1,Devon Park,In Progress,Low,2026-02-28,2026-01-29,,Security,Done
T-4581,Test workflow in EU region,Jordan West,Done,High,2026-05-31,2026-04-22,2026-04-25,HR,Done
T-4582,Plan review for Q3,Marcus Tate,In Progress,High,2026-03-14,2026-01-20,,Sales,In Progress
T-4583,Onboard policy Q1,Jordan West,Done,Low,2026-04-25,2026-02-26,2026-04-22,HR,Done
T-4584,Validate service for executive sync,Yumi Tanaka,Done,High,2026-04-02,2026-01-24,2026-03-05,Sales,Done
T-4585,Roll out integration for legal review,Erik Andersson,Not Started,Medium,2026-02-26,2026-01-21,,Sales,Not Started
T-4586,Document report phase 2,Cara Singh,Blocked,High,2026-05-24,2026-02-28,,Product,Blocked
T-4587,Review renewal for partners,Erik Andersson,Blocked,Critical,2026-04-11,2026-02-10,,Sales,Blocked
T-4588,Audit training Q1,Devon Park,Not Started,Medium,2026-07-12,2026-04-29,,Security,Not Started
T-4589,Validate playbook across teams,Nina Patel,Done,Medium,2026-02-27,2026-01-27,2026-03-10,HR,In Progress
T-4590,Migrate spec across teams,Erik Andersson,In Progress,Medium,2026-05-14,2026-02-23,,Sales,In Progress
T-4591,Update rollout in EU region,Priya Nair,In Progress,High,2026-04-21,2026-03-13,,Engineering,In Progress
T-4592,Onboard audit consolidation,Sasha Mendel,Not Started,High,2026-05-10,2026-02-24,,Security,Not Started
T-4593,Validate framework wrap-up,Riley Kim,Done,Low,2026-06-27,2026-03-24,2026-04-26,Marketing,Done
T-4594,Refactor runbook follow-up,Nina Patel,In Progress,Medium,2026-04-23,2026-03-26,,HR,In Progress
T-4595,Review rollout for partners,Marcus Tate,Done,Medium,2026-03-09,2026-02-07,2026-03-15,Sales,Done
T-4596,Investigate service for Q3,Riley Kim,In Progress,Low,2026-06-22,2026-03-22,,Marketing,In Progress
T-4597,Coordinate pipeline kickoff,Wendy Lee,Not Started,Medium,2026-06-19,2026-04-09,,Finance,Not Started
T-4598,Validate migration across teams,Devon Park,Blocked,High,2026-04-24,2026-02-23,,Security,Blocked
T-4599,Migrate report for legal review,Wendy Lee,Not Started,Low,2026-07-06,2026-04-22,,Finance,Not Started
T-4600,Launch migration for executive sync,Owen Briggs,In Progress,Medium,2026-02-25,2026-02-07,,HR,In Progress
T-4601,Optimize workflow after incident #47,James Liu,Not Started,Low,2026-05-08,2026-03-20,,Operations,Not Started
T-4602,Update training annual,Jordan West,Done,Medium,2026-06-07,2026-05-02,2026-05-02,HR,Blocked
T-4603,Coordinate audit for executive sync,Tara Okonkwo,Done,Medium,2026-04-27,2026-02-12,2026-04-07,Operations,Done
T-4604,Onboard rollout wrap-up,Maya Park,Done,Medium,2026-04-11,2026-03-20,2026-04-25,Engineering,Done
T-4605,Launch renewal for executive sync,Tara Okonkwo,Done,Medium,2026-06-05,2026-04-04,2026-04-20,Operations,Done
T-4606,Update integration for partners,Jordan West,Done,Low,2026-05-29,2026-04-18,2026-04-18,HR,Done
T-4607,Approve renewal for executive sync,Yumi Tanaka,Done,Low,2026-03-08,2026-02-15,2026-03-22,Sales,Done
T-4608,Plan review follow-up,Wendy Lee,Not Started,Low,2026-02-24,2026-01-03,,Finance,Not Started
T-4609,Validate runbook annual,Marcus Tate,In Progress,Medium,2026-04-27,2026-03-07,,Sales,In Progress
T-4610,Plan rollout consolidation,Erik Andersson,In Progress,Medium,2026-03-27,2026-01-24,,Sales,In Progress
T-4611,Optimize spec for partners,Owen Briggs,In Progress,Medium,2026-05-14,2026-04-06,,HR,In Progress
T-4612,Decommission audit consolidation,Marcus Tate,Not Started,Medium,2026-03-07,2026-02-02,,Sales,Not Started
T-4613,Document spec after incident #47,Jordan Bell,Done,Medium,2026-05-08,2026-04-15,2026-04-18,Engineering,Done
T-4614,Investigate playbook for new hires,James Liu,Done,High,2026-05-02,2026-01-24,2026-02-10,Operations,Done
T-4615,Document report v2,Wendy Lee,Not Started,Medium,2026-06-30,2026-04-27,,Finance,Not Started
T-4616,Refactor dashboard phase 2,Nina Patel,Not Started,Medium,2026-05-31,2026-02-19,,HR,Not Started
T-4617,Launch workflow for partners,Anita Rao,Not Started,Low,2026-05-02,2026-03-31,,Finance,Not Started
T-4618,Implement training v2,Maya Park,Done,Medium,2026-05-11,2026-03-04,2026-03-21,Engineering,In Progress
T-4619,Audit rollout across teams,Tara Okonkwo,In Progress,Medium,2026-06-18,2026-04-21,,Operations,In Progress
T-4620,Negotiate framework for legal review,Jordan West,Done,Medium,2026-06-26,2026-04-12,2026-04-13,HR,Done
T-4621,Roll out report across teams,Wendy Lee,In Progress,High,2026-03-26,2026-01-08,,Finance,In Progress
T-4622,Onboard rubric for legal review,Wendy Lee,Not Started,Medium,2026-06-13,2026-03-13,,Finance,Not Started
T-4623,Decommission runbook for legal review,Jordan West,Done,Critical,2026-06-05,2026-03-31,2026-04-27,HR,Done
T-4624,Onboard spec phase 2,Maya Chen,Done,Medium,2026-06-07,2026-03-08,2026-04-26,Product,In Progress
T-4625,Roll out policy for Q3,Priya Nair,Not Started,Medium,2026-04-07,2026-03-07,,Engineering,Not Started
T-4626,Draft rollout for partners,Tara Okonkwo,Blocked,High,2026-04-22,2026-01-11,,Operations,Blocked
T-4627,Document policy across teams,Ben Hartley,Not Started,High,2026-04-11,2026-02-08,,Product,Not Started
T-4628,Update rollout for legal review,Riley Kim,In Progress,Medium,2026-03-04,2026-02-03,,Marketing,Not Started
T-4629,Optimize rollout annual,Priya Nair,Done,High,2026-03-29,2026-03-15,2026-03-28,Engineering,Done
T-4630,Coordinate runbook for Q3,Cara Singh,In Progress,Medium,2026-03-22,2026-02-08,,Product,In Progress
T-4631,Refactor framework phase 2,Yumi Tanaka,In Progress,Medium,2026-07-12,2026-04-06,,Sales,Not Started
T-4632,Audit rubric annual,Wendy Lee,Not Started,High,2026-05-09,2026-03-15,,Finance,Not Started
T-4633,Validate runbook for new hires,Maya Chen,In Progress,Medium,2026-02-20,2026-01-28,,Product,In Progress
T-4634,Plan policy across teams,Nina Patel,Not Started,High,2026-06-15,2026-03-27,,HR,Not Started
T-4635,Migrate integration annual,Alex Wang,In Progress,Medium,2026-04-27,2026-04-09,,Engineering,Not Started
T-4636,Onboard workflow for legal review,Devon Reyes,In Progress,Medium,2026-06-03,2026-03-18,,Operations,Not Started
T-4637,Refactor audit wrap-up,James Liu,In Progress,Medium,2026-06-30,2026-03-26,,Operations,In Progress
T-4638,Negotiate rubric for executive sync,Devon Park,Done,High,2026-04-27,2026-02-16,2026-03-16,Security,Done
T-4639,Refactor dashboard consolidation,Riley Kim,In Progress,Medium,2026-06-19,2026-04-15,,Marketing,Done
T-4640,Draft pipeline consolidation,Lila Zheng,Done,High,2026-05-13,2026-02-16,2026-04-23,Product,Done
T-4641,Review playbook after incident #47,Wendy Lee,Done,Low,2026-05-07,2026-03-23,2026-04-27,Finance,Done
T-4642,Onboard training annual,Carlos Vega,Not Started,Medium,2026-06-25,2026-04-20,,Marketing,Not Started
T-4643,Plan training for partners,Cara Singh,Done,Medium,2026-04-18,2026-04-01,2026-04-08,Product,Done
T-4644,Coordinate playbook wrap-up,Yumi Tanaka,Done,Medium,2026-05-19,2026-04-10,2026-04-10,Sales,Done
T-4645,Optimize rollout for Q3,Wendy Lee,In Progress,Medium,2026-05-04,2026-02-11,,Finance,In Progress
T-4646,Validate audit wrap-up,Devon Reyes,Not Started,High,2026-03-10,2026-02-03,,Operations,Not Started
T-4647,Validate rollout across teams,James Liu,Not Started,High,2026-02-22,2026-02-07,,Operations,Not Started
T-4648,Investigate policy for new hires,Maya Iwata,Not Started,Medium,2026-05-22,2026-04-03,,Marketing,Not Started
T-4649,Onboard policy phase 2,Sasha Mendel,Done,High,2026-04-10,2026-01-17,2026-03-09,Security,Done
T-4650,Migrate framework for new hires,Wendy Lee,Done,Medium,2026-07-06,2026-05-01,2026-05-01,Finance,Done
T-4651,Review pipeline wrap-up,Anita Rao,In Progress,Critical,2026-04-10,2026-01-10,,Finance,In Progress
T-4652,Launch pipeline for partners,Lila Zheng,Done,Medium,2026-07-25,2026-04-25,2026-04-26,Product,Done
T-4653,Roll out training wrap-up,Nina Patel,In Progress,Medium,2026-07-04,2026-04-04,,HR,In Progress
T-4654,Configure checklist kickoff,Devon Reyes,Not Started,Medium,2026-02-26,2026-01-19,,Operations,Not Started
T-4655,Update rollout phase 2,Cara Singh,Not Started,Medium,2026-06-28,2026-04-22,,Product,Not Started
T-4656,Document audit for Q3,Maya Park,In Progress,Medium,2026-05-29,2026-05-01,,Engineering,Not Started
T-4657,Implement rubric wrap-up,Maya Iwata,In Progress,Low,2026-03-14,2026-01-26,,Marketing,In Progress
T-4658,Refactor spec for executive sync,Wendy Lee,In Progress,Medium,2026-06-05,2026-04-16,,Finance,In Progress
T-4659,Coordinate rollout in EU region,Lila Zheng,Done,Medium,2026-03-15,2026-01-31,2026-04-25,Product,Done
T-4660,Test rubric for partners,Carlos Vega,Done,Medium,2026-07-06,2026-04-06,2026-04-23,Marketing,Done
T-4661,Document report for new hires,Wendy Lee,In Progress,High,2026-04-27,2026-01-21,,Finance,In Progress
T-4662,Migrate audit Q1,Lila Zheng,Done,Medium,2026-04-01,2026-02-22,2026-04-18,Product,Done
T-4663,Onboard framework for partners,Carlos Vega,In Progress,Medium,2026-03-22,2026-02-21,,Marketing,Not Started
T-4664,Decommission dashboard for legal review,James Liu,Not Started,Medium,2026-02-12,2026-01-04,,Operations,Not Started
T-4665,Review audit after incident #47,Erik Andersson,In Progress,Low,2026-02-26,2026-02-09,,Sales,In Progress
T-4666,Review workflow phase 2,Sasha Mendel,Done,Low,2026-05-29,2026-02-16,2026-03-07,Security,Done
T-4667,Draft migration Q1,Anita Rao,In Progress,Medium,2026-05-21,2026-03-30,,Finance,In Progress
T-4668,Investigate migration for executive sync,Devon Park,In Progress,Medium,2026-04-22,2026-03-01,,Security,In Progress
T-4669,Coordinate dashboard for legal review,Erik Andersson,In Progress,Medium,2026-02-08,2026-01-13,,Sales,Done
T-4670,Investigate dashboard wrap-up,Riley Kim,Blocked,Medium,2026-06-29,2026-05-01,,Marketing,Blocked
T-4671,Audit framework for partners,Anita Rao,Done,Medium,2026-06-05,2026-03-28,2026-04-13,Finance,Done
T-4672,Update framework v2,Devon Park,Done,Low,2026-04-07,2026-01-25,2026-03-28,Security,Blocked
T-4673,Roll out training for legal review,Yumi Tanaka,Done,Medium,2026-05-10,2026-02-24,2026-03-04,Sales,Done
T-4674,Onboard training kickoff,Devon Park,In Progress,Critical,2026-03-19,2026-01-16,,Security,In Progress
T-4675,Configure campaign for Q3,Carlos Vega,In Progress,Medium,2026-05-27,2026-04-28,,Marketing,In Progress
T-4676,Validate checklist after incident #47,James Liu,Not Started,Medium,2026-03-16,2026-01-24,,Operations,Not Started
T-4677,Implement review follow-up,Wendy Lee,Not Started,High,2026-06-23,2026-03-13,,Finance,Not Started
T-4678,Onboard pipeline for new hires,Maya Chen,Done,Medium,2026-04-28,2026-02-10,2026-03-08,Product,Done
T-4679,Onboard migration v2,Riley Kim,Done,Medium,2026-04-01,2026-01-12,2026-04-29,Marketing,Done
T-4680,Refactor checklist phase 2,Jordan West,Done,Low,2026-02-27,2026-01-04,2026-03-22,HR,Done
T-4681,Migrate campaign for legal review,Maya Iwata,Done,Medium,2026-07-03,2026-03-25,2026-03-30,Marketing,Done
T-4682,Document spec follow-up,Riley Kim,In Progress,Medium,2026-04-05,2026-02-03,,Marketing,In Progress
T-4683,Validate pipeline consolidation,Wendy Lee,Not Started,High,2026-06-15,2026-04-02,,Finance,Not Started
T-4684,Optimize policy for legal review,Devon Park,Not Started,Medium,2026-03-03,2026-01-13,,Security,Not Started
T-4685,Onboard report consolidation,Wendy Lee,Done,High,2026-04-04,2026-02-22,2026-04-10,Finance,Done
T-4686,Implement spec for Q3,Sam Khoury,In Progress,High,2026-04-03,2026-01-31,,Engineering,In Progress
T-4687,Optimize rollout for Q3,Sasha Mendel,In Progress,Medium,2026-05-07,2026-02-18,,Security,In Progress
T-4688,Test rollout for executive sync,Ben Hartley,Not Started,High,2026-07-08,2026-04-25,,Product,Not Started
T-4689,Review pipeline for new hires,Yumi Tanaka,Not Started,Low,2026-04-11,2026-02-10,,Sales,Not Started
T-4690,Migrate workflow for executive sync,Sasha Mendel,Not Started,Medium,2026-07-22,2026-04-23,,Security,Not Started
T-4691,Investigate review annual,Owen Briggs,Blocked,Critical,2026-05-21,2026-02-07,,HR,Blocked
T-4692,Update renewal phase 2,Maya Iwata,Not Started,Low,2026-06-28,2026-04-16,,Marketing,Not Started
T-4693,Onboard rollout wrap-up,Owen Briggs,In Progress,Medium,2026-05-29,2026-04-28,,HR,Not Started
T-4694,Validate migration for legal review,Jordan Bell,Done,Medium,2026-05-28,2026-03-09,2026-03-24,Engineering,Done
T-4695,Test spec after incident #47,Carlos Vega,In Progress,High,2026-05-12,2026-04-28,,Marketing,In Progress
T-4696,Negotiate pipeline for Q3,Alex Wang,Done,Low,2026-05-20,2026-03-18,2026-04-24,Engineering,Done
T-4697,Audit report in EU region,Wendy Lee,Done,Medium,2026-03-31,2026-01-23,2026-04-21,Finance,Done
T-4698,Optimize renewal follow-up,Jordan West,Blocked,Medium,2026-06-13,2026-03-05,,HR,Blocked
T-4699,Plan policy Q1,Maya Iwata,Not Started,Low,2026-04-20,2026-03-19,,Marketing,Not Started
T-4700,Investigate runbook phase 2,Sam Khoury,In Progress,Medium,2026-02-28,2026-01-26,,Engineering,In Progress
T-4701,Decommission rubric phase 2,Devon Park,In Progress,Medium,2026-04-08,2026-03-05,,Security,In Progress
T-4702,Validate playbook v2,Alex Wang,Done,Low,2026-06-22,2026-04-02,2026-04-05,Engineering,Done
T-4703,Coordinate report follow-up,Tara Okonkwo,In Progress,High,2026-04-14,2026-02-22,,Operations,In Progress
T-4704,Implement training for executive sync,Nina Patel,In Progress,Medium,2026-07-06,2026-04-12,,HR,In Progress
T-4705,Update policy Q1,Ben Hartley,Blocked,Low,2026-03-28,2026-02-13,,Product,In Progress
T-4706,Refactor playbook for Q3,Devon Reyes,Done,Low,2026-05-12,2026-03-20,2026-04-15,Operations,Done
T-4707,Negotiate review for partners,Carlos Vega,Not Started,Critical,2026-04-22,2026-02-20,,Marketing,Not Started
T-4708,Decommission policy for executive sync,Maya Iwata,Done,Medium,2026-06-06,2026-04-18,2026-04-29,Marketing,Done
T-4709,Document playbook across teams,Ben Hartley,Not Started,Medium,2026-05-16,2026-02-11,,Product,Not Started
T-4710,Test migration v2,Jordan Bell,In Progress,Medium,2026-04-24,2026-02-21,,Engineering,In Progress
T-4711,Review spec for partners,Alex Wang,Done,Medium,2026-06-04,2026-03-05,2026-03-14,Engineering,Done
T-4712,Negotiate migration consolidation,Wendy Lee,Done,High,2026-01-17,2026-01-03,2026-01-19,Finance,Done
T-4713,Update integration follow-up,Anita Rao,Not Started,Medium,2026-04-11,2026-02-22,,Finance,Not Started
T-4714,Configure workflow in EU region,Ben Hartley,Done,High,2026-04-22,2026-03-01,2026-04-05,Product,Blocked
T-4715,Refactor renewal wrap-up,Nina Patel,Done,Medium,2026-06-02,2026-03-03,2026-04-14,HR,Done
T-4716,Update pipeline follow-up,Maya Iwata,Done,Medium,2026-04-24,2026-01-14,2026-04-15,Marketing,Done
T-4717,Draft training after incident #47,Riley Kim,Not Started,Medium,2026-06-03,2026-05-02,,Marketing,Not Started
T-4718,Roll out runbook phase 2,Yumi Tanaka,In Progress,High,2026-01-22,2026-01-04,,Sales,In Progress
T-4719,Implement migration Q1,Priya Nair,In Progress,Medium,2026-07-04,2026-04-09,,Engineering,In Progress
T-4720,Draft pipeline follow-up,James Liu,Not Started,High,2026-05-26,2026-04-11,,Operations,Not Started
T-4721,Launch policy in EU region,Devon Park,Blocked,Medium,2026-06-07,2026-03-01,,Security,Blocked
T-4722,Document rollout across teams,Owen Briggs,In Progress,Medium,2026-03-10,2026-01-19,,HR,In Progress
T-4723,Investigate report follow-up,Marcus Tate,Not Started,Medium,2026-04-19,2026-03-22,,Sales,Not Started
T-4724,Draft audit for legal review,Tara Okonkwo,Done,High,2026-05-14,2026-03-11,2026-04-29,Operations,Done
T-4725,Approve workflow for Q3,Priya Nair,Not Started,High,2026-03-12,2026-01-16,,Engineering,Not Started
T-4726,Coordinate report for Q3,Erik Andersson,In Progress,Medium,2026-05-28,2026-02-22,,Sales,In Progress
T-4727,Migrate training for executive sync,Jordan West,Not Started,Medium,2026-05-28,2026-02-27,,HR,Not Started
T-4728,Decommission integration after incident #47,Priya Nair,Done,Medium,2026-04-29,2026-01-17,2026-04-08,Engineering,Done
T-4729,Validate renewal after incident #47,Lila Zheng,In Progress,High,2026-07-03,2026-04-04,,Product,In Progress
T-4730,Approve migration wrap-up,Devon Reyes,Done,Medium,2026-07-09,2026-03-31,2026-04-16,Operations,Done
T-4731,Decommission spec for legal review,Carlos Vega,In Progress,Critical,2026-04-23,2026-02-03,,Marketing,In Progress
T-4732,Configure training for legal review,Marcus Tate,In Progress,Medium,2026-04-24,2026-03-06,,Sales,In Progress
T-4733,Decommission training for legal review,Sasha Mendel,Not Started,Medium,2026-05-19,2026-02-12,,Security,Not Started
T-4734,Update review Q1,Erik Andersson,Done,Medium,2026-07-04,2026-04-01,2026-04-01,Sales,Done
T-4735,Draft runbook across teams,Maya Iwata,Done,High,2026-06-06,2026-04-08,2026-04-21,Marketing,Done
T-4736,Launch review v2,Jordan Bell,Done,Medium,2026-03-15,2026-02-08,2026-03-08,Engineering,Done
T-4737,Draft checklist wrap-up,Maya Park,Blocked,Medium,2026-05-02,2026-03-22,,Engineering,Blocked
T-4738,Negotiate audit for new hires,Ben Hartley,Not Started,Medium,2026-06-16,2026-04-03,,Product,Not Started
T-4739,Test policy after incident #47,Devon Park,Done,Medium,2026-05-02,2026-02-01,2026-04-05,Security,Done
T-4740,Roll out checklist phase 2,Lila Zheng,Done,Medium,2026-04-16,2026-04-02,2026-04-05,Product,Done
T-4741,Configure audit for partners,Sasha Mendel,In Progress,Medium,2026-07-02,2026-05-02,,Security,In Progress
T-4742,Update rollout kickoff,Sam Khoury,Blocked,Low,2026-03-21,2026-02-16,,Engineering,In Progress
T-4743,Validate policy for executive sync,Devon Reyes,Done,High,2026-03-11,2026-01-06,2026-02-03,Operations,Done
T-4744,Validate workflow for executive sync,Erik Andersson,Done,Low,2026-05-20,2026-03-21,2026-04-18,Sales,In Progress
T-4745,Plan campaign v2,Sasha Mendel,In Progress,Medium,2026-04-14,2026-02-23,,Security,Done
T-4746,Roll out rubric in EU region,Maya Chen,Not Started,Low,2026-02-19,2026-01-28,,Product,Not Started
T-4747,Approve spec for Q3,Ben Hartley,Blocked,Medium,2026-04-12,2026-03-05,,Product,Blocked
T-4748,Document training after incident #47,Lila Zheng,Done,Low,2026-06-07,2026-04-15,2026-04-26,Product,Done
T-4749,Investigate runbook annual,Anita Rao,Not Started,Medium,2026-04-20,2026-04-06,,Finance,Not Started
T-4750,Implement service kickoff,Yumi Tanaka,In Progress,Medium,2026-05-16,2026-02-26,,Sales,Done
T-4751,Decommission playbook for Q3,Erik Andersson,Done,Medium,2026-04-08,2026-02-21,2026-03-28,Sales,Done
T-4752,Coordinate framework in EU region,Maya Iwata,Done,Medium,2026-05-09,2026-02-11,2026-03-21,Marketing,Done
T-4753,Implement report for Q3,Tara Okonkwo,Not Started,Medium,2026-05-10,2026-04-05,,Operations,Not Started
T-4754,Configure rollout for legal review,Nina Patel,Not Started,High,2026-03-29,2026-02-08,,HR,Not Started
T-4755,Update pipeline for legal review,Riley Kim,Not Started,Medium,2026-05-18,2026-03-01,,Marketing,Not Started
T-4756,Roll out migration v2,James Liu,Not Started,Medium,2026-07-27,2026-05-01,,Operations,Not Started
T-4757,Plan pipeline after incident #47,Sasha Mendel,In Progress,High,2026-05-20,2026-02-23,,Security,Not Started
T-4758,Launch audit consolidation,Devon Reyes,Not Started,Medium,2026-04-23,2026-03-08,,Operations,Not Started
T-4759,Configure framework in EU region,Sam Khoury,Done,Low,2026-05-17,2026-03-06,2026-04-12,Engineering,Done
T-4760,Audit runbook in EU region,Devon Park,Done,Medium,2026-04-03,2026-01-25,2026-04-01,Security,Done
T-4761,Document policy for executive sync,Maya Chen,Done,Medium,2026-03-18,2026-03-03,2026-03-28,Product,Done
T-4762,Implement dashboard follow-up,Devon Park,Done,Medium,2026-03-28,2026-03-05,2026-03-24,Security,Done
T-4763,Implement pipeline in EU region,Owen Briggs,In Progress,Medium,2026-06-22,2026-04-22,,HR,In Progress
T-4764,Update spec for executive sync,Riley Kim,Not Started,High,2026-03-25,2026-02-12,,Marketing,Not Started
T-4765,Implement framework Q1,Nina Patel,Done,Medium,2026-05-08,2026-02-28,2026-03-03,HR,Done
T-4766,Coordinate campaign in EU region,Carlos Vega,In Progress,High,2026-04-08,2026-01-07,,Marketing,In Progress
T-4767,Roll out checklist for partners,Maya Iwata,In Progress,High,2026-05-28,2026-02-16,,Marketing,In Progress
T-4768,Launch framework for partners,Wendy Lee,Done,Medium,2026-03-15,2026-01-14,2026-01-16,Finance,Done
T-4769,Review runbook after incident #47,Wendy Lee,Not Started,Medium,2026-05-05,2026-03-11,,Finance,Not Started
T-4770,Plan policy in EU region,James Liu,Not Started,High,2026-02-08,2026-01-21,,Operations,Not Started
T-4771,Onboard report phase 2,Lila Zheng,In Progress,Medium,2026-04-24,2026-02-25,,Product,In Progress
T-4772,Audit audit phase 2,Owen Briggs,In Progress,Medium,2026-05-18,2026-04-20,,HR,In Progress
T-4773,Decommission report for legal review,Owen Briggs,Not Started,High,2026-04-10,2026-03-24,,HR,Not Started
T-4774,Update renewal in EU region,Maya Iwata,Done,High,2026-03-20,2026-01-29,2026-02-28,Marketing,Blocked
T-4775,Roll out campaign kickoff,Priya Nair,Done,Medium,2026-02-15,2026-01-09,2026-02-10,Engineering,Done
T-4776,Onboard migration for new hires,Wendy Lee,In Progress,Medium,2026-04-29,2026-03-05,,Finance,Done
T-4777,Validate renewal across teams,Carlos Vega,Not Started,Medium,2026-05-02,2026-03-02,,Marketing,Not Started
T-4778,Document framework consolidation,Sam Khoury,In Progress,Medium,2026-05-24,2026-04-08,,Engineering,In Progress
T-4779,Launch checklist for partners,Riley Kim,Done,High,2026-05-19,2026-04-02,2026-04-02,Marketing,Done
T-4780,Plan runbook wrap-up,Cara Singh,Done,Low,2026-07-12,2026-04-21,2026-05-01,Product,Done
T-4781,Approve integration consolidation,Owen Briggs,Not Started,Medium,2026-02-10,2026-01-13,,HR,Not Started
T-4782,Validate rollout wrap-up,Nina Patel,Done,Medium,2026-06-18,2026-04-25,2026-04-30,HR,Done
T-4783,Implement policy for partners,Sam Khoury,In Progress,High,2026-02-03,2026-01-13,,Engineering,In Progress
T-4784,Test campaign phase 2,Ben Hartley,Not Started,Medium,2026-06-19,2026-04-01,,Product,Not Started
T-4785,Plan renewal consolidation,Riley Kim,In Progress,Medium,2026-03-29,2026-03-04,,Marketing,In Progress
T-4786,Implement runbook Q1,Riley Kim,Not Started,Medium,2026-06-09,2026-03-30,,Marketing,Not Started
T-4787,Implement spec for legal review,Priya Nair,Done,High,2026-05-11,2026-02-20,2026-02-25,Engineering,Done
T-4788,Validate integration for Q3,Lila Zheng,Not Started,Medium,2026-06-18,2026-04-28,,Product,Not Started
T-4789,Document rollout wrap-up,Alex Wang,Done,Medium,2026-07-28,2026-04-19,2026-04-25,Engineering,Done
T-4790,Roll out migration Q1,Nina Patel,In Progress,Low,2026-06-18,2026-03-10,,HR,Not Started
T-4791,Configure spec Q1,Maya Chen,In Progress,Low,2026-04-30,2026-02-05,,Product,In Progress
T-4792,Plan pipeline kickoff,Sasha Mendel,In Progress,Low,2026-03-22,2026-03-01,,Security,Not Started
T-4793,Approve report phase 2,Ben Hartley,In Progress,Low,2026-05-02,2026-03-16,,Product,In Progress
T-4794,Approve dashboard after incident #47,Lila Zheng,Done,Low,2026-02-25,2026-01-27,2026-02-14,Product,Done
T-4795,Negotiate migration across teams,Devon Park,Not Started,Medium,2026-05-28,2026-03-24,,Security,Not Started
T-4796,Launch rollout across teams,Sasha Mendel,In Progress,Medium,2026-05-24,2026-04-22,,Security,In Progress
T-4797,Coordinate audit for new hires,Devon Reyes,Blocked,High,2026-03-03,2026-02-08,,Operations,Blocked
T-4798,Configure migration annual,Anita Rao,In Progress,Low,2026-04-18,2026-02-01,,Finance,In Progress
T-4799,Review audit phase 2,Priya Nair,Done,Low,2026-06-24,2026-04-09,2026-04-12,Engineering,In Progress
T-4800,Plan checklist consolidation,Cara Singh,Not Started,Medium,2026-04-16,2026-03-21,,Product,Not Started
T-4801,Review pipeline follow-up,Yumi Tanaka,Not Started,Medium,2026-06-30,2026-03-27,,Sales,Not Started
T-4802,Plan rollout in EU region,Carlos Vega,In Progress,Medium,2026-05-06,2026-04-05,,Marketing,In Progress
T-4803,Test workflow Q1,Maya Park,Not Started,Low,2026-05-02,2026-03-02,,Engineering,Not Started
T-4804,Investigate integration kickoff,Jordan West,In Progress,Low,2026-04-23,2026-02-05,,HR,In Progress
T-4805,Coordinate service kickoff,Devon Reyes,In Progress,Medium,2026-04-22,2026-03-21,,Operations,In Progress
T-4806,Audit rollout for executive sync,Sam Khoury,In Progress,High,2026-05-06,2026-04-07,,Engineering,In Progress
T-4807,Roll out migration kickoff,Devon Reyes,Not Started,High,2026-01-23,2026-01-07,,Operations,Not Started
T-4808,Review rubric Q1,Sam Khoury,Not Started,Low,2026-07-17,2026-04-18,,Engineering,Not Started
T-4809,Approve checklist across teams,Carlos Vega,Done,High,2026-05-13,2026-02-09,2026-03-21,Marketing,Done
T-4810,Migrate campaign wrap-up,Priya Nair,Blocked,Low,2026-02-01,2026-01-10,,Engineering,Blocked
T-4811,Coordinate service phase 2,Riley Kim,In Progress,Medium,2026-01-29,2026-01-09,,Marketing,Not Started
T-4812,Roll out rubric for partners,Maya Iwata,Not Started,High,2026-06-04,2026-03-25,,Marketing,Not Started
T-4813,Migrate training after incident #47,Wendy Lee,Not Started,High,2026-04-10,2026-03-10,,Finance,Not Started
T-4814,Audit rubric after incident #47,Wendy Lee,Done,High,2026-06-22,2026-04-18,2026-04-24,Finance,Done
T-4815,Configure renewal Q1,Carlos Vega,Not Started,Medium,2026-06-14,2026-04-14,,Marketing,Not Started
T-4816,Test playbook for legal review,Devon Park,Not Started,High,2026-04-11,2026-03-24,,Security,Not Started
T-4817,Plan rollout across teams,Devon Reyes,Not Started,High,2026-05-07,2026-04-08,,Operations,Not Started
T-4818,Plan review after incident #47,Devon Park,Done,Medium,2026-03-20,2026-02-16,2026-02-22,Security,Done
T-4819,Configure migration Q1,Alex Wang,In Progress,Medium,2026-04-22,2026-03-02,,Engineering,In Progress
T-4820,Investigate migration after incident #47,Marcus Tate,Not Started,High,2026-03-17,2026-01-03,,Sales,Not Started
T-4821,Coordinate campaign wrap-up,Carlos Vega,Not Started,Critical,2026-05-18,2026-04-12,,Marketing,Not Started
T-4822,Validate runbook annual,Nina Patel,Blocked,High,2026-07-20,2026-04-10,,HR,Blocked
T-4823,Approve training across teams,Jordan Bell,Done,Low,2026-06-18,2026-03-11,2026-03-27,Engineering,Done
T-4824,Migrate framework after incident #47,Owen Briggs,Done,High,2026-06-15,2026-04-21,2026-04-29,HR,Done
T-4825,Draft framework for Q3,Wendy Lee,In Progress,Medium,2026-03-19,2026-01-19,,Finance,In Progress
T-4826,Plan dashboard in EU region,James Liu,Done,Low,2026-05-27,2026-02-28,2026-03-25,Operations,Done
T-4827,Negotiate campaign kickoff,Maya Iwata,Not Started,High,2026-05-01,2026-03-14,,Marketing,Not Started
T-4828,Plan migration for legal review,Devon Reyes,Done,Low,2026-02-06,2026-01-12,2026-02-11,Operations,Done
T-4829,Document workflow for partners,Lila Zheng,Not Started,Medium,2026-06-09,2026-03-28,,Product,Not Started
T-4830,Onboard framework for executive sync,Wendy Lee,In Progress,Medium,2026-04-27,2026-01-19,,Finance,Not Started
T-4831,Optimize rollout consolidation,Devon Park,Not Started,Medium,2026-02-28,2026-01-21,,Security,Not Started
T-4832,Review runbook for new hires,Sasha Mendel,Blocked,Medium,2026-04-19,2026-01-09,,Security,Blocked
T-4833,Investigate campaign across teams,Cara Singh,Done,Medium,2026-05-09,2026-02-02,2026-04-11,Product,Blocked
T-4834,Audit migration for partners,Maya Iwata,Blocked,Low,2026-03-21,2026-03-06,,Marketing,Blocked
T-4835,Draft pipeline after incident #47,Priya Nair,Done,High,2026-07-11,2026-04-30,2026-05-02,Engineering,Done
T-4836,Coordinate renewal for new hires,Marcus Tate,In Progress,High,2026-05-06,2026-01-23,,Sales,In Progress
T-4837,Coordinate rubric for new hires,Anita Rao,Done,Low,2026-05-31,2026-03-31,2026-04-22,Finance,Done
T-4838,Review rollout annual,Nina Patel,Done,Medium,2026-02-12,2026-01-18,2026-03-12,HR,Done
T-4839,Investigate audit for Q3,Jordan Bell,Done,Medium,2026-07-25,2026-04-26,2026-04-26,Engineering,Done
T-4840,Draft review v2,Riley Kim,In Progress,Medium,2026-04-19,2026-03-03,,Marketing,In Progress
T-4841,Audit spec for new hires,Sasha Mendel,Not Started,Medium,2026-05-01,2026-02-10,,Security,Not Started
T-4842,Investigate policy across teams,Ben Hartley,In Progress,Medium,2026-03-21,2026-01-23,,Product,In Progress
T-4843,Approve service for partners,Erik Andersson,Done,Medium,2026-05-26,2026-03-04,2026-04-13,Sales,In Progress
T-4844,Document runbook for legal review,Anita Rao,In Progress,High,2026-06-12,2026-04-25,,Finance,In Progress
T-4845,Audit dashboard kickoff,Anita Rao,Not Started,Medium,2026-03-29,2026-02-08,,Finance,Not Started
T-4846,Migrate campaign for executive sync,Maya Chen,Done,Medium,2026-03-27,2026-01-03,2026-01-17,Product,Done
T-4847,Roll out campaign for executive sync,Riley Kim,Blocked,Medium,2026-04-10,2026-02-07,,Marketing,Blocked
T-4848,Update training Q1,Lila Zheng,Blocked,Medium,2026-04-14,2026-01-06,,Product,Blocked
T-4849,Implement migration v2,Marcus Tate,Blocked,Low,2026-05-07,2026-02-05,,Sales,Blocked
T-4850,Approve renewal in EU region,Wendy Lee,In Progress,Low,2026-05-07,2026-02-12,,Finance,In Progress
T-4851,Approve review across teams,Maya Iwata,Blocked,Medium,2026-07-12,2026-04-05,,Marketing,Blocked
T-4852,Roll out migration after incident #47,Wendy Lee,Done,Low,2026-05-07,2026-02-20,2026-02-23,Finance,Done
T-4853,Test campaign for partners,James Liu,In Progress,Medium,2026-03-06,2026-02-01,,Operations,In Progress
T-4854,Launch report for Q3,Sam Khoury,Not Started,Medium,2026-05-04,2026-04-12,,Engineering,Not Started
T-4855,Update checklist across teams,Jordan West,Not Started,Low,2026-03-27,2026-01-07,,HR,Not Started
T-4856,Refactor rollout wrap-up,Anita Rao,Not Started,Low,2026-07-05,2026-03-26,,Finance,Not Started
T-4857,Implement rollout Q1,Devon Park,Not Started,High,2026-02-19,2026-01-19,,Security,Not Started
T-4858,Document rollout across teams,Ben Hartley,Done,Medium,2026-05-11,2026-02-24,2026-03-13,Product,Done
T-4859,Update rubric wrap-up,Jordan West,Done,Medium,2026-06-05,2026-03-20,2026-04-28,HR,Done
T-4860,Decommission spec consolidation,Anita Rao,Done,Medium,2026-04-02,2026-02-23,2026-03-28,Finance,Done
T-4861,Plan service consolidation,Tara Okonkwo,Not Started,Medium,2026-06-13,2026-03-21,,Operations,Not Started
T-4862,Launch policy follow-up,Yumi Tanaka,Done,High,2026-03-22,2026-02-09,2026-03-07,Sales,Done
T-4863,Draft runbook phase 2,Carlos Vega,Not Started,High,2026-05-26,2026-04-09,,Marketing,Not Started
T-4864,Document dashboard phase 2,Erik Andersson,In Progress,Critical,2026-05-02,2026-02-18,,Sales,Done
T-4865,Update renewal across teams,Yumi Tanaka,Not Started,Medium,2026-03-14,2026-01-21,,Sales,Not Started
T-4866,Validate dashboard v2,Yumi Tanaka,Done,Medium,2026-03-01,2026-01-05,2026-04-25,Sales,Done
T-4867,Validate policy for Q3,Carlos Vega,Not Started,Medium,2026-06-01,2026-04-02,,Marketing,Not Started
T-4868,Negotiate rollout across teams,Tara Okonkwo,Done,Medium,2026-05-26,2026-04-19,2026-04-29,Operations,Done
T-4869,Negotiate report Q1,Marcus Tate,Done,Medium,2026-04-11,2026-02-17,2026-04-07,Sales,Blocked
T-4870,Migrate rollout in EU region,Maya Chen,In Progress,Medium,2026-05-03,2026-02-19,,Product,In Progress
T-4871,Refactor dashboard annual,Jordan West,Not Started,Medium,2026-05-20,2026-02-22,,HR,Not Started
T-4872,Coordinate report across teams,Tara Okonkwo,In Progress,High,2026-05-17,2026-02-21,,Operations,In Progress
T-4873,Approve pipeline consolidation,Anita Rao,Done,Low,2026-03-21,2026-02-21,2026-03-07,Finance,Done
T-4874,Negotiate policy for executive sync,Devon Reyes,Done,Medium,2026-02-19,2026-01-13,2026-02-28,Operations,Done
T-4875,Launch renewal follow-up,Marcus Tate,Done,Medium,2026-03-01,2026-02-15,2026-04-29,Sales,Done
T-4876,Validate policy after incident #47,Alex Wang,Done,High,2026-05-02,2026-04-16,2026-05-01,Engineering,Done
T-4877,Approve renewal for executive sync,Wendy Lee,Done,Medium,2026-04-13,2026-03-13,2026-03-17,Finance,Done
T-4878,Document review Q1,Carlos Vega,In Progress,High,2026-04-06,2026-03-13,,Marketing,In Progress
T-4879,Roll out rubric Q1,Lila Zheng,Not Started,Medium,2026-04-23,2026-01-26,,Product,Not Started
T-4880,Plan report consolidation,Jordan Bell,In Progress,Medium,2026-06-23,2026-04-07,,Engineering,Not Started
T-4881,Coordinate workflow follow-up,Sasha Mendel,Done,Critical,2026-03-17,2026-02-25,2026-03-04,Security,Blocked
T-4882,Configure review annual,Jordan West,Not Started,Medium,2026-04-30,2026-02-04,,HR,Not Started
T-4883,Update rollout v2,Ben Hartley,In Progress,Medium,2026-05-11,2026-02-19,,Product,In Progress
T-4884,Roll out report in EU region,Riley Kim,In Progress,Medium,2026-05-17,2026-03-24,,Marketing,In Progress
T-4885,Negotiate campaign in EU region,Maya Iwata,In Progress,High,2026-04-09,2026-02-20,,Marketing,Not Started
T-4886,Update policy after incident #47,Nina Patel,Done,Medium,2026-02-22,2026-01-30,2026-03-20,HR,Done
T-4887,Draft framework kickoff,Riley Kim,In Progress,Medium,2026-06-02,2026-02-21,,Marketing,In Progress
T-4888,Plan playbook v2,Sasha Mendel,In Progress,Low,2026-06-02,2026-03-09,,Security,In Progress
T-4889,Audit migration Q1,Devon Reyes,Done,Medium,2026-04-26,2026-03-16,2026-03-31,Operations,Done
T-4890,Onboard playbook across teams,Anita Rao,Not Started,Medium,2026-04-12,2026-03-20,,Finance,Not Started
T-4891,Plan policy across teams,Sasha Mendel,In Progress,High,2026-07-01,2026-05-01,,Security,In Progress
T-4892,Onboard integration for new hires,Maya Chen,In Progress,Medium,2026-04-06,2026-01-22,,Product,Not Started
T-4893,Migrate dashboard wrap-up,Owen Briggs,In Progress,Medium,2026-06-11,2026-03-10,,HR,In Progress
T-4894,Investigate policy for legal review,Yumi Tanaka,In Progress,Medium,2026-04-15,2026-03-11,,Sales,In Progress
T-4895,Migrate rubric across teams,Sasha Mendel,In Progress,Medium,2026-05-24,2026-04-20,,Security,In Progress
T-4896,Draft campaign for partners,Marcus Tate,In Progress,Low,2026-07-14,2026-04-16,,Sales,In Progress
T-4897,Investigate rollout in EU region,Devon Reyes,Done,Medium,2026-03-23,2026-01-30,2026-03-23,Operations,Done
T-4898,Launch playbook annual,Wendy Lee,Blocked,Medium,2026-07-04,2026-03-25,,Finance,Blocked
T-4899,Draft migration annual,Ben Hartley,Not Started,Medium,2026-03-19,2026-01-16,,Product,Not Started
T-4900,Roll out campaign annual,Devon Reyes,Not Started,Critical,2026-07-06,2026-04-05,,Operations,Not Started
T-4901,Implement migration phase 2,Sasha Mendel,Blocked,Medium,2026-05-05,2026-04-09,,Security,Blocked
T-4902,Decommission dashboard for executive sync,Marcus Tate,In Progress,High,2026-05-18,2026-03-24,,Sales,In Progress
T-4903,Validate training for executive sync,Devon Reyes,Blocked,Low,2026-05-09,2026-04-11,,Operations,In Progress
T-4904,Document report in EU region,Devon Reyes,Done,Medium,2026-04-21,2026-02-28,2026-04-09,Operations,Blocked
T-4905,Decommission renewal for new hires,Lila Zheng,In Progress,Low,2026-05-27,2026-04-21,,Product,In Progress
T-4906,Approve policy after incident #47,Riley Kim,Done,Medium,2026-05-17,2026-04-06,2026-04-16,Marketing,Blocked
T-4907,Coordinate campaign for Q3,Jordan West,In Progress,High,2026-06-15,2026-03-30,,HR,In Progress
T-4908,Coordinate dashboard follow-up,Nina Patel,In Progress,Medium,2026-03-19,2026-01-17,,HR,In Progress
T-4909,Migrate rubric for partners,Riley Kim,Done,Medium,2026-04-11,2026-03-06,2026-04-03,Marketing,Done
T-4910,Approve playbook in EU region,Yumi Tanaka,In Progress,Medium,2026-04-15,2026-02-20,,Sales,In Progress
T-4911,Review checklist for executive sync,Sasha Mendel,In Progress,Low,2026-02-25,2026-01-14,,Security,Done
T-4912,Onboard rollout Q1,Wendy Lee,Not Started,Low,2026-06-26,2026-04-27,,Finance,Not Started
T-4913,Coordinate spec Q1,Maya Iwata,Not Started,High,2026-04-18,2026-01-24,,Marketing,Not Started
T-4914,Launch training kickoff,Carlos Vega,Not Started,Medium,2026-04-06,2026-02-28,,Marketing,Not Started
T-4915,Document workflow after incident #47,Sasha Mendel,In Progress,Medium,2026-04-21,2026-03-01,,Security,In Progress
T-4916,Decommission workflow for new hires,Yumi Tanaka,In Progress,High,2026-04-19,2026-03-16,,Sales,In Progress
T-4917,Decommission rubric across teams,Erik Andersson,In Progress,High,2026-01-23,2026-01-06,,Sales,In Progress
T-4918,Onboard playbook follow-up,Erik Andersson,Blocked,Low,2026-05-10,2026-04-11,,Sales,Blocked
T-4919,Launch pipeline annual,Riley Kim,Done,Low,2026-05-08,2026-02-17,2026-04-01,Marketing,Done
T-4920,Optimize renewal for new hires,Anita Rao,Done,Medium,2026-04-26,2026-03-31,2026-04-18,Finance,Done
T-4921,Onboard integration follow-up,Wendy Lee,Done,Medium,2026-05-19,2026-03-15,2026-03-24,Finance,Done
T-4922,Validate report across teams,Sasha Mendel,Done,Medium,2026-02-18,2026-02-02,2026-03-23,Security,Done
T-4923,Configure policy for executive sync,Devon Reyes,Blocked,High,2026-06-03,2026-04-10,,Operations,Blocked
T-4924,Configure migration Q1,Jordan West,Not Started,Medium,2026-04-26,2026-02-27,,HR,Not Started
T-4925,Test campaign for new hires,Erik Andersson,Blocked,High,2026-02-27,2026-02-08,,Sales,Blocked
T-4926,Investigate spec across teams,Maya Iwata,Not Started,Medium,2026-03-23,2026-01-13,,Marketing,Not Started
T-4927,Document spec for executive sync,Jordan West,Not Started,Low,2026-07-11,2026-04-15,,HR,Not Started
T-4928,Launch workflow follow-up,Anita Rao,Not Started,High,2026-06-03,2026-04-15,,Finance,Not Started
T-4929,Update checklist consolidation,Devon Reyes,In Progress,Medium,2026-06-13,2026-03-16,,Operations,In Progress
T-4930,Draft workflow v2,Lila Zheng,Not Started,Medium,2026-04-27,2026-01-17,,Product,Not Started
T-4931,Implement workflow for executive sync,Maya Chen,Done,Medium,2026-07-16,2026-04-06,2026-04-30,Product,Done
T-4932,Plan audit for partners,Anita Rao,Not Started,High,2026-04-19,2026-01-11,,Finance,Not Started
T-4933,Audit service v2,Riley Kim,In Progress,Medium,2026-04-30,2026-03-14,,Marketing,In Progress
T-4934,Configure renewal for legal review,James Liu,Blocked,Medium,2026-04-22,2026-03-04,,Operations,Blocked
T-4935,Negotiate checklist after incident #47,Erik Andersson,Done,High,2026-04-15,2026-01-31,2026-04-24,Sales,Done
T-4936,Configure framework across teams,Marcus Tate,Done,Medium,2026-03-16,2026-01-29,2026-04-04,Sales,Done
T-4937,Approve migration Q1,Yumi Tanaka,In Progress,Medium,2026-06-21,2026-04-13,,Sales,In Progress
T-4938,Onboard spec for new hires,Anita Rao,Done,Medium,2026-06-07,2026-04-01,2026-04-02,Finance,Done
T-4939,Launch workflow for Q3,Wendy Lee,Not Started,Critical,2026-03-25,2026-02-24,,Finance,Not Started
T-4940,Update report phase 2,Devon Park,Done,High,2026-03-16,2026-01-27,2026-02-10,Security,In Progress
T-4941,Approve dashboard Q1,Owen Briggs,Not Started,High,2026-07-03,2026-04-11,,HR,Not Started
T-4942,Audit pipeline for legal review,Wendy Lee,Done,Low,2026-06-16,2026-04-12,2026-05-02,Finance,Done
T-4943,Roll out review wrap-up,Sasha Mendel,Not Started,High,2026-04-19,2026-02-19,,Security,Not Started
T-4944,Negotiate policy in EU region,Devon Park,In Progress,High,2026-03-02,2026-01-29,,Security,In Progress
T-4945,Plan framework v2,Maya Iwata,Not Started,High,2026-06-25,2026-04-05,,Marketing,Not Started
T-4946,Migrate service after incident #47,Erik Andersson,In Progress,Medium,2026-03-12,2026-01-12,,Sales,In Progress
T-4947,Update review across teams,Maya Iwata,Not Started,Medium,2026-04-23,2026-01-30,,Marketing,Not Started
T-4948,Validate rollout Q1,Anita Rao,Done,Low,2026-05-10,2026-01-31,2026-03-30,Finance,Done
T-4949,Document pipeline v2,Lila Zheng,Not Started,Medium,2026-04-04,2026-01-08,,Product,Not Started
T-4950,Onboard playbook Q1,Nina Patel,Blocked,High,2026-03-18,2026-01-17,,HR,Blocked
T-4951,Draft renewal wrap-up,Marcus Tate,Done,Medium,2026-05-28,2026-02-18,2026-02-19,Sales,Blocked
T-4952,Optimize service for executive sync,Riley Kim,In Progress,High,2026-04-16,2026-03-01,,Marketing,In Progress
T-4953,Migrate framework for Q3,Devon Reyes,Blocked,High,2026-04-29,2026-04-11,,Operations,Blocked
T-4954,Review renewal follow-up,Jordan West,In Progress,Medium,2026-06-23,2026-03-26,,HR,Done
T-4955,Update integration Q1,Erik Andersson,In Progress,Low,2026-04-12,2026-01-28,,Sales,In Progress
T-4956,Decommission playbook for executive sync,Riley Kim,In Progress,Medium,2026-07-14,2026-04-22,,Marketing,In Progress
T-4957,Launch framework phase 2,Devon Park,In Progress,Medium,2026-04-15,2026-02-20,,Security,In Progress
T-4958,Migrate campaign for legal review,Tara Okonkwo,Done,Medium,2026-04-28,2026-04-04,2026-04-27,Operations,In Progress
T-4959,Draft service annual,Erik Andersson,In Progress,Low,2026-06-21,2026-03-24,,Sales,In Progress
T-4960,Approve report Q1,Devon Park,Done,High,2026-07-01,2026-05-01,2026-05-02,Security,Done
T-4961,Plan report in EU region,Anita Rao,In Progress,Medium,2026-05-05,2026-03-07,,Finance,In Progress
T-4962,Implement audit annual,Erik Andersson,Not Started,High,2026-03-19,2026-01-12,,Sales,Not Started
T-4963,Review rubric for partners,Lila Zheng,Not Started,Medium,2026-03-07,2026-01-25,,Product,Not Started
T-4964,Refactor review phase 2,Wendy Lee,Done,High,2026-02-28,2026-01-25,2026-02-21,Finance,Done
T-4965,Investigate playbook in EU region,Wendy Lee,Done,High,2026-04-12,2026-02-04,2026-04-03,Finance,Done
T-4966,Optimize rollout for Q3,Priya Nair,Not Started,High,2026-06-13,2026-03-08,,Engineering,Not Started
T-4967,Review migration kickoff,Nina Patel,Blocked,Medium,2026-02-11,2026-01-18,,HR,Blocked
T-4968,Update framework across teams,Yumi Tanaka,In Progress,Medium,2026-04-16,2026-01-10,,Sales,In Progress
T-4969,Update service wrap-up,Sasha Mendel,Done,High,2026-03-11,2026-01-18,2026-02-16,Security,Done
T-4970,Implement renewal for Q3,Wendy Lee,Not Started,Medium,2026-06-17,2026-04-11,,Finance,Not Started
T-4971,Investigate framework v2,Maya Iwata,In Progress,Medium,2026-05-07,2026-03-25,,Marketing,Done
T-4972,Decommission campaign Q1,Devon Reyes,Done,High,2026-05-03,2026-03-25,2026-04-21,Operations,Done
T-4973,Audit campaign wrap-up,Devon Park,In Progress,Medium,2026-05-23,2026-04-15,,Security,In Progress
T-4974,Approve spec in EU region,Jordan West,Done,Medium,2026-06-10,2026-03-16,2026-03-16,HR,Done
T-4975,Plan migration for Q3,Carlos Vega,Done,Medium,2026-04-13,2026-02-11,2026-03-09,Marketing,Done
T-4976,Update integration phase 2,Sam Khoury,In Progress,Medium,2026-04-27,2026-02-07,,Engineering,Not Started
T-4977,Implement runbook for partners,Yumi Tanaka,In Progress,High,2026-05-07,2026-04-21,,Sales,In Progress
T-4978,Coordinate service Q1,Maya Iwata,Done,Medium,2026-05-25,2026-04-15,2026-04-27,Marketing,Done
T-4979,Migrate rollout for executive sync,Riley Kim,Done,High,2026-04-20,2026-03-16,2026-04-14,Marketing,In Progress
T-4980,Implement migration wrap-up,Riley Kim,Blocked,Medium,2026-05-27,2026-04-12,,Marketing,Blocked
T-4981,Decommission runbook Q1,Maya Iwata,Not Started,Medium,2026-06-21,2026-04-01,,Marketing,Not Started
T-4982,Document migration annual,Anita Rao,In Progress,Medium,2026-07-03,2026-03-31,,Finance,In Progress
T-4983,Decommission dashboard wrap-up,Ben Hartley,In Progress,Medium,2026-05-07,2026-01-27,,Product,In Progress
T-4984,Plan service for new hires,Sam Khoury,Done,Medium,2026-05-24,2026-02-23,2026-04-27,Engineering,Done
T-4985,Review rollout Q1,Jordan West,Done,Medium,2026-03-28,2026-01-12,2026-02-17,HR,Done
T-4986,Validate campaign follow-up,Tara Okonkwo,In Progress,High,2026-07-09,2026-04-09,,Operations,In Progress
T-4987,Approve service after incident #47,Marcus Tate,In Progress,Low,2026-02-03,2026-01-15,,Sales,In Progress
T-4988,Test service annual,Sam Khoury,In Progress,Medium,2026-03-17,2026-01-31,,Engineering,Done
T-4989,Audit rubric annual,Yumi Tanaka,In Progress,Medium,2026-04-24,2026-02-03,,Sales,Not Started
T-4990,Approve migration for new hires,Devon Park,Done,Low,2026-05-30,2026-03-12,2026-03-27,Security,Blocked
T-4991,Decommission campaign phase 2,Yumi Tanaka,Done,Low,2026-07-17,2026-04-19,2026-04-22,Sales,Blocked
T-4992,Implement rollout for Q3,Devon Park,Not Started,Medium,2026-04-15,2026-01-22,,Security,Not Started
T-4993,Investigate framework annual,Erik Andersson,Done,High,2026-05-02,2026-02-22,2026-03-26,Sales,Done
T-4994,Launch runbook kickoff,Sasha Mendel,In Progress,Medium,2026-04-30,2026-03-11,,Security,In Progress
T-4995,Onboard policy for Q3,Priya Nair,Done,Medium,2026-05-08,2026-03-04,2026-03-19,Engineering,Done
T-4996,Investigate audit in EU region,Nina Patel,Done,Medium,2026-07-04,2026-04-28,2026-04-28,HR,Done
T-4997,Migrate service after incident #47,Nina Patel,Not Started,Medium,2026-03-31,2026-02-25,,HR,Not Started
T-4998,Roll out service in EU region,Anita Rao,In Progress,High,2026-04-12,2026-02-26,,Finance,In Progress
T-4999,Roll out playbook in EU region,Sasha Mendel,Not Started,Medium,2026-07-19,2026-04-21,,Security,Not Started
T-5000,Coordinate migration phase 2,Devon Park,Blocked,Medium,2026-05-11,2026-02-12,,Security,Blocked
